evidence_id,event_id,source_year,source_file,source_sha256,pdf_page,printed_page,evidence_kind,anchor_text,evidence_summary
EVID_NNFL_2016_001_01,NNFL_2016_001,2016,Task_19/data/raw/bulletins/2016年广西水旱灾害公报.pdf,3a92739690880cd1b6e58cb86aed497e90b08630fd790453db4548f909af0eb2,19,15,text,南宁市、柳州、桂林、梧州、贺州、河池、来宾等 7 个市,公报将南宁市列入5月3日至9日受灾城市。
EVID_NNFL_2016_002_01,NNFL_2016_002,2016,Task_19/data/raw/bulletins/2016年广西水旱灾害公报.pdf,3a92739690880cd1b6e58cb86aed497e90b08630fd790453db4548f909af0eb2,20,16,text,6 月中旬暴雨洪涝灾害,公报将南宁列入6月10日至16日受灾城市。
EVID_NNFL_2016_003_01,NNFL_2016_003,2016,Task_19/data/raw/bulletins/2016年广西水旱灾害公报.pdf,3a92739690880cd1b6e58cb86aed497e90b08630fd790453db4548f909af0eb2,18,14,table,1603 银河,台风表将南宁列为银河主要影响致灾区域。
EVID_NNFL_2016_004_01,NNFL_2016_004,2016,Task_19/data/raw/bulletins/2016年广西水旱灾害公报.pdf,3a92739690880cd1b6e58cb86aed497e90b08630fd790453db4548f909af0eb2,18,14,table,1604 妮妲,台风表将南宁列为妮妲主要影响致灾区域。
EVID_NNFL_2016_005_01,NNFL_2016_005,2016,Task_19/data/raw/bulletins/2016年广西水旱灾害公报.pdf,3a92739690880cd1b6e58cb86aed497e90b08630fd790453db4548f909af0eb2,18,14,table,1621 莎莉嘉,台风表将南宁列为莎莉嘉主要影响致灾区域。
EVID_NNFL_2017_001_01,NNFL_2017_001,2017,Task_19/data/raw/bulletins/2017年广西水旱灾害公报.pdf,dfc5abadf9ba353343a732c7aef9ea720982959d8ca09dabf9893805cb272247,19,14,table,1702 苗柏,台风表将南宁列为苗柏主要受灾区域。
EVID_NNFL_2017_002_01,NNFL_2017_002,2017,Task_19/data/raw/bulletins/2017年广西水旱灾害公报.pdf,dfc5abadf9ba353343a732c7aef9ea720982959d8ca09dabf9893805cb272247,22,17,text,8 月中旬暴雨洪涝灾害,公报将南宁列入8月9日至16日受灾城市。
EVID_NNFL_2017_003_01,NNFL_2017_003,2017,Task_19/data/raw/bulletins/2017年广西水旱灾害公报.pdf,dfc5abadf9ba353343a732c7aef9ea720982959d8ca09dabf9893805cb272247,23,18,text,南宁市良庆区南晓镇 317 毫米,天鸽过程中南宁被列入受灾城市，南晓镇为最大降雨点。
EVID_NNFL_2017_003_02,NNFL_2017_003,2017,Task_19/data/raw/bulletins/2017年广西水旱灾害公报.pdf,dfc5abadf9ba353343a732c7aef9ea720982959d8ca09dabf9893805cb272247,37,32,text,良庆区南晓镇山洪灾害防御,公报专题记载南晓镇街道和村庄被淹、人员转移。
EVID_NNFL_2017_004_01,NNFL_2017_004,2017,Task_19/data/raw/bulletins/2017年广西水旱灾害公报.pdf,dfc5abadf9ba353343a732c7aef9ea720982959d8ca09dabf9893805cb272247,19,14,table,1714 帕卡,台风表将南宁列为帕卡主要受灾区域。
EVID_NNFL_2017_005_01,NNFL_2017_005,2017,Task_19/data/raw/bulletins/2017年广西水旱灾害公报.pdf,dfc5abadf9ba353343a732c7aef9ea720982959d8ca09dabf9893805cb272247,19,14,table,1720 卡努,台风表将南宁列为卡努主要受灾区域。
EVID_NNFL_2018_001_01,NNFL_2018_001,2018,Task_19/data/raw/bulletins/2018年广西水旱灾害公报.pdf,f2b7674212fbbc9f3246a32844af6e97737da9b750d52e8b07182a21f0287bf3,18,14,text,5 月上旬玉林等地暴雨洪涝灾害,公报将南宁列入5月7日至11日受灾城市。
EVID_NNFL_2018_002_01,NNFL_2018_002,2018,Task_19/data/raw/bulletins/2018年广西水旱灾害公报.pdf,f2b7674212fbbc9f3246a32844af6e97737da9b750d52e8b07182a21f0287bf3,18,14,text,6 月下旬防城港等地暴雨洪涝灾害,公报将南宁列入受灾城市，并记载邕宁区河段超警。
EVID_NNFL_2018_003_01,NNFL_2018_003,2018,Task_19/data/raw/bulletins/2018年广西水旱灾害公报.pdf,f2b7674212fbbc9f3246a32844af6e97737da9b750d52e8b07182a21f0287bf3,17,13,table,201809 山神,台风表将南宁列为山神主要影响区域。
EVID_NNFL_2018_004_01,NNFL_2018_004,2018,Task_19/data/raw/bulletins/2018年广西水旱灾害公报.pdf,f2b7674212fbbc9f3246a32844af6e97737da9b750d52e8b07182a21f0287bf3,17,13,table,201816 贝碧嘉,台风表将南宁列为贝碧嘉主要影响区域。
EVID_NNFL_2018_005_01,NNFL_2018_005,2018,Task_19/data/raw/bulletins/2018年广西水旱灾害公报.pdf,f2b7674212fbbc9f3246a32844af6e97737da9b750d52e8b07182a21f0287bf3,19,15,text,8 月下旬南宁等地暴雨洪涝灾害,公报将南宁列入8月28日至9月3日受灾城市。
EVID_NNFL_2018_006_01,NNFL_2018_006,2018,Task_19/data/raw/bulletins/2018年广西水旱灾害公报.pdf,f2b7674212fbbc9f3246a32844af6e97737da9b750d52e8b07182a21f0287bf3,19,15,text,201822 号强台风“山竹”灾害,公报将南宁列入山竹过程受灾城市。
EVID_NNFL_2019_001_01,NNFL_2019_001,2019,Task_19/data/raw/bulletins/2019年广西水旱灾害公报.pdf,534a0adadbbace47c67c657983e7b7fad1ab852e36ef11d65f94e75fd98fb5b0,17,12,table,201907 韦帕,台风表将南宁列为韦帕主要影响区域。
EVID_NNFL_2019_002_01,NNFL_2019_002,2019,Task_19/data/raw/bulletins/2019年广西水旱灾害公报.pdf,534a0adadbbace47c67c657983e7b7fad1ab852e36ef11d65f94e75fd98fb5b0,17,12,table,201912 杨柳,台风表将南宁列为杨柳主要影响区域。
EVID_NNFL_2020_001_01,NNFL_2020_001,2020,Task_19/data/raw/bulletins/2020年广西水旱灾害公报.pdf,04da8cb5e782ea610c26a840bb4c5b5d290eec3770fa5e58bbca135cbda9e66b,19,15,text,北海、百色、南宁、贵港等 10 市,灾情段明确将南宁列入5月29日至6月10日受灾城市。
EVID_NNFL_2020_002_01,NNFL_2020_002,2020,Task_19/data/raw/bulletins/2020年广西水旱灾害公报.pdf,04da8cb5e782ea610c26a840bb4c5b5d290eec3770fa5e58bbca135cbda9e66b,14,10,table,202003 森拉克,台风表将南宁列为森拉克主要影响区域。
EVID_NNFL_2020_003_01,NNFL_2020_003,2020,Task_19/data/raw/bulletins/2020年广西水旱灾害公报.pdf,04da8cb5e782ea610c26a840bb4c5b5d290eec3770fa5e58bbca135cbda9e66b,14,10,table,202007 海高斯,台风表记载南宁有大暴雨乡镇。
EVID_NNFL_2020_004_01,NNFL_2020_004,2020,Task_19/data/raw/bulletins/2020年广西水旱灾害公报.pdf,04da8cb5e782ea610c26a840bb4c5b5d290eec3770fa5e58bbca135cbda9e66b,14,10,table,202016 浪卡,台风表记载南宁有200至300毫米降雨乡镇。
EVID_NNFL_2021_001_01,NNFL_2021_001,2021,Task_19/data/raw/bulletins/2021年广西水旱灾害公报.pdf,bdc154d7223c6eddde98d3b6541450a905f05f58d2b2f4e54aa1ccebe519833c,16,12,text,桂林、柳州、河池、南宁、钦州、百色,灾情段明确将南宁列入6月27日至7月3日受灾城市。
EVID_NNFL_2021_002_01,NNFL_2021_002,2021,Task_19/data/raw/bulletins/2021年广西水旱灾害公报.pdf,bdc154d7223c6eddde98d3b6541450a905f05f58d2b2f4e54aa1ccebe519833c,13,9,table,202107 查帕卡,致灾台风表将南宁列为查帕卡受灾区域。
EVID_NNFL_2021_003_01,NNFL_2021_003,2021,Task_19/data/raw/bulletins/2021年广西水旱灾害公报.pdf,bdc154d7223c6eddde98d3b6541450a905f05f58d2b2f4e54aa1ccebe519833c,14,10,table,202117 狮子山,致灾台风表将南宁列为狮子山受灾区域。
EVID_NNFL_2021_004_01,NNFL_2021_004,2021,Task_19/data/raw/bulletins/2021年广西水旱灾害公报.pdf,bdc154d7223c6eddde98d3b6541450a905f05f58d2b2f4e54aa1ccebe519833c,14,10,table,202118 圆规,致灾台风表将南宁列为圆规受灾区域。
EVID_NNFL_2022_001_01,NNFL_2022_001,2022,Task_19/data/raw/bulletins/2022年广西水旱灾害公报.pdf,08eaa928e726a4c03893085c78d3ffcabb332ab038e7cba1d184f6ca04e8b411,15,12,table,202207 木兰,致灾台风表将南宁列为木兰受灾区域。
EVID_NNFL_2023_001_01,NNFL_2023_001,2023,Task_19/data/raw/bulletins/2023年广西水旱灾害公报.pdf,ad0621399d76c42f145334486eb5671c181447676cd8e454df7ad2f3f07337cf,13,8,table,202304 泰利,致灾台风表将南宁列为泰利受灾区域。
EVID_NNFL_2023_002_01,NNFL_2023_002,2023,Task_19/data/raw/bulletins/2023年广西水旱灾害公报.pdf,ad0621399d76c42f145334486eb5671c181447676cd8e454df7ad2f3f07337cf,14,9,table,202309 苏拉,致灾台风表将南宁列为苏拉受灾区域。
EVID_NNFL_2023_003_01,NNFL_2023_003,2023,Task_19/data/raw/bulletins/2023年广西水旱灾害公报.pdf,ad0621399d76c42f145334486eb5671c181447676cd8e454df7ad2f3f07337cf,14,9,table,202311 海葵,致灾台风表将南宁列为海葵受灾区域。
