impact_id,event_id,metric_code,value,unit,impact_scope_level,impact_scope_text,is_nanning_specific,evidence_id
IMPACT_NNFL_2016_001_01,NNFL_2016_001,affected_population,623200,person,multi_city,7市33县187乡镇街道合计,False,EVID_NNFL_2016_001_01
IMPACT_NNFL_2016_001_02,NNFL_2016_001,deaths,3,person,multi_city,7市33县187乡镇街道合计,False,EVID_NNFL_2016_001_01
IMPACT_NNFL_2016_001_03,NNFL_2016_001,evacuated_population,16500,person,multi_city,7市33县187乡镇街道合计,False,EVID_NNFL_2016_001_01
IMPACT_NNFL_2016_001_04,NNFL_2016_001,crop_affected_area,35610,hectare,multi_city,7市33县187乡镇街道合计,False,EVID_NNFL_2016_001_01
IMPACT_NNFL_2016_001_05,NNFL_2016_001,collapsed_houses,951,room,multi_city,7市33县187乡镇街道合计,False,EVID_NNFL_2016_001_01
IMPACT_NNFL_2016_001_06,NNFL_2016_001,direct_economic_loss,800000000,CNY,multi_city,7市33县187乡镇街道合计,False,EVID_NNFL_2016_001_01
IMPACT_NNFL_2016_002_01,NNFL_2016_002,affected_population,545300,person,multi_city,8市56县346乡镇街道合计,False,EVID_NNFL_2016_002_01
IMPACT_NNFL_2016_002_02,NNFL_2016_002,deaths,2,person,multi_city,8市56县346乡镇街道合计,False,EVID_NNFL_2016_002_01
IMPACT_NNFL_2016_002_03,NNFL_2016_002,missing_population,1,person,multi_city,8市56县346乡镇街道合计,False,EVID_NNFL_2016_002_01
IMPACT_NNFL_2016_002_04,NNFL_2016_002,crop_affected_area,43910,hectare,multi_city,8市56县346乡镇街道合计,False,EVID_NNFL_2016_002_01
IMPACT_NNFL_2016_002_05,NNFL_2016_002,collapsed_houses,1477,room,multi_city,8市56县346乡镇街道合计,False,EVID_NNFL_2016_002_01
IMPACT_NNFL_2016_002_06,NNFL_2016_002,direct_economic_loss,841000000,CNY,multi_city,8市56县346乡镇街道合计,False,EVID_NNFL_2016_002_01
IMPACT_NNFL_2017_002_01,NNFL_2017_002,affected_population,471800,person,multi_city,6市38县202乡镇街道合计,False,EVID_NNFL_2017_002_01
IMPACT_NNFL_2017_002_02,NNFL_2017_002,deaths,9,person,multi_city,6市38县202乡镇街道合计,False,EVID_NNFL_2017_002_01
IMPACT_NNFL_2017_002_03,NNFL_2017_002,evacuated_population,16600,person,multi_city,6市38县202乡镇街道合计,False,EVID_NNFL_2017_002_01
IMPACT_NNFL_2017_002_04,NNFL_2017_002,crop_affected_area,29710,hectare,multi_city,6市38县202乡镇街道合计,False,EVID_NNFL_2017_002_01
IMPACT_NNFL_2017_002_05,NNFL_2017_002,collapsed_houses,579,room,multi_city,6市38县202乡镇街道合计,False,EVID_NNFL_2017_002_01
IMPACT_NNFL_2017_002_06,NNFL_2017_002,direct_economic_loss,1296000000,CNY,multi_city,6市38县202乡镇街道合计,False,EVID_NNFL_2017_002_01
IMPACT_NNFL_2017_002_07,NNFL_2017_002,water_facility_loss,300000000,CNY,multi_city,6市38县202乡镇街道合计,False,EVID_NNFL_2017_002_01
IMPACT_NNFL_2017_003_01,NNFL_2017_003,affected_population,328700,person,multi_city,7市35县258乡镇街道合计,False,EVID_NNFL_2017_003_01
IMPACT_NNFL_2017_003_02,NNFL_2017_003,crop_affected_area,12920,hectare,multi_city,7市35县258乡镇街道合计,False,EVID_NNFL_2017_003_01
IMPACT_NNFL_2017_003_03,NNFL_2017_003,collapsed_houses,281,room,multi_city,7市35县258乡镇街道合计,False,EVID_NNFL_2017_003_01
IMPACT_NNFL_2017_003_04,NNFL_2017_003,direct_economic_loss,464000000,CNY,multi_city,7市35县258乡镇街道合计,False,EVID_NNFL_2017_003_01
IMPACT_NNFL_2017_003_05,NNFL_2017_003,water_facility_loss,309000000,CNY,multi_city,7市35县258乡镇街道合计,False,EVID_NNFL_2017_003_01
IMPACT_NNFL_2017_003_06,NNFL_2017_003,affected_population,15000,person,nanning_county,良庆区南晓镇,True,EVID_NNFL_2017_003_02
IMPACT_NNFL_2017_003_07,NNFL_2017_003,evacuated_population,1130,person,nanning_county,良庆区南晓镇已安全转移安置,True,EVID_NNFL_2017_003_02
IMPACT_NNFL_2018_001_01,NNFL_2018_001,affected_population,123100,person,multi_city,5市18县101乡镇街道合计,False,EVID_NNFL_2018_001_01
IMPACT_NNFL_2018_001_02,NNFL_2018_001,evacuated_population,1400,person,multi_city,5市18县101乡镇街道合计,False,EVID_NNFL_2018_001_01
IMPACT_NNFL_2018_001_03,NNFL_2018_001,deaths,2,person,multi_city,5市18县101乡镇街道合计,False,EVID_NNFL_2018_001_01
IMPACT_NNFL_2018_001_04,NNFL_2018_001,crop_affected_area,7830,hectare,multi_city,5市18县101乡镇街道合计,False,EVID_NNFL_2018_001_01
IMPACT_NNFL_2018_001_05,NNFL_2018_001,collapsed_houses,139,room,multi_city,5市18县101乡镇街道合计,False,EVID_NNFL_2018_001_01
IMPACT_NNFL_2018_001_06,NNFL_2018_001,direct_economic_loss,157000000,CNY,multi_city,5市18县101乡镇街道合计,False,EVID_NNFL_2018_001_01
IMPACT_NNFL_2018_002_01,NNFL_2018_002,affected_population,146500,person,multi_city,6市24县141乡镇街道合计,False,EVID_NNFL_2018_002_01
IMPACT_NNFL_2018_002_02,NNFL_2018_002,evacuated_population,600,person,multi_city,6市24县141乡镇街道合计,False,EVID_NNFL_2018_002_01
IMPACT_NNFL_2018_002_03,NNFL_2018_002,deaths,6,person,multi_city,6市24县141乡镇街道合计,False,EVID_NNFL_2018_002_01
IMPACT_NNFL_2018_002_04,NNFL_2018_002,crop_affected_area,12010,hectare,multi_city,6市24县141乡镇街道合计,False,EVID_NNFL_2018_002_01
IMPACT_NNFL_2018_002_05,NNFL_2018_002,collapsed_houses,100,room,multi_city,6市24县141乡镇街道合计,False,EVID_NNFL_2018_002_01
IMPACT_NNFL_2018_002_06,NNFL_2018_002,direct_economic_loss,181000000,CNY,multi_city,6市24县141乡镇街道合计,False,EVID_NNFL_2018_002_01
IMPACT_NNFL_2018_005_01,NNFL_2018_005,affected_population,125800,person,multi_city,5市15县86乡镇街道合计,False,EVID_NNFL_2018_005_01
IMPACT_NNFL_2018_005_02,NNFL_2018_005,evacuated_population,3800,person,multi_city,5市15县86乡镇街道合计,False,EVID_NNFL_2018_005_01
IMPACT_NNFL_2018_005_03,NNFL_2018_005,crop_affected_area,3390,hectare,multi_city,5市15县86乡镇街道合计,False,EVID_NNFL_2018_005_01
IMPACT_NNFL_2018_005_04,NNFL_2018_005,collapsed_houses,200,room,multi_city,5市15县86乡镇街道合计,False,EVID_NNFL_2018_005_01
IMPACT_NNFL_2018_005_05,NNFL_2018_005,direct_economic_loss,148000000,CNY,multi_city,5市15县86乡镇街道合计,False,EVID_NNFL_2018_005_01
IMPACT_NNFL_2018_006_01,NNFL_2018_006,affected_population,710900,person,multi_city,8市39县363乡镇街道合计,False,EVID_NNFL_2018_006_01
IMPACT_NNFL_2018_006_02,NNFL_2018_006,evacuated_population,204700,person,multi_city,8市39县363乡镇街道合计,False,EVID_NNFL_2018_006_01
IMPACT_NNFL_2018_006_03,NNFL_2018_006,crop_affected_area,71730,hectare,multi_city,8市39县363乡镇街道合计,False,EVID_NNFL_2018_006_01
IMPACT_NNFL_2018_006_04,NNFL_2018_006,collapsed_houses,216,room,multi_city,8市39县363乡镇街道合计,False,EVID_NNFL_2018_006_01
IMPACT_NNFL_2018_006_05,NNFL_2018_006,direct_economic_loss,408000000,CNY,multi_city,8市39县363乡镇街道合计,False,EVID_NNFL_2018_006_01
IMPACT_NNFL_2020_001_01,NNFL_2020_001,affected_population,1754800,person,multi_city,10市53县263乡镇街道合计,False,EVID_NNFL_2020_001_01
IMPACT_NNFL_2020_001_02,NNFL_2020_001,evacuated_population,78900,person,multi_city,10市53县263乡镇街道合计,False,EVID_NNFL_2020_001_01
IMPACT_NNFL_2020_001_03,NNFL_2020_001,crop_affected_area,43280,hectare,multi_city,10市53县263乡镇街道合计,False,EVID_NNFL_2020_001_01
IMPACT_NNFL_2020_001_04,NNFL_2020_001,direct_economic_loss,3590000000,CNY,multi_city,10市53县263乡镇街道合计,False,EVID_NNFL_2020_001_01
IMPACT_NNFL_2020_001_05,NNFL_2020_001,water_facility_loss,1693000000,CNY,multi_city,10市53县263乡镇街道合计,False,EVID_NNFL_2020_001_01
IMPACT_NNFL_2021_001_01,NNFL_2021_001,affected_population,175100,person,multi_city,7市36县193乡镇街道合计,False,EVID_NNFL_2021_001_01
IMPACT_NNFL_2021_001_02,NNFL_2021_001,evacuated_population,17400,person,multi_city,7市36县193乡镇街道合计,False,EVID_NNFL_2021_001_01
IMPACT_NNFL_2021_001_03,NNFL_2021_001,crop_affected_area,6320,hectare,multi_city,7市36县193乡镇街道合计,False,EVID_NNFL_2021_001_01
IMPACT_NNFL_2021_001_04,NNFL_2021_001,direct_economic_loss,647000000,CNY,multi_city,7市36县193乡镇街道合计,False,EVID_NNFL_2021_001_01
IMPACT_NNFL_2021_001_05,NNFL_2021_001,water_facility_loss,348000000,CNY,multi_city,7市36县193乡镇街道合计,False,EVID_NNFL_2021_001_01
IMPACT_NNFL_2021_002_01,NNFL_2021_002,affected_population,25600,person,multi_city,台风查帕卡过程广西合计,False,EVID_NNFL_2021_002_01
IMPACT_NNFL_2021_002_02,NNFL_2021_002,crop_affected_area,1200,hectare,multi_city,台风查帕卡过程广西合计,False,EVID_NNFL_2021_002_01
IMPACT_NNFL_2021_002_03,NNFL_2021_002,direct_economic_loss,76000000,CNY,multi_city,台风查帕卡过程广西合计,False,EVID_NNFL_2021_002_01
IMPACT_NNFL_2021_002_04,NNFL_2021_002,water_facility_loss,67000000,CNY,multi_city,台风查帕卡过程广西合计,False,EVID_NNFL_2021_002_01
IMPACT_NNFL_2021_003_01,NNFL_2021_003,affected_population,74200,person,multi_city,台风狮子山过程广西合计,False,EVID_NNFL_2021_003_01
IMPACT_NNFL_2021_003_02,NNFL_2021_003,crop_affected_area,3940,hectare,multi_city,台风狮子山过程广西合计,False,EVID_NNFL_2021_003_01
IMPACT_NNFL_2021_003_03,NNFL_2021_003,direct_economic_loss,165000000,CNY,multi_city,台风狮子山过程广西合计,False,EVID_NNFL_2021_003_01
IMPACT_NNFL_2021_003_04,NNFL_2021_003,water_facility_loss,138000000,CNY,multi_city,台风狮子山过程广西合计,False,EVID_NNFL_2021_003_01
IMPACT_NNFL_2021_004_01,NNFL_2021_004,affected_population,12800,person,multi_city,台风圆规过程广西合计,False,EVID_NNFL_2021_004_01
IMPACT_NNFL_2021_004_02,NNFL_2021_004,crop_affected_area,1490,hectare,multi_city,台风圆规过程广西合计,False,EVID_NNFL_2021_004_01
IMPACT_NNFL_2021_004_03,NNFL_2021_004,direct_economic_loss,65000000,CNY,multi_city,台风圆规过程广西合计,False,EVID_NNFL_2021_004_01
IMPACT_NNFL_2021_004_04,NNFL_2021_004,water_facility_loss,57000000,CNY,multi_city,台风圆规过程广西合计,False,EVID_NNFL_2021_004_01
IMPACT_NNFL_2022_001_01,NNFL_2022_001,affected_population,18500,person,multi_city,台风木兰过程广西合计,False,EVID_NNFL_2022_001_01
IMPACT_NNFL_2022_001_02,NNFL_2022_001,crop_affected_area,460,hectare,multi_city,台风木兰过程广西合计,False,EVID_NNFL_2022_001_01
IMPACT_NNFL_2022_001_03,NNFL_2022_001,direct_economic_loss,32000000,CNY,multi_city,台风木兰过程广西合计,False,EVID_NNFL_2022_001_01
IMPACT_NNFL_2022_001_04,NNFL_2022_001,water_facility_loss,22000000,CNY,multi_city,台风木兰过程广西合计,False,EVID_NNFL_2022_001_01
IMPACT_NNFL_2023_001_01,NNFL_2023_001,affected_population,94300,person,multi_city,台风泰利过程广西合计,False,EVID_NNFL_2023_001_01
IMPACT_NNFL_2023_001_02,NNFL_2023_001,crop_affected_area,5960,hectare,multi_city,台风泰利过程广西合计,False,EVID_NNFL_2023_001_01
IMPACT_NNFL_2023_001_03,NNFL_2023_001,direct_economic_loss,50000000,CNY,multi_city,台风泰利过程广西合计,False,EVID_NNFL_2023_001_01
IMPACT_NNFL_2023_001_04,NNFL_2023_001,water_facility_loss,45000000,CNY,multi_city,台风泰利过程广西合计,False,EVID_NNFL_2023_001_01
IMPACT_NNFL_2023_002_01,NNFL_2023_002,affected_population,14600,person,multi_city,台风苏拉过程广西合计,False,EVID_NNFL_2023_002_01
IMPACT_NNFL_2023_002_02,NNFL_2023_002,crop_affected_area,970,hectare,multi_city,台风苏拉过程广西合计,False,EVID_NNFL_2023_002_01
IMPACT_NNFL_2023_002_03,NNFL_2023_002,direct_economic_loss,233000000,CNY,multi_city,台风苏拉过程广西合计,False,EVID_NNFL_2023_002_01
IMPACT_NNFL_2023_002_04,NNFL_2023_002,water_facility_loss,225000000,CNY,multi_city,台风苏拉过程广西合计,False,EVID_NNFL_2023_002_01
IMPACT_NNFL_2023_003_01,NNFL_2023_003,affected_population,45800,person,multi_city,台风海葵过程广西合计,False,EVID_NNFL_2023_003_01
IMPACT_NNFL_2023_003_02,NNFL_2023_003,crop_affected_area,6290,hectare,multi_city,台风海葵过程广西合计,False,EVID_NNFL_2023_003_01
IMPACT_NNFL_2023_003_03,NNFL_2023_003,direct_economic_loss,188000000,CNY,multi_city,台风海葵过程广西合计,False,EVID_NNFL_2023_003_01
IMPACT_NNFL_2023_003_04,NNFL_2023_003,water_facility_loss,161000000,CNY,multi_city,台风海葵过程广西合计,False,EVID_NNFL_2023_003_01
