relation_id,event_id,admin_level,admin_name,adcode,relation_type,spatial_precision,evidence_id
ADMIN_NNFL_2016_001_01,NNFL_2016_001,city,南宁市,450100,affected,city,EVID_NNFL_2016_001_01
ADMIN_NNFL_2016_002_01,NNFL_2016_002,city,南宁市,450100,affected,city,EVID_NNFL_2016_002_01
ADMIN_NNFL_2016_003_01,NNFL_2016_003,city,南宁市,450100,affected,city,EVID_NNFL_2016_003_01
ADMIN_NNFL_2016_004_01,NNFL_2016_004,city,南宁市,450100,affected,city,EVID_NNFL_2016_004_01
ADMIN_NNFL_2016_005_01,NNFL_2016_005,city,南宁市,450100,affected,city,EVID_NNFL_2016_005_01
ADMIN_NNFL_2017_001_01,NNFL_2017_001,city,南宁市,450100,affected,city,EVID_NNFL_2017_001_01
ADMIN_NNFL_2017_002_01,NNFL_2017_002,city,南宁市,450100,affected,city,EVID_NNFL_2017_002_01
ADMIN_NNFL_2017_003_01,NNFL_2017_003,city,南宁市,450100,affected,city,EVID_NNFL_2017_003_01
ADMIN_NNFL_2017_003_02,NNFL_2017_003,county,良庆区,450108,affected,county,EVID_NNFL_2017_003_02
ADMIN_NNFL_2017_003_03,NNFL_2017_003,township,南晓镇,,affected,township,EVID_NNFL_2017_003_02
ADMIN_NNFL_2017_004_01,NNFL_2017_004,city,南宁市,450100,affected,city,EVID_NNFL_2017_004_01
ADMIN_NNFL_2017_005_01,NNFL_2017_005,city,南宁市,450100,affected,city,EVID_NNFL_2017_005_01
ADMIN_NNFL_2018_001_01,NNFL_2018_001,city,南宁市,450100,affected,city,EVID_NNFL_2018_001_01
ADMIN_NNFL_2018_002_01,NNFL_2018_002,city,南宁市,450100,affected,city,EVID_NNFL_2018_002_01
ADMIN_NNFL_2018_002_02,NNFL_2018_002,county,邕宁区,450109,monitoring_location,county,EVID_NNFL_2018_002_01
ADMIN_NNFL_2018_003_01,NNFL_2018_003,city,南宁市,450100,affected,city,EVID_NNFL_2018_003_01
ADMIN_NNFL_2018_004_01,NNFL_2018_004,city,南宁市,450100,affected,city,EVID_NNFL_2018_004_01
ADMIN_NNFL_2018_005_01,NNFL_2018_005,city,南宁市,450100,affected,city,EVID_NNFL_2018_005_01
ADMIN_NNFL_2018_006_01,NNFL_2018_006,city,南宁市,450100,affected,city,EVID_NNFL_2018_006_01
ADMIN_NNFL_2019_001_01,NNFL_2019_001,city,南宁市,450100,affected,city,EVID_NNFL_2019_001_01
ADMIN_NNFL_2019_002_01,NNFL_2019_002,city,南宁市,450100,affected,city,EVID_NNFL_2019_002_01
ADMIN_NNFL_2020_001_01,NNFL_2020_001,city,南宁市,450100,affected,city,EVID_NNFL_2020_001_01
ADMIN_NNFL_2020_002_01,NNFL_2020_002,city,南宁市,450100,meteorological_influence,city,EVID_NNFL_2020_002_01
ADMIN_NNFL_2020_003_01,NNFL_2020_003,city,南宁市,450100,meteorological_influence,city,EVID_NNFL_2020_003_01
ADMIN_NNFL_2020_004_01,NNFL_2020_004,city,南宁市,450100,meteorological_influence,city,EVID_NNFL_2020_004_01
ADMIN_NNFL_2021_001_01,NNFL_2021_001,city,南宁市,450100,affected,city,EVID_NNFL_2021_001_01
ADMIN_NNFL_2021_002_01,NNFL_2021_002,city,南宁市,450100,affected,city,EVID_NNFL_2021_002_01
ADMIN_NNFL_2021_003_01,NNFL_2021_003,city,南宁市,450100,affected,city,EVID_NNFL_2021_003_01
ADMIN_NNFL_2021_004_01,NNFL_2021_004,city,南宁市,450100,affected,city,EVID_NNFL_2021_004_01
ADMIN_NNFL_2022_001_01,NNFL_2022_001,city,南宁市,450100,affected,city,EVID_NNFL_2022_001_01
ADMIN_NNFL_2023_001_01,NNFL_2023_001,city,南宁市,450100,affected,city,EVID_NNFL_2023_001_01
ADMIN_NNFL_2023_002_01,NNFL_2023_002,city,南宁市,450100,affected,city,EVID_NNFL_2023_002_01
ADMIN_NNFL_2023_003_01,NNFL_2023_003,city,南宁市,450100,affected,city,EVID_NNFL_2023_003_01
