event_id,event_name,start_date,end_date,date_precision,hazard_type,trigger_text,location_text,event_summary,source_year,nanning_relevance,included_in_nanning_frequency,review_status
NNFL_2016_001,2016年5月初暴雨洪涝,2016-05-03,2016-05-09,range,rainstorm_flood,强降雨,南宁等7市受灾,5月初强降雨导致南宁等地受灾，公报指标为多市合计。,2016,direct_affected,True,confirmed
NNFL_2016_002,2016年6月中旬暴雨洪涝,2016-06-10,2016-06-16,range,rainstorm_flood,弱冷空气和暖湿气流,南宁等8市受灾,6月中旬强降雨和江河超警洪水导致南宁等地受灾。,2016,direct_affected,True,confirmed
NNFL_2016_003,2016年台风“银河”洪涝影响,2016-07-26,2016-07-27,range,typhoon_flood,强热带风暴银河,南宁等地为主要影响致灾区域,银河影响期间南宁被列为主要影响致灾区域。,2016,direct_affected,True,confirmed
NNFL_2016_004,2016年台风“妮妲”洪涝影响,2016-08-02,2016-08-02,day,typhoon_flood,强台风妮妲,南宁等地为主要影响致灾区域,妮妲影响期间南宁被列为主要影响致灾区域。,2016,direct_affected,True,confirmed
NNFL_2016_005,2016年台风“莎莉嘉”洪涝影响,2016-10-18,2016-10-19,range,typhoon_flood,强台风莎莉嘉,南宁等地为主要影响致灾区域,莎莉嘉影响期间南宁被列为主要影响致灾区域。,2016,direct_affected,True,confirmed
NNFL_2017_001,2017年台风“苗柏”洪涝影响,2017-06-12,2017-06-13,range,typhoon_flood,热带风暴苗柏,南宁、桂林、来宾为主要受灾区域,苗柏影响期间南宁被列为主要受灾区域。,2017,direct_affected,True,confirmed
NNFL_2017_002,2017年8月中旬暴雨洪涝,2017-08-09,2017-08-16,range,rainstorm_flood,暴雨至局地特大暴雨,南宁等6市受灾,8月中旬强降雨和超警洪水导致南宁等地受灾。,2017,direct_affected,True,confirmed
NNFL_2017_003,2017年台风“天鸽”及良庆区南晓镇山洪,2017-08-22,2017-08-26,range,typhoon_flood,强台风天鸽引发强降雨,南宁市受灾，良庆区南晓镇发生山洪,天鸽影响期间南宁受灾，良庆区南晓镇发生建镇以来最大洪水。,2017,direct_affected,True,confirmed
NNFL_2017_004,2017年台风“帕卡”洪涝影响,2017-08-27,2017-08-27,day,typhoon_flood,台风帕卡,南宁等地为主要受灾区域,帕卡影响期间南宁被列为主要受灾区域。,2017,direct_affected,True,confirmed
NNFL_2017_005,2017年台风“卡努”洪涝影响,2017-10-16,2017-10-16,day,typhoon_flood,强热带风暴卡努,南宁等地为主要受灾区域,卡努影响期间南宁被列为主要受灾区域。,2017,direct_affected,True,confirmed
NNFL_2018_001,2018年5月上旬暴雨洪涝,2018-05-07,2018-05-11,range,rainstorm_flood,高空槽、切变线和弱冷空气,南宁等5市受灾,5月上旬强降雨和江河洪水导致南宁等地受灾。,2018,direct_affected,True,confirmed
NNFL_2018_002,2018年6月下旬暴雨洪涝,2018-06-21,2018-06-26,range,rainstorm_flood,持续强降雨,南宁等6市受灾；郁江邕宁区蒲庙河段和新江河超警,6月下旬强降雨导致南宁受灾，邕宁区有明确超警河段记录。,2018,direct_affected,True,confirmed
NNFL_2018_003,2018年台风“山神”洪涝影响,2018-07-17,2018-07-19,range,typhoon_flood,热带风暴山神,南宁等地为主要影响区域,山神影响期间南宁被列为主要影响区域。,2018,direct_affected,True,confirmed
NNFL_2018_004,2018年台风“贝碧嘉”洪涝影响,2018-08-10,2018-08-16,range,typhoon_flood,台风贝碧嘉,南宁、桂林、崇左为主要影响区域,贝碧嘉影响期间南宁被列为主要影响区域。,2018,direct_affected,True,confirmed
NNFL_2018_005,2018年8月下旬南宁等地暴雨洪涝,2018-08-28,2018-09-03,range,rainstorm_flood,大雨至局地特大暴雨,南宁等5市受灾,8月下旬至9月初强降雨和江河洪水导致南宁等地受灾。,2018,direct_affected,True,confirmed
NNFL_2018_006,2018年台风“山竹”洪涝灾害,2018-09-16,2018-09-18,range,typhoon_flood,强台风山竹,南宁等8市受灾,山竹影响期间南宁等地受灾。,2018,direct_affected,True,confirmed
NNFL_2019_001,2019年台风“韦帕”洪涝灾害,2019-07-31,2019-08-04,range,typhoon_flood,台风韦帕,南宁等地为主要影响区域,韦帕影响期间南宁被列为主要影响区域。,2019,direct_affected,True,confirmed
NNFL_2019_002,2019年台风“杨柳”洪涝灾害,2019-08-29,2019-08-31,range,typhoon_flood,台风杨柳残留云系和热带辐合带,南宁等地为主要影响区域,杨柳影响期间南宁被列为主要影响区域。,2019,direct_affected,True,confirmed
NNFL_2020_001,2020年5月底至6月上旬强降雨洪水,2020-05-29,2020-06-10,range,rainstorm_flood,连续性强降雨,南宁等10市53县受灾,年度主要强降雨洪水过程导致南宁等地受灾。,2020,direct_affected,True,confirmed
NNFL_2020_002,2020年台风“森拉克”对南宁的气象影响,2020-08-01,2020-08-03,range,typhoon_flood,台风森拉克外围环流,南宁列于主要影响区域，但公报未将南宁列入该年台风受灾6市,保留为影响南宁的气象上下文，不计入南宁直接受灾频次。,2020,meteorological_influence,False,confirmed
NNFL_2020_003,2020年台风“海高斯”对南宁的气象影响,2020-08-19,2020-08-20,range,typhoon_flood,台风海高斯,南宁有大暴雨乡镇记录，但公报未将南宁列入该年台风受灾6市,保留为影响南宁的气象上下文，不计入南宁直接受灾频次。,2020,meteorological_influence,False,confirmed
NNFL_2020_004,2020年台风“浪卡”对南宁的气象影响,2020-10-13,2020-10-15,range,typhoon_flood,台风浪卡和冷空气,南宁有200至300毫米降雨乡镇记录，但公报未将南宁列入该年台风受灾6市,保留为影响南宁的气象上下文，不计入南宁直接受灾频次。,2020,meteorological_influence,False,confirmed
NNFL_2021_001,2021年6月下旬至7月上旬暴雨洪涝,2021-06-27,2021-07-03,range,rainstorm_flood,持续强降雨,南宁等7市36县受灾,年度最大强降雨过程导致南宁等地受灾。,2021,direct_affected,True,confirmed
NNFL_2021_002,2021年台风“查帕卡”洪涝灾害,2021-07-21,2021-07-23,range,typhoon_flood,台风查帕卡,南宁等地为受灾区域,查帕卡穿过横州和南宁城区，南宁被列为受灾区域。,2021,direct_affected,True,confirmed
NNFL_2021_003,2021年台风“狮子山”洪涝灾害,2021-10-08,2021-10-11,range,typhoon_flood,台风狮子山,南宁等地为受灾区域,狮子山影响期间南宁被列为受灾区域。,2021,direct_affected,True,confirmed
NNFL_2021_004,2021年台风“圆规”洪涝灾害,2021-10-13,2021-10-15,range,typhoon_flood,台风圆规,南宁等地为受灾区域,圆规被公报列为致灾台风及年度洪涝场次，南宁为受灾区域。,2021,direct_affected,True,confirmed
NNFL_2022_001,2022年台风“木兰”洪涝灾害,2022-08-09,2022-08-12,range,typhoon_flood,台风木兰,南宁、梧州、防城港为受灾区域,木兰被公报列为致灾台风和年度洪涝场次，南宁为受灾区域。,2022,direct_affected,True,confirmed
NNFL_2023_001,2023年台风“泰利”洪涝灾害,2023-07-17,2023-07-20,range,typhoon_flood,台风泰利,南宁等地为受灾区域,泰利被公报列为致灾台风和年度洪涝场次，南宁为受灾区域。,2023,direct_affected,True,confirmed
NNFL_2023_002,2023年台风“苏拉”洪涝灾害,2023-09-02,2023-09-05,range,typhoon_flood,台风苏拉,南宁等地为受灾区域,苏拉被公报列为致灾台风和年度洪涝场次，南宁为受灾区域。,2023,direct_affected,True,confirmed
NNFL_2023_003,2023年台风“海葵”洪涝灾害,2023-09-08,2023-09-14,range,typhoon_flood,台风海葵残涡环流、季风和冷空气,南宁等地为受灾区域,海葵被公报列为致灾台风和年度洪涝场次，南宁为受灾区域。,2023,direct_affected,True,confirmed
