year,source_coverage_status,confirmed_event_count,direct_affected_event_count,context_event_count,county_specific_event_count,city_only_event_count,count_semantics
2016,available,5,5,0,0,5,lower_bound_explicit_event_records
2017,available,5,5,0,1,4,lower_bound_explicit_event_records
2018,available,6,6,0,0,6,lower_bound_explicit_event_records
2019,available,2,2,0,0,2,lower_bound_explicit_event_records
2020,available,1,1,3,0,1,lower_bound_explicit_event_records
2021,available,4,4,0,0,4,lower_bound_explicit_event_records
2022,available,1,1,0,0,1,lower_bound_explicit_event_records
2023,available,3,3,0,0,3,lower_bound_explicit_event_records
2024,excluded_wrong_bulletin_type,,,,,,not_observed_not_zero
2025,missing,,,,,,not_observed_not_zero
