candidate_id_1,candidate_id_2,name_1,name_2,address_1,address_2,credit_code_1,credit_code_2,similarity_reason,recommended_action
cand_9e085073a11ee592,cand_046d43f21f88b5bc,宁夏中卫四季鲜农产品综合批发市场,宁夏四季鲜农产品综合批发市场,,,,,high_name_similarity=0.933,manual_review
cand_1315acab250ad23f,cand_f6298398a16a3df2,福建福州民天实业有限公司海峡果品批发市场,福建福州民天实业有限公司海峡蔬菜批发市场,,,,,high_name_similarity=0.900,manual_review
cand_29cb16fcfc12f376,cand_a9afd824306d4b10,贵州贵阳农产品物流园,贵州贵阳地利农产品物流园,,,,,high_name_similarity=0.909,manual_review
cand_39a6690f6b3bfb94,cand_31075dbd797a10ad,上林县安恒储备粮管理有限公司,上林县安恒储备粮管理有限公司三里分公司,,,,,organization_name_contains_specific_site_name,keep_separate
cand_39a6690f6b3bfb94,cand_7df47649fa9924dd,上林县安恒储备粮管理有限公司,上林县安恒储备粮管理有限公司乔贤分公司,,,,,organization_name_contains_specific_site_name,keep_separate
cand_39a6690f6b3bfb94,cand_a43116a1602a27ab,上林县安恒储备粮管理有限公司,上林县安恒储备粮管理有限公司塘红万福分公司,,,,,organization_name_contains_specific_site_name,keep_separate
cand_39a6690f6b3bfb94,cand_bca8e2dd3a82b40a,上林县安恒储备粮管理有限公司,上林县安恒储备粮管理有限公司塘红分公司,,,,,organization_name_contains_specific_site_name,keep_separate
cand_39a6690f6b3bfb94,cand_7b6cc030d3c877ea,上林县安恒储备粮管理有限公司,上林县安恒储备粮管理有限公司大丰分公司,,,,,organization_name_contains_specific_site_name,keep_separate
cand_39a6690f6b3bfb94,cand_6d55daae11d4c440,上林县安恒储备粮管理有限公司,上林县安恒储备粮管理有限公司巷贤分公司,,,,,organization_name_contains_specific_site_name,keep_separate
cand_39a6690f6b3bfb94,cand_cc733815a61b3bbc,上林县安恒储备粮管理有限公司,上林县安恒储备粮管理有限公司明亮分公司,,,,,organization_name_contains_specific_site_name,keep_separate
cand_39a6690f6b3bfb94,cand_107d87fa017d4370,上林县安恒储备粮管理有限公司,上林县安恒储备粮管理有限公司澄泰分公司,,,,,organization_name_contains_specific_site_name,keep_separate
cand_39a6690f6b3bfb94,cand_2dace2477f38e896,上林县安恒储备粮管理有限公司,上林县安恒储备粮管理有限公司澄泰金鼓分公司,,,,,organization_name_contains_specific_site_name,keep_separate
cand_39a6690f6b3bfb94,cand_1e9fe4c9f58328d8,上林县安恒储备粮管理有限公司,上林县安恒储备粮管理有限公司白圩分公司,,,,,organization_name_contains_specific_site_name,keep_separate
cand_39a6690f6b3bfb94,cand_9ca3af7e95041f51,上林县安恒储备粮管理有限公司,上林县安恒储备粮管理有限公司白圩狮螺分公司,,,,,organization_name_contains_specific_site_name,keep_separate
cand_39a6690f6b3bfb94,cand_850c1b18b35c855e,上林县安恒储备粮管理有限公司,上林县安恒储备粮管理有限公司西燕分公司,,,,,organization_name_contains_specific_site_name,keep_separate
cand_39a6690f6b3bfb94,cand_1f9ad23f9a21ef9f,上林县安恒储备粮管理有限公司,上林县安恒储备粮管理有限公司镇圩分公司,,,,,organization_name_contains_specific_site_name,keep_separate
cand_7df47649fa9924dd,cand_6d55daae11d4c440,上林县安恒储备粮管理有限公司乔贤分公司,上林县安恒储备粮管理有限公司巷贤分公司,,,,,high_name_similarity=0.947,manual_review
cand_a43116a1602a27ab,cand_bca8e2dd3a82b40a,上林县安恒储备粮管理有限公司塘红万福分公司,上林县安恒储备粮管理有限公司塘红分公司,,,,,high_name_similarity=0.950,manual_review
cand_107d87fa017d4370,cand_2dace2477f38e896,上林县安恒储备粮管理有限公司澄泰分公司,上林县安恒储备粮管理有限公司澄泰金鼓分公司,,,,,high_name_similarity=0.950,manual_review
cand_1e9fe4c9f58328d8,cand_9ca3af7e95041f51,上林县安恒储备粮管理有限公司白圩分公司,上林县安恒储备粮管理有限公司白圩狮螺分公司,,,,,high_name_similarity=0.950,manual_review
cand_1e9fe4c9f58328d8,cand_1f9ad23f9a21ef9f,上林县安恒储备粮管理有限公司白圩分公司,上林县安恒储备粮管理有限公司镇圩分公司,,,,,high_name_similarity=0.947,manual_review
cand_9ca3af7e95041f51,cand_1f9ad23f9a21ef9f,上林县安恒储备粮管理有限公司白圩狮螺分公司,上林县安恒储备粮管理有限公司镇圩分公司,,,,,high_name_similarity=0.900,manual_review
cand_91ebae3cd24b144c,cand_88f87be3136e6cd7,南宁市储备粮管理有限责任公司,南宁市储备粮管理有限责任公司五象粮库,,,,,organization_name_contains_specific_site_name,keep_separate
cand_91ebae3cd24b144c,cand_51a15c6a164e752f,南宁市储备粮管理有限责任公司,南宁市储备粮管理有限责任公司沙井粮库,,,,,organization_name_contains_specific_site_name,keep_separate
cand_91ebae3cd24b144c,cand_32f2941e8c9ff16b,南宁市储备粮管理有限责任公司,南宁市邕宁区储备粮管理有限责任公司,,,,,high_name_similarity=0.903,manual_review
cand_3ef8578379c49ff4,cand_3e240c6dc4086811,广西南宁福象粮油有限公司,广西福象粮油有限公司,,,,,high_name_similarity=0.909,manual_review
cand_b630175bcee48602,cand_0c3523b8da21b818,广西康然生态农业有限公司,广西桂然生态农业有限公司,南宁市金凯路98号光科技产业园科研楼二,南宁市江南区五一中路新福里2-1号-1,91450100MA5KDK5M1E,91450105MA5L6DA664,high_name_similarity=0.917,manual_review
cand_a36f11b3ce2e710b,cand_420f7e58ed7dd346,隆安县储备粮管理公司,融安县储备粮管理公司,,,,,high_name_similarity=0.900,manual_review
cand_5d730d84723f836f,cand_39d0d738002de739,广西平果先优创供应链管理有限公司,广西平果创益供应链管理有限公司,,,,,high_name_similarity=0.903,manual_review
cand_b3b2af51c7d14cdf,cand_446728c9128a24ed,广西全州国家粮食储备库,广西梧州国家粮食储备库,,,,,high_name_similarity=0.909,manual_review
cand_78316314eb960fa9,cand_cf23e7990075e2d6,广西力源餐饮管理有限公司,广西源豪餐饮管理有限公司,桂林市叠彩区中山北路122号(原860号)57栋,广西壮族自治区桂林市叠彩区东二环路13号-8,91450303MA5PC7XP80,91450304340451502H,high_name_similarity=0.917,manual_review
cand_bee19f75f8ab46b6,cand_5cd76a158b9a8cba,桂林市第一粮库有限公司,桂林市第三粮库有限公司,,,,,high_name_similarity=0.909,manual_review
cand_446728c9128a24ed,cand_e1490423b8f5e202,广西梧州国家粮食储备库,广西梧州塘源国家粮食储备库,,,,,high_name_similarity=0.917,manual_review
cand_6b3e878525434acb,cand_e2a34a25c66c918b,南丹县储备粮管理公司,平南县储备粮管理公司,,,,,high_name_similarity=0.900,manual_review
cand_8fcc220962480ad4,cand_11b1a0f4eff56c3a,田林县储备粮管理中心,西林县储备粮管理中心,,,,,high_name_similarity=0.900,manual_review
cand_e2a34a25c66c918b,cand_a0a1a73dfdc62c00,平南县储备粮管理公司,昭平县储备粮管理公司,,,,,high_name_similarity=0.900,manual_review
cand_0483f20f9440b908,cand_2425bfe942dea714,平南县龚北粮食购销有限责任公司,平南县龚南粮食购销有限责任公司,,,,,high_name_similarity=0.933,manual_review
cand_c570fb14edac2112,cand_8816d3c8eebd56f6,广西丰源食品有限公司,广西晟丰食品有限公司,贵港市港北区龙圣5小区65号一楼,贵港市港北区西江产业园区西区六路与西七路交汇处西北角(广西源龙新能源车辆有限公司内),91450802MAD8Q86P4B,91450802MADMGMJU45,high_name_similarity=0.900,manual_review
cand_545e8152c4ba0834,cand_31cb936a6b5fd5a3,广西壮族自治区贵港粮食储备库有限公司,广西壮族自治区防城港粮食储备库有限公司,,,,,high_name_similarity=0.919,manual_review
cand_bb6e91adbb84a4cc,cand_eaa11d07127f0f40,贵港市港南区金稻粮食收储有限公司,贵港市港南区金穗粮食收储有限公司,,,,,high_name_similarity=0.938,manual_review
cand_9931e69b141e36d4,cand_a239b1f6b7d8c252,广西壮族自治区钦州粮食储备库有限公司,广西壮族自治区柳州粮食储备库有限公司,,,,,high_name_similarity=0.944,manual_review
cand_f35c7a3fe81ae2d4,cand_b9390271c409da81,灵山县丰塘粮食管理所,灵山县石塘粮食管理所,,,,,high_name_similarity=0.900,manual_review
cand_045774155c48ca1c,cand_426bef33d1de049e,灵山县太平粮食管理所,灵山县平南粮食管理所,,,,,high_name_similarity=0.900,manual_review
cand_045774155c48ca1c,cand_59b19adb09e2b2db,灵山县太平粮食管理所,灵山县平山粮食管理所,,,,,high_name_similarity=0.900,manual_review
cand_426bef33d1de049e,cand_59b19adb09e2b2db,灵山县平南粮食管理所,灵山县平山粮食管理所,,,,,high_name_similarity=0.900,manual_review
cand_5a6c19de396a08f2,cand_c8b583837447467c,灵山县新圩粮食管理所,灵山县檀圩粮食管理所,,,,,high_name_similarity=0.900,manual_review
cand_05c9333305073fca,cand_ddf25b3cf8d1b143,钦州市钦北区军粮供应站,钦州市钦南区军粮供应站,,,,,high_name_similarity=0.909,manual_review
cand_ad64685ed66719c9,cand_fc2f5c8dec7ecde2,钦州市钦南区城区粮食储备库,钦州市钦南区粮食储备库,,,,,high_name_similarity=0.917,manual_review
cand_a04decc505961a84,cand_3e240c6dc4086811,广西柳州福象粮油有限公司,广西福象粮油有限公司,,,,,high_name_similarity=0.909,manual_review
