candidate_id,name,entity_type,node_type,province,city,county,address_original,address_normalized,longitude_raw,latitude_raw,coordinate_system_raw,address_source,address_confidence,geocoding_provider,geocoding_query,geocoding_match_name,geocoding_confidence,geocoding_timestamp,analysis_priority,source_files,source_record_ids,evidence_level
cand_88f87be3136e6cd7,南宁市储备粮管理有限责任公司五象粮库,physical_site,grain_depot,广西壮族自治区,南宁市,,,,,,,unknown,unknown,amap,南宁市储备粮管理有限责任公司五象粮库 南宁市,,manual_review,2026-08-10T18:23:42+08:00,primary,data/raw/guangxi_reserve_companies_2024.html,rec_214eafe41396980c,A
cand_51a15c6a164e752f,南宁市储备粮管理有限责任公司沙井粮库,physical_site,grain_depot,广西壮族自治区,南宁市,,,,,,,unknown,unknown,amap,南宁市储备粮管理有限责任公司沙井粮库 南宁市,,manual_review,2026-08-10T18:23:46+08:00,primary,data/raw/guangxi_reserve_companies_2024.html,rec_169703f7921bfc33,A
cand_e668195854f37fbc,南宁市邕宁区粮食储备库,physical_site,grain_depot,广西壮族自治区,南宁市,邕宁区,,,,,,unknown,unknown,amap,南宁市邕宁区粮食储备库 南宁市 邕宁区,,manual_review,2026-08-10T18:23:48+08:00,primary,data/raw/guangxi_reserve_companies_2024.html,rec_0c003e88213e53b8,A
cand_3eeaefad790dd352,广西壮族自治区五象粮食储备库有限公司,physical_site,grain_depot,广西壮族自治区,南宁市,,,,,,,unknown,unknown,amap,广西壮族自治区五象粮食储备库有限公司 南宁市,,manual_review,2026-08-10T18:23:51+08:00,primary,data/raw/guangxi_reserve_companies_2024.html,rec_ecf9569a66185af9,A
cand_8db24acc4b1ff1c4,广西壮族自治区南宁粮食储备库有限公司,physical_site,grain_depot,广西壮族自治区,南宁市,,,,,,,unknown,unknown,amap,广西壮族自治区南宁粮食储备库有限公司 南宁市,,manual_review,2026-08-10T18:23:53+08:00,primary,data/raw/guangxi_reserve_companies_2024.html,rec_b9c1afcc7327c499,A
cand_496e79ef24839af0,广西壮族自治区黎塘粮食储备库有限公司,physical_site,grain_depot,广西壮族自治区,南宁市,宾阳县,,,,,,unknown,unknown,amap,广西壮族自治区黎塘粮食储备库有限公司 南宁市 宾阳县,,manual_review,2026-08-10T18:23:55+08:00,primary,data/raw/guangxi_reserve_companies_2024.html,rec_5db31527e4661750,A
cand_0ef95076697e3a66,横州市六景粮食储备中心库,physical_site,grain_depot,广西壮族自治区,南宁市,横州市,,,,,,unknown,unknown,amap,横州市六景粮食储备中心库 南宁市 横州市,,manual_review,2026-08-10T18:23:58+08:00,primary,data/raw/guangxi_reserve_companies_2024.html,rec_fc91f7cfaefa02dd,A
cand_a239b1f6b7d8c252,广西壮族自治区柳州粮食储备库有限公司,physical_site,grain_depot,广西壮族自治区,柳州市,,,,,,,unknown,unknown,amap,广西壮族自治区柳州粮食储备库有限公司 柳州市,,manual_review,2026-08-10T18:24:00+08:00,secondary,data/raw/guangxi_reserve_companies_2024.html,rec_ea6713f8b844ec2c,A
cand_eba0d18f5ba101c5,广西壮族自治区融安粮食储备库有限公司,physical_site,grain_depot,广西壮族自治区,柳州市,融安县,,,,,,unknown,unknown,amap,广西壮族自治区融安粮食储备库有限公司 柳州市 融安县,,manual_review,2026-08-10T18:24:02+08:00,secondary,data/raw/guangxi_reserve_companies_2024.html,rec_8f663c2de6636de0,A
cand_f54ed0b90b0134c6,广西柳州黄村粮食储备库有限公司,physical_site,grain_depot,广西壮族自治区,柳州市,,,,,,,unknown,unknown,amap,广西柳州黄村粮食储备库有限公司 柳州市,,manual_review,2026-08-10T18:24:04+08:00,secondary,data/raw/guangxi_reserve_companies_2024.html,rec_9d12604c955679e0,A
cand_43b64b42ab8c9a41,柳州市五里卡粮库有限公司,physical_site,grain_depot,广西壮族自治区,柳州市,,,,,,,unknown,unknown,amap,柳州市五里卡粮库有限公司 柳州市,,manual_review,2026-08-10T18:24:06+08:00,secondary,data/raw/guangxi_reserve_companies_2024.html,rec_b8557e5fb94fe8bc,A
cand_37e5fe58ed6b1019,广西南宁农产品交易中心,market,agricultural_wholesale_market,广西壮族自治区,南宁市,,,广西壮族自治区南宁市青秀区长虹路88号,108.434803,22.847822,GCJ02,map_poi,high,amap,南宁农产品交易中心,南宁农产品交易中心,high,2026-08-10T18:22:20+08:00,primary,data/raw/moa_designated_wholesale_markets_2024.pdf,rec_ee9278ec309cd697,A
cand_0c11d4306b76360d,广西南宁市佳禾市场投资开发有限公司,market,agricultural_wholesale_market,广西壮族自治区,南宁市,,,,,,,unknown,unknown,amap,广西南宁市佳禾市场投资开发有限公司,佳德源市场投资开发有限公司,manual_review,2026-08-10T18:22:20+08:00,primary,data/raw/moa_designated_wholesale_markets_2024.pdf,rec_3ccb120ab1ff653d,A
cand_29f4b1d2c15ea9ff,广西南宁市饲料兽药名龟市场,market,agricultural_wholesale_market,广西壮族自治区,南宁市,,,,,,,unknown,unknown,amap,广西南宁市饲料兽药名龟市场,南宁市饲料兽药名龟市场,manual_review,2026-08-10T18:22:20+08:00,primary,data/raw/moa_designated_wholesale_markets_2024.pdf,rec_7d282df014785214,A
cand_a3edd51854abaf12,南宁市邕宁区中和粮食管理所,unknown,grain_reserve,广西壮族自治区,南宁市,邕宁区,,,,,,unknown,unknown,amap,南宁市邕宁区中和粮食管理所 南宁市 邕宁区,,manual_review,2026-08-10T18:24:07+08:00,primary,data/raw/guangxi_reserve_companies_2024.html,rec_0a3eea9cd611d928,A
cand_4c72cf86700755c8,南宁市邕宁区新江镇粮食管理所,unknown,grain_reserve,广西壮族自治区,南宁市,邕宁区,,广西壮族自治区南宁市邕宁区新江街553号,108.496289,22.622156,GCJ02,map_poi,medium,amap,南宁市邕宁区新江镇粮食管理所,南宁市邕宁区新江粮食管理所,medium,2026-08-10T18:22:22+08:00,primary,data/raw/guangxi_reserve_companies_2024.html,rec_8fd6a836a6609a71,A
cand_6c2c244f16656758,南宁市邕宁区百济粮食管理所,unknown,grain_reserve,广西壮族自治区,南宁市,邕宁区,,,,,,unknown,unknown,amap,南宁市邕宁区百济粮食管理所 南宁市 邕宁区,,manual_review,2026-08-10T18:24:08+08:00,primary,data/raw/guangxi_reserve_companies_2024.html,rec_c111f05a56ffbcc7,A
cand_d3927f907d37007c,南宁市邕宁区蒲庙粮食管理所,unknown,grain_reserve,广西壮族自治区,南宁市,邕宁区,,,,,,unknown,unknown,amap,南宁市邕宁区蒲庙粮食管理所 南宁市 邕宁区,,manual_review,2026-08-10T18:24:10+08:00,primary,data/raw/guangxi_reserve_companies_2024.html,rec_074f017f714aed2e,A
cand_d51dab97136e76cb,南宁市邕宁区那楼粮食管理所,unknown,grain_reserve,广西壮族自治区,南宁市,邕宁区,,广西壮族自治区南宁市邕宁区政通路与022县道交叉口东40米,108.634317,22.607087,GCJ02,map_poi,high,amap,南宁市邕宁区那楼粮食管理所,南宁市邕宁区那楼粮食管理所,high,2026-08-10T18:22:23+08:00,primary,data/raw/guangxi_reserve_companies_2024.html,rec_01f6a653aab00f59,A
cand_9aae78a5715e9e82,南宁市青秀区刘圩粮食管理所,unknown,grain_reserve,广西壮族自治区,南宁市,青秀区,,,,,,unknown,unknown,amap,南宁市青秀区刘圩粮食管理所 南宁市 青秀区,,manual_review,2026-08-10T18:24:11+08:00,primary,data/raw/guangxi_reserve_companies_2024.html,rec_6dacf49e726b364d,A
cand_03ace0791ecdeed9,南宁市青秀区南阳粮食管理所,unknown,grain_reserve,广西壮族自治区,南宁市,青秀区,,,,,,unknown,unknown,amap,南宁市青秀区南阳粮食管理所 南宁市 青秀区,,manual_review,2026-08-10T18:24:12+08:00,primary,data/raw/guangxi_reserve_companies_2024.html,rec_5eb4ca1bb6d1cd01,A
cand_1f801d68472c8d74,柳州市柳江区军粮供应站,unknown,military_grain_supply,广西壮族自治区,柳州市,柳江区,,,,,,unknown,unknown,amap,柳州市柳江区军粮供应站 柳州市 柳江区,,manual_review,2026-08-10T18:24:13+08:00,secondary,data/raw/guangxi_reserve_companies_2024.html,rec_8868b684338a0f43,A
cand_8adfe02874c91e97,鹿寨县军粮供应站,unknown,military_grain_supply,广西壮族自治区,柳州市,鹿寨县,,,,,,unknown,unknown,amap,鹿寨县军粮供应站 柳州市 鹿寨县,,manual_review,2026-08-10T18:24:14+08:00,secondary,data/raw/guangxi_reserve_companies_2024.html,rec_1ed80dc2110eb68f,A
cand_39a6690f6b3bfb94,上林县安恒储备粮管理有限公司,organization,grain_reserve,广西壮族自治区,南宁市,上林县,,,,,,unknown,unknown,amap,上林县安恒储备粮管理有限公司,上林县安恒储备粮管理有限公司白圩分公司,manual_review,2026-08-10T18:22:25+08:00,primary,data/raw/guangxi_reserve_companies_2024.html,rec_329fed119b72e5c2,A
cand_31075dbd797a10ad,上林县安恒储备粮管理有限公司三里分公司,organization,grain_reserve,广西壮族自治区,南宁市,上林县,,,,,,unknown,unknown,amap,上林县安恒储备粮管理有限公司三里分公司,上林县安恒储备粮管理有限公司白圩分公司,manual_review,2026-08-10T18:22:26+08:00,primary,data/raw/guangxi_reserve_companies_2024.html,rec_3f396d23525cd410,A
cand_7df47649fa9924dd,上林县安恒储备粮管理有限公司乔贤分公司,organization,grain_reserve,广西壮族自治区,南宁市,上林县,,,,,,unknown,unknown,amap,上林县安恒储备粮管理有限公司乔贤分公司,上林县安恒储备粮管理有限公司白圩分公司,manual_review,2026-08-10T18:22:26+08:00,primary,data/raw/guangxi_reserve_companies_2024.html,rec_3e36d92b7ed7194b,A
cand_a43116a1602a27ab,上林县安恒储备粮管理有限公司塘红万福分公司,organization,grain_reserve,广西壮族自治区,南宁市,上林县,,,,,,unknown,unknown,amap,上林县安恒储备粮管理有限公司塘红万福分公司,上林县安恒储备粮管理有限公司白圩分公司,manual_review,2026-08-10T18:24:15+08:00,primary,data/raw/guangxi_reserve_companies_2024.html,rec_7ab5cda81c309b42,A
cand_bca8e2dd3a82b40a,上林县安恒储备粮管理有限公司塘红分公司,organization,grain_reserve,广西壮族自治区,南宁市,上林县,,,,,,unknown,unknown,amap,上林县安恒储备粮管理有限公司塘红分公司,上林县安恒储备粮管理有限公司白圩分公司,manual_review,2026-08-10T18:24:16+08:00,primary,data/raw/guangxi_reserve_companies_2024.html,rec_3b771f55910a99d9,A
cand_7b6cc030d3c877ea,上林县安恒储备粮管理有限公司大丰分公司,organization,grain_reserve,广西壮族自治区,南宁市,上林县,,,,,,unknown,unknown,amap,上林县安恒储备粮管理有限公司大丰分公司,上林县安恒储备粮管理有限公司白圩分公司,manual_review,2026-08-10T18:24:17+08:00,primary,data/raw/guangxi_reserve_companies_2024.html,rec_88a6cb8c16dcd358,A
cand_6d55daae11d4c440,上林县安恒储备粮管理有限公司巷贤分公司,organization,grain_reserve,广西壮族自治区,南宁市,上林县,,,,,,unknown,unknown,amap,上林县安恒储备粮管理有限公司巷贤分公司,上林县安恒储备粮管理有限公司白圩分公司,manual_review,2026-08-10T18:24:17+08:00,primary,data/raw/guangxi_reserve_companies_2024.html,rec_3a5244ae939afec5,A
cand_cc733815a61b3bbc,上林县安恒储备粮管理有限公司明亮分公司,organization,grain_reserve,广西壮族自治区,南宁市,上林县,,,,,,unknown,unknown,amap,上林县安恒储备粮管理有限公司明亮分公司,上林县安恒储备粮管理有限公司白圩分公司,manual_review,2026-08-10T18:24:18+08:00,primary,data/raw/guangxi_reserve_companies_2024.html,rec_0379aeaeebfae59c,A
cand_107d87fa017d4370,上林县安恒储备粮管理有限公司澄泰分公司,organization,grain_reserve,广西壮族自治区,南宁市,上林县,,,,,,unknown,unknown,amap,上林县安恒储备粮管理有限公司澄泰分公司,上林县安恒储备粮管理有限公司白圩分公司,manual_review,2026-08-10T18:24:19+08:00,primary,data/raw/guangxi_reserve_companies_2024.html,rec_4e3036d97ebeb28c,A
cand_2dace2477f38e896,上林县安恒储备粮管理有限公司澄泰金鼓分公司,organization,grain_reserve,广西壮族自治区,南宁市,上林县,,,,,,unknown,unknown,amap,上林县安恒储备粮管理有限公司澄泰金鼓分公司,上林县安恒储备粮管理有限公司白圩分公司,manual_review,2026-08-10T18:24:20+08:00,primary,data/raw/guangxi_reserve_companies_2024.html,rec_7863b5e2b373e181,A
cand_1e9fe4c9f58328d8,上林县安恒储备粮管理有限公司白圩分公司,organization,grain_reserve,广西壮族自治区,南宁市,上林县,,广西壮族自治区南宁市上林县五零七县道(上林县)与027乡道交叉口北480米,108.752915,23.413406,GCJ02,map_poi,high,amap,上林县安恒储备粮管理有限公司白圩分公司,上林县安恒储备粮管理有限公司白圩分公司,high,2026-08-10T18:24:21+08:00,primary,data/raw/guangxi_reserve_companies_2024.html,rec_f8c62e1242f5fb57,A
cand_9ca3af7e95041f51,上林县安恒储备粮管理有限公司白圩狮螺分公司,organization,grain_reserve,广西壮族自治区,南宁市,上林县,,,,,,unknown,unknown,amap,上林县安恒储备粮管理有限公司白圩狮螺分公司,上林县安恒储备粮管理有限公司白圩分公司,manual_review,2026-08-10T18:24:22+08:00,primary,data/raw/guangxi_reserve_companies_2024.html,rec_52073b609a096e8e,A
cand_850c1b18b35c855e,上林县安恒储备粮管理有限公司西燕分公司,organization,grain_reserve,广西壮族自治区,南宁市,上林县,,,,,,unknown,unknown,amap,上林县安恒储备粮管理有限公司西燕分公司,上林县安恒储备粮管理有限公司白圩分公司,manual_review,2026-08-10T18:24:23+08:00,primary,data/raw/guangxi_reserve_companies_2024.html,rec_04fe8771fa5ea953,A
cand_1f9ad23f9a21ef9f,上林县安恒储备粮管理有限公司镇圩分公司,organization,grain_reserve,广西壮族自治区,南宁市,上林县,,,,,,unknown,unknown,amap,上林县安恒储备粮管理有限公司镇圩分公司,上林县安恒储备粮管理有限公司白圩分公司,manual_review,2026-08-10T18:24:24+08:00,primary,data/raw/guangxi_reserve_companies_2024.html,rec_e85aef44e4e6b995,A
cand_80090411c388cb69,南宁佳美粮油食品有限公司,organization,other,广西壮族自治区,南宁市,,,,,,,unknown,unknown,amap,南宁佳美粮油食品有限公司 南宁市,,manual_review,2026-08-10T18:24:25+08:00,primary,data/raw/guangxi_reserve_companies_2024.html,rec_403bcf1bace98b24,A
cand_91ebae3cd24b144c,南宁市储备粮管理有限责任公司,organization,grain_reserve,广西壮族自治区,南宁市,,,,,,,unknown,unknown,amap,南宁市储备粮管理有限责任公司 南宁市,,manual_review,2026-08-10T18:24:26+08:00,primary,data/raw/guangxi_reserve_companies_2024.html,rec_0b4e9939bf0257a8,A
cand_477a7dd5f7426e0e,南宁市武鸣区岭南粮油工贸有限责任公司,organization,other,广西壮族自治区,南宁市,武鸣区,,,,,,unknown,unknown,amap,南宁市武鸣区岭南粮油工贸有限责任公司 南宁市 武鸣区,,manual_review,2026-08-10T18:24:27+08:00,primary,data/raw/guangxi_reserve_companies_2024.html,rec_828a5606b8b1877c,A
cand_6af18a60142250f1,南宁市武鸣区粮油购销有限总公司,organization,grain_reserve,广西壮族自治区,南宁市,武鸣区,,,,,,unknown,unknown,amap,南宁市武鸣区粮油购销有限总公司 南宁市 武鸣区,,manual_review,2026-08-10T18:24:28+08:00,primary,data/raw/guangxi_reserve_companies_2024.html,rec_a8487aca7d7600e0,A
cand_327043fd258fdf09,南宁市江丰粮食收储管理中心,organization,grain_reserve,广西壮族自治区,南宁市,,,,,,,unknown,unknown,amap,南宁市江丰粮食收储管理中心 南宁市,,manual_review,2026-08-10T18:24:29+08:00,primary,data/raw/guangxi_reserve_companies_2024.html,rec_1dc7f05d53baf9a5,A
cand_2474e02c6ca901a2,南宁市良庆区庆丰粮油购储管理有限公司,organization,other,广西壮族自治区,南宁市,良庆区,,,,,,unknown,unknown,amap,南宁市良庆区庆丰粮油购储管理有限公司 南宁市 良庆区,,manual_review,2026-08-10T18:24:30+08:00,primary,data/raw/guangxi_reserve_companies_2024.html,rec_54515906fecff157,A
cand_32f2941e8c9ff16b,南宁市邕宁区储备粮管理有限责任公司,organization,grain_reserve,广西壮族自治区,南宁市,邕宁区,,,,,,unknown,unknown,amap,南宁市邕宁区储备粮管理有限责任公司 南宁市 邕宁区,,manual_review,2026-08-10T18:24:32+08:00,primary,data/raw/guangxi_reserve_companies_2024.html,rec_79f1683260483ae5,A
cand_190afb3f474327c9,南宁市金谷隆粮油购销有限责任公司,organization,grain_reserve,广西壮族自治区,南宁市,,,广西壮族自治区南宁市青秀区长虹路88号南宁农产品交易中心,108.436276,22.849861,GCJ02,map_poi,medium,amap,南宁市金谷隆粮油购销有限责任公司,金谷隆粮油购销有限责任公司,medium,2026-08-10T18:24:33+08:00,primary,data/raw/guangxi_reserve_companies_2024.html,rec_eaa6d05dd40c0abc,A
cand_b7eab335595c04ea,南宁市食桂鲜农产品配送有限公司,organization,government_procurement_supplier,广西壮族自治区,南宁市,江南区,"南宁市江南区五一路101号,南宁市五一中路农贸市场综合楼一楼11号铺面",广西壮族自治区南宁市江南区五一路五1中路,108.271045,22.806803,GCJ02,original_source,high,amap,"南宁市江南区五一路101号,南宁市五一中路农贸市场综合楼一楼11号铺面",广西壮族自治区南宁市江南区五一路五1中路,medium,2026-08-10T18:24:34+08:00,primary,data/raw/beihai_food_suppliers.pdf;data/raw/guigang_food_suppliers_310.pdf;data/raw/pingguo_meat_suppliers.pdf;data/raw/pingguo_vegetable_fruit_suppliers.pdf,rec_fa592a18ccdd657b;rec_5d550b872e056373;rec_2cb59a155a4bb56c;rec_38a65a05b1887393;rec_7adfe6569d30871f;rec_d7f26c02124f3efc;rec_42a724f99613685e;rec_13cfd912e819d73c;rec_654d57355c9797c8;rec_ff08cf1bee560372;rec_d3d32ab3a7cc2e4e;rec_b4d2ff13337fdc80;rec_2f75412032154ae4;rec_f079d49b322b3d0f;rec_d247409b7514fcca,C
cand_2c10d1d9db502730,宾阳县粮食收储有限责任公司,organization,grain_reserve,广西壮族自治区,南宁市,宾阳县,,,,,,unknown,unknown,amap,宾阳县粮食收储有限责任公司,宾阳县黎塘粮食购销有限责任公司,manual_review,2026-08-10T18:24:35+08:00,primary,data/raw/guangxi_reserve_companies_2024.html,rec_c1bfc14f47884768,A
cand_65fa03f274e11530,宾阳县芦圩粮食购销有限责任公司,organization,grain_reserve,广西壮族自治区,南宁市,宾阳县,,,,,,unknown,unknown,amap,宾阳县芦圩粮食购销有限责任公司,宾阳县黎塘粮食购销有限责任公司,manual_review,2026-08-10T18:24:36+08:00,primary,data/raw/guangxi_reserve_companies_2024.html,rec_68c74a394dfa504d,A
cand_5cff99a02c1e4857,宾阳县黎塘粮食购销有限责任公司,organization,grain_reserve,广西壮族自治区,南宁市,宾阳县,,广西壮族自治区南宁市宾阳县黎塘镇金龙大道8号大米厂2楼,109.130874,23.196660,GCJ02,map_poi,high,amap,宾阳县黎塘粮食购销有限责任公司,宾阳县黎塘粮食购销有限责任公司,high,2026-08-10T18:24:37+08:00,primary,data/raw/guangxi_reserve_companies_2024.html,rec_2300ba0f9f63f50b,A
cand_b0778a9a5e12f7ed,广西万乡河餐饮集团有限公司,organization,government_procurement_supplier,广西壮族自治区,南宁市,,南宁市广西-东盟经济技术开发区安平路23号(1号厂房),广西壮族自治区南宁市武鸣区东盟经济技术开发区安平路23号,108.214726,23.181365,GCJ02,original_source,high,amap,南宁市广西-东盟经济技术开发区安平路23号(1号厂房),广西壮族自治区南宁市武鸣区东盟经济技术开发区安平路23号,medium,2026-08-10T18:24:37+08:00,primary,data/raw/beihai_food_suppliers.pdf;data/raw/guigang_food_suppliers_310.pdf;data/raw/pingguo_meat_suppliers.pdf;data/raw/pingguo_vegetable_fruit_suppliers.pdf,rec_6c463fedbab6175b;rec_dcc36ac0282b6f2b;rec_b3c4eb7db7a799bd;rec_157027e022047c74;rec_169907eed22b65ca;rec_77bd352a2c09c2e8;rec_fcdcbd5c644c9912;rec_47d6718866b48c36;rec_286d5d606f41045c,B
cand_5e0f820569fae897,广西中邮物流有限责任公司,organization,government_procurement_supplier,广西壮族自治区,南宁市,青秀区,南宁市青秀区金浦路三支路1号广西邮政南宁物流中心及通信调度楼五至七层,广西壮族自治区南宁市青秀区金浦路三支路1号,108.374303,22.815210,GCJ02,original_source,high,amap,南宁市青秀区金浦路三支路1号广西邮政南宁物流中心及通信调度楼五至七层,广西壮族自治区南宁市青秀区金浦路三支路1号,medium,2026-08-10T18:24:38+08:00,primary,data/raw/guigang_food_suppliers_310.pdf,rec_cca737bc3b7e0554,B
cand_208b284bb7700347,广西二师兄食品有限公司,organization,government_procurement_supplier,广西壮族自治区,南宁市,江南区,南宁市江南区沙井街道办南乡村六组定津路 2 号,广西壮族自治区南宁市江南区沙井南乡村定津路2号,108.254773,22.806830,GCJ02,original_source,high,amap,南宁市江南区沙井街道办南乡村六组定津路 2 号,广西壮族自治区南宁市江南区沙井南乡村定津路2号,medium,2026-08-10T18:24:39+08:00,primary,data/raw/guigang_food_suppliers_310.pdf;data/raw/pingguo_meat_suppliers.pdf;data/raw/pingguo_vegetable_fruit_suppliers.pdf,rec_da2b215e91be3923;rec_38fedf6a819e3387;rec_f8490234bee9c706;rec_7402631acfe84435;rec_6068cac77c8c5a09;rec_ae3aa98c3a7cd6e0;rec_df5d2f03aa9e0a8f;rec_0dfc664b3068df67;rec_9fe23308b7798ad2,C
cand_2c2d3f2a0a855b34,广西冠淇食品集团有限公司,organization,government_procurement_supplier,广西壮族自治区,南宁市,,南宁市伊岭工业集中区B-43号1号厂房,广西壮族自治区南宁市武鸣区南宁市伊岭工业集中区,108.291252,23.132781,GCJ02,original_source,high,amap,南宁市伊岭工业集中区B-43号1号厂房,广西壮族自治区南宁市武鸣区南宁市伊岭工业集中区,medium,2026-08-10T18:24:40+08:00,primary,data/raw/guigang_food_suppliers_310.pdf,rec_8096ec24b99a4fd4,B
cand_3a922a6e70bafbcc,广西南宁明璨贸易有限公司,organization,government_procurement_supplier,广西壮族自治区,南宁市,青秀区,南宁市青秀区竹溪南路8号新新家园邕江云影A栋2单元0601号房,广西壮族自治区南宁市青秀区竹溪南路8号新新家园邕江云影A栋,108.351912,22.791845,GCJ02,original_source,high,amap,南宁市青秀区竹溪南路8号新新家园邕江云影A栋2单元0601号房,广西壮族自治区南宁市青秀区竹溪南路8号新新家园邕江云影A栋,medium,2026-08-10T18:24:40+08:00,primary,data/raw/guigang_food_suppliers_310.pdf;data/raw/pingguo_meat_suppliers.pdf;data/raw/pingguo_vegetable_fruit_suppliers.pdf,rec_d0922b601666259a;rec_fad1df8e06f748da;rec_19a5623dd7f8a9ad;rec_7a3a9e61adf76165,C
cand_3ef8578379c49ff4,广西南宁福象粮油有限公司,organization,other,广西壮族自治区,南宁市,,,广西壮族自治区南宁市江南区五一西路五一粮油市场后面,108.257133,22.813008,GCJ02,map_poi,high,amap,广西南宁福象粮油有限公司,广西南宁福象粮油有限公司,high,2026-08-10T18:24:41+08:00,primary,data/raw/guangxi_reserve_companies_2024.html,rec_586f07b3e23f5796,A
cand_893e6f1f3b963811,广西南宁粮满餐餐饮服务有限公司,organization,government_procurement_supplier,广西壮族自治区,南宁市,,,,,,,unknown,unknown,amap,广西南宁粮满餐餐饮服务有限公司 南宁市,,manual_review,2026-08-10T18:24:43+08:00,primary,data/raw/pingguo_meat_suppliers.pdf;data/raw/pingguo_vegetable_fruit_suppliers.pdf,rec_0bb31fa455abcb53;rec_11b0d83ce97e4647,C
cand_54c62c5780d772b2,广西叁六玖供应链管理有限公司,organization,government_procurement_supplier,广西壮族自治区,南宁市,江南区,南宁市江南区江南街道富德村十六组28号B区1栋101号,广西壮族自治区南宁市江南区江南街道富德村,108.267399,22.809156,GCJ02,original_source,high,amap,南宁市江南区江南街道富德村十六组28号B区1栋101号,广西壮族自治区南宁市江南区江南街道富德村,medium,2026-08-10T18:24:44+08:00,primary,data/raw/guigang_food_suppliers_310.pdf;data/raw/pingguo_meat_suppliers.pdf;data/raw/pingguo_vegetable_fruit_suppliers.pdf,rec_b8d64815aa807a2b;rec_586726b77c2a9f73;rec_9ba1b548ceb79dd7,C
cand_08c9beea1ee82700,广西天华盛隆餐饮管理有限公司,organization,government_procurement_supplier,广西壮族自治区,南宁市,江南区,南宁市江南区白沙大道38-8号综合楼(北楼)25层2501、2502、2503、2503A号商铺,南宁市江南区白沙大道38-8号综合楼(北楼)25层2501、2502、2503、2503A号商铺,,,,original_source,high,amap,南宁市江南区白沙大道38-8号综合楼(北楼)25层2501、2502、2503、2503A号商铺,,manual_review,2026-08-10T18:24:46+08:00,primary,data/raw/guigang_food_suppliers_310.pdf,rec_822803590b96ac03;rec_62a813f446dba246;rec_2ec75e90abb36d1c;rec_29577730b4d87757;rec_b3672cc1f6698d05,C
cand_ff82f84d0c37726a,广西宜家鲜供应链有限公司,organization,government_procurement_supplier,广西壮族自治区,南宁市,,南宁市金凯路106号联东U谷南宁经开科技港标准厂房4号厂房102号房一、二楼,广西壮族自治区南宁市江南区金凯路联东U谷·南宁经开科技港,108.250700,22.768584,GCJ02,original_source,high,amap,南宁市金凯路106号联东U谷南宁经开科技港标准厂房4号厂房102号房一、二楼,广西壮族自治区南宁市江南区金凯路联东U谷·南宁经开科技港,medium,2026-08-10T18:24:47+08:00,primary,data/raw/guigang_food_suppliers_310.pdf,rec_9151704b3ad90b2b;rec_ab1425eea58a0469;rec_8fee7f948fa3f811;rec_651c85fe404ac091;rec_7f395075804b11c0,B
cand_b630175bcee48602,广西康然生态农业有限公司,organization,government_procurement_supplier,广西壮族自治区,南宁市,,南宁市金凯路98号光科技产业园科研楼二,南宁市金凯路98号光科技产业园科研楼二,,,,original_source,high,amap,南宁市金凯路98号光科技产业园科研楼二,,manual_review,2026-08-10T18:24:48+08:00,primary,data/raw/beihai_food_suppliers.pdf;data/raw/guigang_food_suppliers_310.pdf;data/raw/pingguo_meat_suppliers.pdf;data/raw/pingguo_vegetable_fruit_suppliers.pdf,rec_3157ed7487407578;rec_b982a9f6382be577;rec_a5005c0266291b04;rec_cef76101ffc2cc4f;rec_6f6c76490a2f87de;rec_8cb0a26a0d35c24e;rec_ef65c2bcd9a44b1d;rec_7bb68806473dc697,C
cand_6bf9fba2a09552d6,广西捷邦贸易有限公司,organization,government_procurement_supplier,广西壮族自治区,南宁市,良庆区,广西南宁市良庆区金龙路2号万科大厦B座1146,广西壮族自治区南宁市良庆区广西镇金龙路南宁万科大厦b座,108.378253,22.765196,GCJ02,original_source,high,amap,广西南宁市良庆区金龙路2号万科大厦B座1146,广西壮族自治区南宁市良庆区广西镇金龙路南宁万科大厦b座,medium,2026-08-10T18:24:49+08:00,primary,data/raw/guigang_food_suppliers_310.pdf,rec_e7c7c65a437fecf8;rec_f59b7654f51d0785;rec_a562f9c8fa4b4623;rec_ff589c8232e52d2d;rec_805ae62e139b2305;rec_c1c9ea1a3199a9e0,C
cand_95e1ebffcea71e00,广西旅发洪泉智慧城市运营管理有限公司,organization,government_procurement_supplier,广西壮族自治区,南宁市,,中国 (广西)自由贸易试验区南宁片区平乐大道10号五象新区核心区商务街商务办公区4号楼14层1401号,中国(广西)自由贸易试验区南宁片区平乐大道10号五象新区核心区商务街商务办公区4号楼14层1401号,,,,original_source,high,amap,中国 (广西)自由贸易试验区南宁片区平乐大道10号五象新区核心区商务街商务办公区4号楼14层1401号,,manual_review,2026-08-10T18:24:50+08:00,primary,data/raw/guigang_food_suppliers_310.pdf,rec_b4f1899cf1fdabb3,C
cand_f2f6f1c6284cd2f4,广西春江供应链有限公司,organization,government_procurement_supplier,广西壮族自治区,南宁市,,南宁东部产业新城六景工业园区景春路6号1号楼208室,广西壮族自治区南宁市横州市六景工业园区景春路6号,108.914946,22.849966,GCJ02,original_source,high,amap,南宁东部产业新城六景工业园区景春路6号1号楼208室,广西壮族自治区南宁市横州市六景工业园区景春路6号,medium,2026-08-10T18:24:50+08:00,primary,data/raw/guigang_food_suppliers_310.pdf,rec_f5b37d50e432923c,C
cand_866e7d9337ea9fa0,广西桂海通餐饮服务有限公司,organization,government_procurement_supplier,广西壮族自治区,南宁市,兴宁区,南宁市兴宁区昆岭路5号内四号仓库1号库房,广西壮族自治区南宁市兴宁区昆岭路8号,108.394761,22.882947,GCJ02,original_source,high,amap,南宁市兴宁区昆岭路5号内四号仓库1号库房,广西壮族自治区南宁市兴宁区昆岭路8号,medium,2026-08-10T18:24:51+08:00,primary,data/raw/guigang_food_suppliers_310.pdf,rec_1e1a3ed716a957f1,B
cand_0c3523b8da21b818,广西桂然生态农业有限公司,organization,government_procurement_supplier,广西壮族自治区,南宁市,江南区,南宁市江南区五一中路新福里2-1号-1,广西壮族自治区南宁市江南区新福里2号,108.285606,22.799480,GCJ02,original_source,high,amap,南宁市江南区五一中路新福里2-1号-1,广西壮族自治区南宁市江南区新福里2号,medium,2026-08-10T18:24:52+08:00,primary,data/raw/guigang_food_suppliers_310.pdf,rec_52a4a4f23e2e7793;rec_c27823ca1bad2d24,C
cand_04e378e155752c29,广西爱食鲜农产品有限公司,organization,government_procurement_supplier,广西壮族自治区,南宁市,良庆区,南宁市良庆区博艺路10号金源一品2号楼二十五层2502号房,广西壮族自治区南宁市良庆区博艺路10号金源一品(东门),108.381352,22.772653,GCJ02,original_source,high,amap,南宁市良庆区博艺路10号金源一品2号楼二十五层2502号房,广西壮族自治区南宁市良庆区博艺路10号金源一品(东门),medium,2026-08-10T18:24:53+08:00,primary,data/raw/guigang_food_suppliers_310.pdf,rec_7f256e227fa6c738;rec_26e8a1e0b4647fd7;rec_689ab83e3576cb18,C
cand_3bcf04ff57f70b2c,广西盛鲜源供应链管理有限公司,organization,government_procurement_supplier,广西壮族自治区,南宁市,兴宁区,南宁市兴宁区三塘南路86号标准厂项目第7栋1层101号房,广西壮族自治区南宁市兴宁区三塘南路86号,108.420973,22.868850,GCJ02,original_source,high,amap,南宁市兴宁区三塘南路86号标准厂项目第7栋1层101号房,广西壮族自治区南宁市兴宁区三塘南路86号,medium,2026-08-10T18:24:54+08:00,primary,data/raw/beihai_food_suppliers.pdf,rec_f63e996277342524;rec_31b3f93a74aeb3b4,C
cand_1f537d2e9d1e701e,广西睿慧农鲜供应链管理有限公司,organization,government_procurement_supplier,广西壮族自治区,南宁市,青秀区,南宁市青秀区竹溪大道86号广源国际社区6号701号,广西壮族自治区南宁市青秀区竹溪大道86号15栋,108.370224,22.801206,GCJ02,original_source,high,amap,南宁市青秀区竹溪大道86号广源国际社区6号701号,广西壮族自治区南宁市青秀区竹溪大道86号15栋,medium,2026-08-10T18:24:54+08:00,primary,data/raw/guigang_food_suppliers_310.pdf,rec_5a868a5a2b2c85e8;rec_1be4a3469ee8b157;rec_b05acb71b1097779,C
cand_4fe1097d58f3cd3b,广西衡尚餐饮管理有限公司,organization,government_procurement_supplier,广西壮族自治区,南宁市,,南宁市桃源路62号市体育局饭堂(基地食尚家)第1-4层,南宁市桃源路62号市体育局饭堂(基地食尚家)第1-4层,,,,original_source,high,amap,南宁市桃源路62号市体育局饭堂(基地食尚家)第1-4层,,manual_review,2026-08-10T18:24:55+08:00,primary,data/raw/guigang_food_suppliers_310.pdf;data/raw/pingguo_meat_suppliers.pdf;data/raw/pingguo_vegetable_fruit_suppliers.pdf,rec_ae477449c8866170;rec_bc95e8a84ae5efa0;rec_a48572d647c2151e,C
cand_75ba996e7b3a240a,广西马山县蔡家粮油食品有限公司,organization,government_procurement_supplier,广西壮族自治区,南宁市,马山县,,,,,,unknown,unknown,amap,广西马山县蔡家粮油食品有限公司 南宁市 马山县,,manual_review,2026-08-10T18:24:57+08:00,primary,data/raw/pingguo_vegetable_fruit_suppliers.pdf,rec_573cfa1ca66c5d1f,C
cand_0139cf3fb696d22f,盈顶汇食品集团股份有限公司,organization,government_procurement_supplier,广西壮族自治区,南宁市,西乡塘区,南宁市西乡塘区大学东路27号嘉州华都A座一层104-117号、B座一层124、125-1、128-129号,广西壮族自治区南宁市西乡塘区大学东路27号5幢,108.292143,22.829773,GCJ02,original_source,high,amap,南宁市西乡塘区大学东路27号嘉州华都A座一层104-117号、B座一层124、125-1、128-129号,广西壮族自治区南宁市西乡塘区大学东路27号5幢,medium,2026-08-10T18:24:58+08:00,primary,data/raw/guigang_food_suppliers_310.pdf,rec_3690e0c0d6da3a00;rec_6f2e254de53756ab;rec_0309863aafc0660b,C
cand_a36f11b3ce2e710b,隆安县储备粮管理公司,organization,grain_reserve,广西壮族自治区,南宁市,隆安县,,,,,,unknown,unknown,amap,隆安县储备粮管理公司 南宁市 隆安县,,manual_review,2026-08-10T18:24:59+08:00,primary,data/raw/guangxi_reserve_companies_2024.html,rec_d0ea32a1e209e553,A
cand_8acfc058efdb2acf,马山县储备粮管理公司,organization,grain_reserve,广西壮族自治区,南宁市,马山县,,,,,,unknown,unknown,amap,马山县储备粮管理公司 南宁市 马山县,,manual_review,2026-08-10T18:25:00+08:00,primary,data/raw/guangxi_reserve_companies_2024.html,rec_8f87253fdf4df0c2,A
cand_c67c7020a4b679e8,三江侗族自治县粮食购销和储备粮管理中心,organization,grain_reserve,广西壮族自治区,柳州市,三江侗族自治县,,,,,,unknown,unknown,amap,三江侗族自治县粮食购销和储备粮管理中心 柳州市 三江侗族自治县,,manual_review,2026-08-10T18:25:02+08:00,secondary,data/raw/guangxi_reserve_companies_2024.html,rec_32bf5af2b27ef471,A
cand_a04decc505961a84,广西柳州福象粮油有限公司,organization,other,广西壮族自治区,柳州市,,,,,,,unknown,unknown,amap,广西柳州福象粮油有限公司,广西福象粮油有限公司,manual_review,2026-08-10T18:25:03+08:00,secondary,data/raw/guangxi_reserve_companies_2024.html,rec_214c7d91bd4798ef,A
cand_dcd4b1d88408eed4,广西柳州粮食收储有限公司,organization,grain_reserve,广西壮族自治区,柳州市,,,,,,,unknown,unknown,amap,广西柳州粮食收储有限公司 柳州市,,manual_review,2026-08-10T18:25:04+08:00,secondary,data/raw/guangxi_reserve_companies_2024.html,rec_7e774003bfca066c,A
cand_3e240c6dc4086811,广西福象粮油有限公司,organization,other,广西壮族自治区,柳州市,,,广西壮族自治区柳州市柳南区柳太路11-1号,109.363636,24.333693,GCJ02,map_poi,high,amap,广西福象粮油有限公司,广西福象粮油有限公司,high,2026-08-10T18:25:05+08:00,secondary,data/raw/guangxi_reserve_companies_2024.html,rec_85936580b10df917,A
cand_e7e4e17429979e24,柳城县金稻香粮食收储有限责任公司,organization,grain_reserve,广西壮族自治区,柳州市,柳城县,,,,,,unknown,unknown,amap,柳城县金稻香粮食收储有限责任公司 柳州市 柳城县,,manual_review,2026-08-10T18:25:06+08:00,secondary,data/raw/guangxi_reserve_companies_2024.html,rec_e3c0c78c3b90bf55,A
cand_00af0b74d7f59ee8,柳州市军粮供应有限公司,organization,military_grain_supply,广西壮族自治区,柳州市,,,,,,,unknown,unknown,amap,柳州市军粮供应有限公司 柳州市,,failed,2026-08-10T18:25:07+08:00,secondary,data/raw/guangxi_reserve_companies_2024.html,rec_64aafb9bc4fae0ae,A
cand_5bead4b578b5e419,柳州市君厨粮油有限公司,organization,other,广西壮族自治区,柳州市,,,,,,,unknown,unknown,amap,柳州市君厨粮油有限公司 柳州市,,manual_review,2026-08-10T18:25:08+08:00,secondary,data/raw/guangxi_reserve_companies_2024.html,rec_a5d5923ebd9438bc,A
cand_42fbe5cf10f18a65,柳州市大富氏粮油有限责任公司,organization,other,广西壮族自治区,柳州市,,,广西壮族自治区柳州市柳北区庆丰路6号,109.405525,24.344625,GCJ02,map_poi,high,amap,柳州市大富氏粮油有限责任公司,柳州市大富氏粮油有限责任公司,high,2026-08-10T18:25:09+08:00,secondary,data/raw/guangxi_reserve_companies_2024.html,rec_12929b5bf6c10e34,A
cand_2d1153f8a854dccb,柳州市柳江区柳粮粮油有限公司,organization,other,广西壮族自治区,柳州市,柳江区,,,,,,unknown,unknown,amap,柳州市柳江区柳粮粮油有限公司 柳州市 柳江区,,manual_review,2026-08-10T18:25:10+08:00,secondary,data/raw/guangxi_reserve_companies_2024.html,rec_d6ff605cc6943bae,A
cand_0396e57de85fd8ef,柳江县兴隆粮油购销有限责任公司,organization,grain_reserve,广西壮族自治区,柳州市,柳江县,,,,,,unknown,unknown,amap,柳江县兴隆粮油购销有限责任公司 柳州市 柳江县,,manual_review,2026-08-10T18:25:12+08:00,secondary,data/raw/guangxi_reserve_companies_2024.html,rec_6495fbacb9479b32,A
cand_420f7e58ed7dd346,融安县储备粮管理公司,organization,grain_reserve,广西壮族自治区,柳州市,融安县,,,,,,unknown,unknown,amap,融安县储备粮管理公司 柳州市 融安县,,manual_review,2026-08-10T18:25:14+08:00,secondary,data/raw/guangxi_reserve_companies_2024.html,rec_e61902ab92bc1b70,A
cand_89a0a803a26cb876,融水苗族自治县储备粮管理公司,organization,grain_reserve,广西壮族自治区,柳州市,融水苗族自治县,,,,,,unknown,unknown,amap,融水苗族自治县储备粮管理公司 柳州市 融水苗族自治县,,manual_review,2026-08-10T18:25:15+08:00,secondary,data/raw/guangxi_reserve_companies_2024.html,rec_e204d20b305101c0,A
cand_c053cb0ae7acd17f,鹿寨县储备粮管理公司,organization,grain_reserve,广西壮族自治区,柳州市,鹿寨县,,广西壮族自治区柳州市鹿寨县纬十路与经九路交叉口东北140米,109.785202,24.481946,GCJ02,map_poi,medium,amap,鹿寨县储备粮管理公司,广西鹿寨县储备粮管理公司,medium,2026-08-10T18:25:16+08:00,secondary,data/raw/guangxi_reserve_companies_2024.html,rec_7d08b4f8cbe1aacd,A
