candidate_id,name,city,county,address,failure_reason,candidate_matches,recommended_action
cand_88f87be3136e6cd7,南宁市储备粮管理有限责任公司五象粮库,南宁市,,,multiple_matches,"[{""name"":""南宁市中宏机械设备有限责任公司"",""address"":""广西壮族自治区南宁市西乡塘区安吉大道安津五金机电市场南区1-5号"",""city"":""南宁市"",""county"":""西乡塘区"",""location"":""108.300522,22.882670"",""similarity"":0.6061,""city_match"":true,""county_match"":true},{""name"":""南宁市嘉忠气体有限责任公司"",""address"":""广西壮族自治区南宁市西乡塘区广西壮族自治区 南宁市 西乡塘区 明秀西路65-8"",""city"":""南宁市"",""county"":""西乡塘区"",""location"":""108.303075,22.835797"",""similarity"":0.5806,""city_match"":true,""county_match"":true},{""name"":""南宁市汇达包装有限责任公司"",""address"":""广西壮族自治区南宁市西乡塘区天雹路80号"",""city"":""南宁市"",""county"":""西乡塘区"",""location"":""108.245034,22.867633"",""similarity"":0.5806,""city_match"":true,""county_match"":true},{""name"":""广西南宁粮油机械有限责任公司"",""address"":""广西壮族自治区南宁市西乡塘区中尧路17-26号"",""city"":""南宁市"",""county"":""西乡塘区"",""location"":""108.288021,22.813415"",""similarity"":0.5625,""city_match"":true,""county_match"":true},{""name"":""广西电网有限责任公司五象基地"",""address"":""广西壮族自治区南宁市良庆区凯旋路6号"",""city"":""南宁市"",""county"":""良庆区"",""location"":""108.386560,22.761696"",""similarity"":0.5517,""city_match"":true,""county_match"":true}]",人工比较候选 POI，不自动选择第一条。
cand_51a15c6a164e752f,南宁市储备粮管理有限责任公司沙井粮库,南宁市,,,name_mismatch,"[{""name"":""沙井粮库小卖部"",""address"":""广西壮族自治区南宁市江南区壮锦大道与旱塘路交叉口西380米"",""city"":""南宁市"",""county"":""江南区"",""location"":""108.268475,22.791825"",""similarity"":0.7273,""city_match"":true,""county_match"":true},{""name"":""南宁市百润粮油有限责任公司"",""address"":""广西壮族自治区南宁市兴宁区金桥国际农产品批发市场二期4栋25、26号"",""city"":""南宁市"",""county"":""兴宁区"",""location"":""108.398784,22.876947"",""similarity"":0.6452,""city_match"":true,""county_match"":true},{""name"":""南宁市中宏机械设备有限责任公司"",""address"":""广西壮族自治区南宁市西乡塘区安吉大道安津五金机电市场南区1-5号"",""city"":""南宁市"",""county"":""西乡塘区"",""location"":""108.300522,22.882670"",""similarity"":0.6061,""city_match"":true,""county_match"":true},{""name"":""南宁市博驰物流有限责任公司"",""address"":""广西壮族自治区南宁市江南区江南大道三津村四冬坡88号"",""city"":""南宁市"",""county"":""江南区"",""location"":""108.209175,22.795575"",""similarity"":0.5806,""city_match"":true,""county_match"":true},{""name"":""南宁市泰银物资有限责任公司"",""address"":""广西壮族自治区南宁市西乡塘区城北虎丘钢材市场a1栋3-4号"",""city"":""南宁市"",""county"":""西乡塘区"",""location"":""108.309538,22.867389"",""similarity"":0.5806,""city_match"":true,""county_match"":true}]",补充官方地址或设施别名后重试。
cand_e668195854f37fbc,南宁市邕宁区粮食储备库,南宁市,邕宁区,,name_mismatch,"[{""name"":""南宁市粮食和物资储备局"",""address"":""广西壮族自治区南宁市西乡塘区新阳路62号"",""city"":""南宁市"",""county"":""西乡塘区"",""location"":""108.308223,22.815602"",""similarity"":0.6364,""city_match"":true,""county_match"":false},{""name"":""粮食和物资储备局宿舍"",""address"":""广西壮族自治区南宁市青秀区民主路与民主路北四里交叉口东南160米"",""city"":""南宁市"",""county"":""青秀区"",""location"":""108.337740,22.824942"",""similarity"":0.5333,""city_match"":true,""county_match"":false},{""name"":""横州市粮食和物资储备局"",""address"":""广西壮族自治区南宁市横州市公园路23号"",""city"":""南宁市"",""county"":""横州市"",""location"":""109.264260,22.687307"",""similarity"":0.5,""city_match"":true,""county_match"":false},{""name"":""储备粮食集资房"",""address"":""广西壮族自治区南宁市邕宁区八尺江路与蒲津路交叉口南220米"",""city"":""南宁市"",""county"":""邕宁区"",""location"":""108.484325,22.753975"",""similarity"":0.3333,""city_match"":true,""county_match"":true},{""name"":""广西放心粮油(南宁市粮食和物资储备局店)"",""address"":""广西壮族自治区南宁市西乡塘区新阳路62之1-2、4"",""city"":""南宁市"",""county"":""西乡塘区"",""location"":""108.308228,22.815484"",""similarity"":0.4828,""city_match"":true,""county_match"":false}]",补充官方地址或设施别名后重试。
cand_3eeaefad790dd352,广西壮族自治区五象粮食储备库有限公司,南宁市,,,multiple_matches,"[{""name"":""广西壮族自治区马山县粮食局"",""address"":""广西壮族自治区南宁市马山县518县道与威马大道交叉口东北420米"",""city"":""南宁市"",""county"":""马山县"",""location"":""108.152602,23.706410"",""similarity"":0.5806,""city_match"":true,""county_match"":true},{""name"":""广西壮族自治区南宁市宾阳县粮食和物资储备局(广场南路)"",""address"":""广西壮族自治区南宁市宾阳县广场南路与广和路交叉口西40米"",""city"":""南宁市"",""county"":""宾阳县"",""location"":""108.823630,23.214129"",""similarity"":0.5116,""city_match"":true,""county_match"":true},{""name"":""广西壮族自治区粮食和物资储备局危旧房改住房改造项目部"",""address"":""广西壮族自治区南宁市青秀区民主路与民主路北四里交叉口东南100米"",""city"":""南宁市"",""county"":""青秀区"",""location"":""108.337326,22.825416"",""similarity"":0.5,""city_match"":true,""county_match"":true},{""name"":""粮食和物资储备局宿舍"",""address"":""广西壮族自治区南宁市青秀区民主路与民主路北四里交叉口东南160米"",""city"":""南宁市"",""county"":""青秀区"",""location"":""108.337740,22.824942"",""similarity"":0.381,""city_match"":true,""county_match"":true},{""name"":""中交一公局四公司粮食储备库项目部"",""address"":""广西壮族自治区南宁市江南区苏圩镇天弘酒店充电站东北侧"",""city"":""南宁市"",""county"":""江南区"",""location"":""108.095246,22.541143"",""similarity"":0.3704,""city_match"":true,""county_match"":true}]",人工比较候选 POI，不自动选择第一条。
cand_8db24acc4b1ff1c4,广西壮族自治区南宁粮食储备库有限公司,南宁市,,,multiple_matches,"[{""name"":""广西壮族自治区南宁市宾阳县粮食和物资储备局(广场南路)"",""address"":""广西壮族自治区南宁市宾阳县广场南路与广和路交叉口西40米"",""city"":""南宁市"",""county"":""宾阳县"",""location"":""108.823630,23.214129"",""similarity"":0.6047,""city_match"":true,""county_match"":true},{""name"":""广西壮族自治区马山县粮食局"",""address"":""广西壮族自治区南宁市马山县518县道与威马大道交叉口东北420米"",""city"":""南宁市"",""county"":""马山县"",""location"":""108.152602,23.706410"",""similarity"":0.5806,""city_match"":true,""county_match"":true},{""name"":""南宁市粮食和物资储备局"",""address"":""广西壮族自治区南宁市西乡塘区新阳路62号"",""city"":""南宁市"",""county"":""西乡塘区"",""location"":""108.308223,22.815602"",""similarity"":0.5455,""city_match"":true,""county_match"":true},{""name"":""广西壮族自治区粮食和物资储备局危旧房改住房改造项目部"",""address"":""广西壮族自治区南宁市青秀区民主路与民主路北四里交叉口东南100米"",""city"":""南宁市"",""county"":""青秀区"",""location"":""108.337326,22.825416"",""similarity"":0.5,""city_match"":true,""county_match"":true},{""name"":""南宁水产有限责任公司华西宿舍"",""address"":""广西壮族自治区南宁市西乡塘区华强路西三里163-1号"",""city"":""南宁市"",""county"":""西乡塘区"",""location"":""108.309848,22.820064"",""similarity"":0.48,""city_match"":true,""county_match"":true}]",人工比较候选 POI，不自动选择第一条。
cand_496e79ef24839af0,广西壮族自治区黎塘粮食储备库有限公司,南宁市,宾阳县,,multiple_matches,"[{""name"":""广西壮族自治区盐业公司黎塘支公司"",""address"":""广西壮族自治区南宁市宾阳县黎塘镇仁爱路102号"",""city"":""南宁市"",""county"":""宾阳县"",""location"":""109.132034,23.195351"",""similarity"":0.6471,""city_match"":true,""county_match"":true},{""name"":""宾阳县黎塘粮食购销有限责任公司"",""address"":""广西壮族自治区南宁市宾阳县黎塘镇金龙大道8号大米厂2楼"",""city"":""南宁市"",""county"":""宾阳县"",""location"":""109.130874,23.196660"",""similarity"":0.6154,""city_match"":true,""county_match"":true},{""name"":""广西黎塘瓷业有限公司"",""address"":""广西壮族自治区南宁市宾阳县黎塘龙岩路61号"",""city"":""南宁市"",""county"":""宾阳县"",""location"":""109.131502,23.203800"",""similarity"":0.5714,""city_match"":true,""county_match"":true},{""name"":""广西农垦黎塘氮肥有限公司"",""address"":""广西壮族自治区南宁市宾阳县永安西路广西农垦黎塘氮肥厂"",""city"":""南宁市"",""county"":""宾阳县"",""location"":""109.087665,23.188668"",""similarity"":0.5333,""city_match"":true,""county_match"":true},{""name"":""广西黎塘耐火材料有限公司"",""address"":""广西壮族自治区南宁市宾阳县龙岩路61号"",""city"":""南宁市"",""county"":""宾阳县"",""location"":""109.131679,23.203729"",""similarity"":0.5333,""city_match"":true,""county_match"":true}]",人工比较候选 POI，不自动选择第一条。
cand_0ef95076697e3a66,横州市六景粮食储备中心库,南宁市,横州市,,name_mismatch,"[{""name"":""横州市粮食和物资储备局"",""address"":""广西壮族自治区南宁市横州市公园路23号"",""city"":""南宁市"",""county"":""横州市"",""location"":""109.264260,22.687307"",""similarity"":0.6087,""city_match"":true,""county_match"":true},{""name"":""横州市六景加水站"",""address"":""广西壮族自治区南宁市横州市六景互通与景州大道交叉口东260米"",""city"":""南宁市"",""county"":""横州市"",""location"":""108.900275,22.870725"",""similarity"":0.5,""city_match"":true,""county_match"":true},{""name"":""顺丰速运(南宁六景转运中心)"",""address"":""广西壮族自治区南宁市横州市576县道北侧"",""city"":""南宁市"",""county"":""横州市"",""location"":""108.904875,22.867975"",""similarity"":0.381,""city_match"":true,""county_match"":true},{""name"":""广西南宁市横州市六景镇荣泰建材经营部"",""address"":""广西壮族自治区南宁市横州市六景镇芳香大道"",""city"":""南宁市"",""county"":""横州市"",""location"":""109.004297,22.792354"",""similarity"":0.3333,""city_match"":true,""county_match"":true},{""name"":""六景互通"",""address"":""广西壮族自治区南宁市横州市横州市"",""city"":""南宁市"",""county"":""横州市"",""location"":""108.894900,22.875221"",""similarity"":0.3077,""city_match"":true,""county_match"":true}]",补充官方地址或设施别名后重试。
cand_a239b1f6b7d8c252,广西壮族自治区柳州粮食储备库有限公司,柳州市,,,multiple_matches,"[{""name"":""广西鑫粮粮食集团有限公司"",""address"":""广西壮族自治区柳州市柳南区柳面生活区西北侧150米"",""city"":""柳州市"",""county"":""柳南区"",""location"":""109.365289,24.330510"",""similarity"":0.5333,""city_match"":true,""county_match"":true},{""name"":""柳州万泰汽车配件有限公司"",""address"":""广西壮族自治区柳州市柳南区柳太路10号广西粮食储备库内"",""city"":""柳州市"",""county"":""柳南区"",""location"":""109.360092,24.328267"",""similarity"":0.5217,""city_match"":true,""county_match"":true},{""name"":""柳州市柳江区粮食和物资储备局"",""address"":""广西壮族自治区柳州市柳江区柳堡路与北二街交叉口东100米"",""city"":""柳州市"",""county"":""柳江区"",""location"":""109.340894,24.260875"",""similarity"":0.48,""city_match"":true,""county_match"":true},{""name"":""广西南粮食品科技集团有限责任公司"",""address"":""广西壮族自治区柳州市柳南区柳州市柳邕路269号柳州声福国际3栋402号"",""city"":""柳州市"",""county"":""柳南区"",""location"":""109.390825,24.287875"",""similarity"":0.4706,""city_match"":true,""county_match"":true},{""name"":""柳城县粮食和物资储备局"",""address"":""广西壮族自治区柳州市柳城县大埔镇"",""city"":""柳州市"",""county"":""柳城县"",""location"":""109.246859,24.651306"",""similarity"":0.4545,""city_match"":true,""county_match"":true}]",人工比较候选 POI，不自动选择第一条。
cand_eba0d18f5ba101c5,广西壮族自治区融安粮食储备库有限公司,柳州市,融安县,,name_mismatch,"[{""name"":""广西鑫粮粮食集团有限公司"",""address"":""广西壮族自治区柳州市柳南区柳面生活区西北侧150米"",""city"":""柳州市"",""county"":""柳南区"",""location"":""109.365289,24.330510"",""similarity"":0.5333,""city_match"":true,""county_match"":false},{""name"":""融安县土地收购储备交易中心"",""address"":""广西壮族自治区柳州市融安县新兴路53号"",""city"":""柳州市"",""county"":""融安县"",""location"":""109.405136,25.215389"",""similarity"":0.3333,""city_match"":true,""county_match"":true},{""name"":""广西南粮食品科技集团有限责任公司"",""address"":""广西壮族自治区柳州市柳南区柳州市柳邕路269号柳州声福国际3栋402号"",""city"":""柳州市"",""county"":""柳南区"",""location"":""109.390825,24.287875"",""similarity"":0.4706,""city_match"":true,""county_match"":false},{""name"":""广西闽澳贸易有限公司"",""address"":""广西壮族自治区柳州市柳北区闽聚公司钢材储备中心北侧"",""city"":""柳州市"",""county"":""柳北区"",""location"":""109.433398,24.405300"",""similarity"":0.4286,""city_match"":true,""county_match"":false},{""name"":""广西鹿寨县储备粮管理公司"",""address"":""广西壮族自治区柳州市鹿寨县纬十路与经九路交叉口东北140米"",""city"":""柳州市"",""county"":""鹿寨县"",""location"":""109.785202,24.481946"",""similarity"":0.4,""city_match"":true,""county_match"":false}]",补充官方地址或设施别名后重试。
cand_f54ed0b90b0134c6,广西柳州黄村粮食储备库有限公司,柳州市,,,multiple_matches,"[{""name"":""广西鑫粮粮食集团有限公司"",""address"":""广西壮族自治区柳州市柳南区柳面生活区西北侧150米"",""city"":""柳州市"",""county"":""柳南区"",""location"":""109.365289,24.330510"",""similarity"":0.5926,""city_match"":true,""county_match"":true},{""name"":""广西南粮食品科技集团有限责任公司"",""address"":""广西壮族自治区柳州市柳南区柳州市柳邕路269号柳州声福国际3栋402号"",""city"":""柳州市"",""county"":""柳南区"",""location"":""109.390825,24.287875"",""similarity"":0.5161,""city_match"":true,""county_match"":true},{""name"":""广西闽澳贸易有限公司"",""address"":""广西壮族自治区柳州市柳北区闽聚公司钢材储备中心北侧"",""city"":""柳州市"",""county"":""柳北区"",""location"":""109.433398,24.405300"",""similarity"":0.48,""city_match"":true,""county_match"":true},{""name"":""柳州万泰汽车配件有限公司"",""address"":""广西壮族自治区柳州市柳南区柳太路10号广西粮食储备库内"",""city"":""柳州市"",""county"":""柳南区"",""location"":""109.360092,24.328267"",""similarity"":0.48,""city_match"":true,""county_match"":true},{""name"":""广西鹿寨县储备粮管理公司"",""address"":""广西壮族自治区柳州市鹿寨县纬十路与经九路交叉口东北140米"",""city"":""柳州市"",""county"":""鹿寨县"",""location"":""109.785202,24.481946"",""similarity"":0.4444,""city_match"":true,""county_match"":true}]",人工比较候选 POI，不自动选择第一条。
cand_43b64b42ab8c9a41,柳州市五里卡粮库有限公司,柳州市,,,multiple_matches,"[{""name"":""五里卡(公交站)"",""address"":""广西壮族自治区柳州市柳南区28路;41路;58路(19:00之后);58路(6点-19点);64路;81路"",""city"":""柳州市"",""county"":""柳南区"",""location"":""109.396042,24.292482"",""similarity"":0.5333,""city_match"":true,""county_match"":true},{""name"":""柳州银行(五里卡支行)"",""address"":""广西壮族自治区柳州市柳南区柳邕路124号2幢1单元1、2、7、8号门面"",""city"":""柳州市"",""county"":""柳南区"",""location"":""109.400598,24.294563"",""similarity"":0.4762,""city_match"":true,""county_match"":true},{""name"":""柳州市五里卡蛋品交易批发市场"",""address"":""广西壮族自治区柳州市柳南区柳邕路255号柳州市蔬菜副食品总公司"",""city"":""柳州市"",""county"":""柳南区"",""location"":""109.394525,24.291175"",""similarity"":0.4615,""city_match"":true,""county_match"":true},{""name"":""柳州市粮库搬迁五建项目部"",""address"":""广西壮族自治区柳州市柳北区鹧鸪江路15号"",""city"":""柳州市"",""county"":""柳北区"",""location"":""109.417449,24.406376"",""similarity"":0.4167,""city_match"":true,""county_match"":true},{""name"":""五里卡派出所"",""address"":""广西壮族自治区柳州市柳南区柳邕路251号"",""city"":""柳州市"",""county"":""柳南区"",""location"":""109.395735,24.291705"",""similarity"":0.4,""city_match"":true,""county_match"":true}]",人工比较候选 POI，不自动选择第一条。
cand_a3edd51854abaf12,南宁市邕宁区中和粮食管理所,南宁市,邕宁区,,multiple_matches,"[{""name"":""南宁市邕宁区新江粮食管理所"",""address"":""广西壮族自治区南宁市邕宁区新江街553号"",""city"":""南宁市"",""county"":""邕宁区"",""location"":""108.496289,22.622156"",""similarity"":0.8462,""city_match"":true,""county_match"":true},{""name"":""南宁市邕宁区那楼粮食管理所"",""address"":""广西壮族自治区南宁市邕宁区政通路与022县道交叉口东40米"",""city"":""南宁市"",""county"":""邕宁区"",""location"":""108.634317,22.607087"",""similarity"":0.8462,""city_match"":true,""county_match"":true},{""name"":""南宁市邕宁区园林管理所"",""address"":""广西壮族自治区南宁市邕宁区南宁市邕宁区良堤路3号"",""city"":""南宁市"",""county"":""邕宁区"",""location"":""108.429076,22.768125"",""similarity"":0.75,""city_match"":true,""county_match"":true},{""name"":""南宁市邕宁区蒲庙市场监督管理所"",""address"":""广西壮族自治区南宁市邕宁区和美巷3号"",""city"":""南宁市"",""county"":""邕宁区"",""location"":""108.490614,22.753925"",""similarity"":0.6429,""city_match"":true,""county_match"":true},{""name"":""南宁市邕宁区龙岗市场监督管理所"",""address"":""广西壮族自治区南宁市邕宁区蒲津路231-10号"",""city"":""南宁市"",""county"":""邕宁区"",""location"":""108.482733,22.755650"",""similarity"":0.6429,""city_match"":true,""county_match"":true}]",人工比较候选 POI，不自动选择第一条。
cand_6c2c244f16656758,南宁市邕宁区百济粮食管理所,南宁市,邕宁区,,multiple_matches,"[{""name"":""南宁市邕宁区新江粮食管理所"",""address"":""广西壮族自治区南宁市邕宁区新江街553号"",""city"":""南宁市"",""county"":""邕宁区"",""location"":""108.496289,22.622156"",""similarity"":0.8462,""city_match"":true,""county_match"":true},{""name"":""南宁市邕宁区那楼粮食管理所"",""address"":""广西壮族自治区南宁市邕宁区政通路与022县道交叉口东40米"",""city"":""南宁市"",""county"":""邕宁区"",""location"":""108.634317,22.607087"",""similarity"":0.8462,""city_match"":true,""county_match"":true},{""name"":""南宁市邕宁区园林管理所"",""address"":""广西壮族自治区南宁市邕宁区南宁市邕宁区良堤路3号"",""city"":""南宁市"",""county"":""邕宁区"",""location"":""108.429076,22.768125"",""similarity"":0.75,""city_match"":true,""county_match"":true},{""name"":""南宁市邕宁区英雄水库管理所"",""address"":""广西壮族自治区南宁市邕宁区新江街559号"",""city"":""南宁市"",""county"":""邕宁区"",""location"":""108.495474,22.622874"",""similarity"":0.6923,""city_match"":true,""county_match"":true},{""name"":""南宁市邕宁区蒲庙市场监督管理所"",""address"":""广西壮族自治区南宁市邕宁区和美巷3号"",""city"":""南宁市"",""county"":""邕宁区"",""location"":""108.490614,22.753925"",""similarity"":0.6429,""city_match"":true,""county_match"":true}]",人工比较候选 POI，不自动选择第一条。
cand_d3927f907d37007c,南宁市邕宁区蒲庙粮食管理所,南宁市,邕宁区,,multiple_matches,"[{""name"":""南宁市邕宁区新江粮食管理所"",""address"":""广西壮族自治区南宁市邕宁区新江街553号"",""city"":""南宁市"",""county"":""邕宁区"",""location"":""108.496289,22.622156"",""similarity"":0.8462,""city_match"":true,""county_match"":true},{""name"":""南宁市邕宁区那楼粮食管理所"",""address"":""广西壮族自治区南宁市邕宁区政通路与022县道交叉口东40米"",""city"":""南宁市"",""county"":""邕宁区"",""location"":""108.634317,22.607087"",""similarity"":0.8462,""city_match"":true,""county_match"":true},{""name"":""南宁市邕宁区蒲庙食品药品监督管理所"",""address"":""广西壮族自治区南宁市邕宁区蒲庙镇八鲤路172号"",""city"":""南宁市"",""county"":""邕宁区"",""location"":""108.499409,22.744924"",""similarity"":0.8,""city_match"":true,""county_match"":true},{""name"":""南宁市邕宁区蒲庙市场监督管理所"",""address"":""广西壮族自治区南宁市邕宁区和美巷3号"",""city"":""南宁市"",""county"":""邕宁区"",""location"":""108.490614,22.753925"",""similarity"":0.7857,""city_match"":true,""county_match"":true},{""name"":""南宁市邕宁区蒲庙电灌管理站"",""address"":""广西壮族自治区南宁市邕宁区蒲庙镇八尺江路77号"",""city"":""南宁市"",""county"":""邕宁区"",""location"":""108.477671,22.752746"",""similarity"":0.7692,""city_match"":true,""county_match"":true}]",人工比较候选 POI，不自动选择第一条。
cand_9aae78a5715e9e82,南宁市青秀区刘圩粮食管理所,南宁市,青秀区,,multiple_matches,"[{""name"":""南宁市青秀区房屋管理所"",""address"":""广西壮族自治区南宁市青秀区东葛路68号青秀大厦3层"",""city"":""南宁市"",""county"":""青秀区"",""location"":""108.348838,22.823032"",""similarity"":0.75,""city_match"":true,""county_match"":true},{""name"":""南宁市青秀区园林绿化管理所"",""address"":""广西壮族自治区南宁市青秀区东葛路68号青秀大厦14层"",""city"":""南宁市"",""county"":""青秀区"",""location"":""108.348838,22.823032"",""similarity"":0.6923,""city_match"":true,""county_match"":true},{""name"":""南宁市青秀区东盟市场监督管理所"",""address"":""广西壮族自治区南宁市青秀区民族大道168号翡翠园蓝青庭负一层1-6、A-B轴西1门右侧"",""city"":""南宁市"",""county"":""青秀区"",""location"":""108.409445,22.807851"",""similarity"":0.6429,""city_match"":true,""county_match"":true},{""name"":""南宁市邕宁区新江粮食管理所"",""address"":""广西壮族自治区南宁市邕宁区新江街553号"",""city"":""南宁市"",""county"":""邕宁区"",""location"":""108.496289,22.622156"",""similarity"":0.6923,""city_match"":true,""county_match"":false},{""name"":""南宁市邕宁区那楼粮食管理所"",""address"":""广西壮族自治区南宁市邕宁区政通路与022县道交叉口东40米"",""city"":""南宁市"",""county"":""邕宁区"",""location"":""108.634317,22.607087"",""similarity"":0.6923,""city_match"":true,""county_match"":false}]",人工比较候选 POI，不自动选择第一条。
cand_03ace0791ecdeed9,南宁市青秀区南阳粮食管理所,南宁市,青秀区,,multiple_matches,"[{""name"":""南宁市青秀区南阳市场监督管理所"",""address"":""广西壮族自治区南宁市青秀区南淳路93号往河洞路口方向"",""city"":""南宁市"",""county"":""青秀区"",""location"":""108.792972,22.765540"",""similarity"":0.7857,""city_match"":true,""county_match"":true},{""name"":""南宁市青秀区房屋管理所"",""address"":""广西壮族自治区南宁市青秀区东葛路68号青秀大厦3层"",""city"":""南宁市"",""county"":""青秀区"",""location"":""108.348838,22.823032"",""similarity"":0.75,""city_match"":true,""county_match"":true},{""name"":""南宁市青秀区园林绿化管理所"",""address"":""广西壮族自治区南宁市青秀区东葛路68号青秀大厦14层"",""city"":""南宁市"",""county"":""青秀区"",""location"":""108.348838,22.823032"",""similarity"":0.6923,""city_match"":true,""county_match"":true},{""name"":""南宁市青秀区东盟市场监督管理所"",""address"":""广西壮族自治区南宁市青秀区民族大道168号翡翠园蓝青庭负一层1-6、A-B轴西1门右侧"",""city"":""南宁市"",""county"":""青秀区"",""location"":""108.409445,22.807851"",""similarity"":0.6429,""city_match"":true,""county_match"":true},{""name"":""南宁市邕宁区新江粮食管理所"",""address"":""广西壮族自治区南宁市邕宁区新江街553号"",""city"":""南宁市"",""county"":""邕宁区"",""location"":""108.496289,22.622156"",""similarity"":0.6923,""city_match"":true,""county_match"":false}]",人工比较候选 POI，不自动选择第一条。
cand_1f801d68472c8d74,柳州市柳江区军粮供应站,柳州市,柳江区,,multiple_matches,"[{""name"":""柳州市荣宁五交化供应站"",""address"":""广西壮族自治区柳州市柳江区毅德城46栋119-120号"",""city"":""柳州市"",""county"":""柳江区"",""location"":""109.376495,24.245756"",""similarity"":0.5455,""city_match"":true,""county_match"":true},{""name"":""柳江区成乐液化气供应站"",""address"":""广西壮族自治区柳州市柳江区067县道与015乡道交叉口西80米"",""city"":""柳州市"",""county"":""柳江区"",""location"":""109.239401,24.257449"",""similarity"":0.5455,""city_match"":true,""county_match"":true},{""name"":""柳州市柳江石油气有限公司穿山宏发液化气供应站"",""address"":""广西壮族自治区柳州市柳江区穿山中心小学南侧230米"",""city"":""柳州市"",""county"":""柳江区"",""location"":""109.409203,24.033898"",""similarity"":0.4848,""city_match"":true,""county_match"":true},{""name"":""柳州市金星轴标供应站"",""address"":""广西壮族自治区柳州市柳南区柳邕路132号新三仓机电综合市场A栋一5号"",""city"":""柳州市"",""county"":""柳南区"",""location"":""109.398197,24.294139"",""similarity"":0.5714,""city_match"":true,""county_match"":false},{""name"":""柳州市迅通机电设备供应站"",""address"":""广西壮族自治区柳州市柳南区红光路与城站路交叉口北100米"",""city"":""柳州市"",""county"":""柳南区"",""location"":""109.399275,24.300875"",""similarity"":0.5217,""city_match"":true,""county_match"":false}]",人工比较候选 POI，不自动选择第一条。
cand_8adfe02874c91e97,鹿寨县军粮供应站,柳州市,鹿寨县,,name_mismatch,"[{""name"":""三江县液化气供应站"",""address"":""广西壮族自治区柳州市三江侗族自治县明珠广场B区"",""city"":""柳州市"",""county"":""三江侗族自治县"",""location"":""109.617475,25.785075"",""similarity"":0.4706,""city_match"":true,""county_match"":false},{""name"":""三江侗族自治县液化气供应站"",""address"":""广西壮族自治区柳州市三江侗族自治县雅柳路"",""city"":""柳州市"",""county"":""三江侗族自治县"",""location"":""109.623847,25.764393"",""similarity"":0.381,""city_match"":true,""county_match"":false},{""name"":""柳州矿达钢材供应站"",""address"":""广西壮族自治区柳州市柳南区南环路帽合村南环启铭幼儿园正对面"",""city"":""柳州市"",""county"":""柳南区"",""location"":""109.391441,24.258813"",""similarity"":0.3529,""city_match"":true,""county_match"":false},{""name"":""莎浓羊奶专卖店(第176大桥路店)"",""address"":""广西壮族自治区柳州市鹿寨县大桥路1号鹿寨县军粮供应站从南到北数第四间"",""city"":""柳州市"",""county"":""鹿寨县"",""location"":""109.744516,24.483885"",""similarity"":0.0,""city_match"":true,""county_match"":true},{""name"":""众意钢管"",""address"":""广西壮族自治区柳州市柳南区柳邕路新旧钢材市场"",""city"":""柳州市"",""county"":""柳南区"",""location"":""109.371558,24.272132"",""similarity"":0.0,""city_match"":true,""county_match"":false}]",补充官方地址或设施别名后重试。
cand_80090411c388cb69,南宁佳美粮油食品有限公司,南宁市,,,name_mismatch,"[{""name"":""佳美粮油食品广西山中宝供应链管理有限公司"",""address"":""广西壮族自治区南宁市西乡塘区新阳路292号院内"",""city"":""南宁市"",""county"":""西乡塘区"",""location"":""108.283441,22.823083"",""similarity"":0.625,""city_match"":true,""county_match"":true},{""name"":""佳美粮油糕点·金秋黄记月饼(西乡塘运营中心)"",""address"":""广西壮族自治区南宁市西乡塘区鲁班路东二巷"",""city"":""南宁市"",""county"":""西乡塘区"",""location"":""108.283400,22.823359"",""similarity"":0.2581,""city_match"":true,""county_match"":true}]",补充官方地址或设施别名后重试。
cand_91ebae3cd24b144c,南宁市储备粮管理有限责任公司,南宁市,,,multiple_matches,"[{""name"":""广西壮族自治区储备粮管理集团有限公司"",""address"":""广西壮族自治区南宁市青秀区民主路与民主路北四里交叉口东南60米"",""city"":""南宁市"",""county"":""青秀区"",""location"":""108.337146,22.825702"",""similarity"":0.5625,""city_match"":true,""county_match"":true},{""name"":""上林县安恒储备粮管理有限公司白圩分公司"",""address"":""广西壮族自治区南宁市上林县五零七县道(上林县)与027乡道交叉口北480米"",""city"":""南宁市"",""county"":""上林县"",""location"":""108.752915,23.413406"",""similarity"":0.5455,""city_match"":true,""county_match"":true}]",人工比较候选 POI，不自动选择第一条。
cand_477a7dd5f7426e0e,南宁市武鸣区岭南粮油工贸有限责任公司,南宁市,武鸣区,,name_mismatch,"[{""name"":""岭南油厂"",""address"":""广西壮族自治区南宁市武鸣区标营路与香山大道交叉口西北180米"",""city"":""南宁市"",""county"":""武鸣区"",""location"":""108.287001,23.149297"",""similarity"":0.2727,""city_match"":true,""county_match"":true}]",补充官方地址或设施别名后重试。
cand_6af18a60142250f1,南宁市武鸣区粮油购销有限总公司,南宁市,武鸣区,,name_mismatch,"[{""name"":""南宁市武鸣区英源农资经营部"",""address"":""广西壮族自治区南宁市武鸣区两江镇两江社区顺政路69号粮油购销有限总公司两江分公司杂物房合加工厂4号仓"",""city"":""南宁市"",""county"":""武鸣区"",""location"":""108.374671,23.432213"",""similarity"":0.4286,""city_match"":true,""county_match"":true},{""name"":""驴充充汽车充电站(武鸣区灵马镇优良快捷充电站)"",""address"":""广西壮族自治区南宁市武鸣区区S514武鸣区粮油购销有限总公司灵马分公司"",""city"":""南宁市"",""county"":""武鸣区"",""location"":""107.911420,23.384583"",""similarity"":0.1667,""city_match"":true,""county_match"":true},{""name"":""粮所商场"",""address"":""广西壮族自治区南宁市武鸣区建设街56号"",""city"":""南宁市"",""county"":""武鸣区"",""location"":""108.273735,23.157383"",""similarity"":0.1053,""city_match"":true,""county_match"":true}]",补充官方地址或设施别名后重试。
cand_327043fd258fdf09,南宁市江丰粮食收储管理中心,南宁市,,,multiple_matches,"[{""name"":""南宁市城市管理监督中心"",""address"":""广西壮族自治区南宁市青秀区双拥路48号"",""city"":""南宁市"",""county"":""青秀区"",""location"":""108.361005,22.808276"",""similarity"":0.5833,""city_match"":true,""county_match"":true},{""name"":""南宁市邕江南岸公园运营管理中心"",""address"":""广西壮族自治区南宁市江南区五一路北三里6号"",""city"":""南宁市"",""county"":""江南区"",""location"":""108.294869,22.798447"",""similarity"":0.5714,""city_match"":true,""county_match"":true},{""name"":""南宁市邕江防洪排涝工程管理中心"",""address"":""广西壮族自治区南宁市青秀区津头街道江北大道凌铁段83号"",""city"":""南宁市"",""county"":""青秀区"",""location"":""108.348337,22.792426"",""similarity"":0.5714,""city_match"":true,""county_match"":true},{""name"":""南宁市江南区粮食局"",""address"":""广西壮族自治区南宁市江南区江南街道壮锦大道19号江南区政府大楼"",""city"":""南宁市"",""county"":""江南区"",""location"":""108.273129,22.781870"",""similarity"":0.5455,""city_match"":true,""county_match"":true},{""name"":""南宁市城市管理指挥中心(双拥路)"",""address"":""广西壮族自治区南宁市青秀区双拥路48号"",""city"":""南宁市"",""county"":""青秀区"",""location"":""108.361005,22.808277"",""similarity"":0.5185,""city_match"":true,""county_match"":true}]",人工比较候选 POI，不自动选择第一条。
cand_2474e02c6ca901a2,南宁市良庆区庆丰粮油购储管理有限公司,南宁市,良庆区,,name_mismatch,"[{""name"":""庆丰粮油购储管理中心南晓粮所"",""address"":""广西壮族自治区南宁市良庆区朝明街25号"",""city"":""南宁市"",""county"":""良庆区"",""location"":""108.418825,22.306275"",""similarity"":0.5,""city_match"":true,""county_match"":true}]",补充官方地址或设施别名后重试。
cand_32f2941e8c9ff16b,南宁市邕宁区储备粮管理有限责任公司,南宁市,邕宁区,,name_mismatch,"[{""name"":""南宁丽邕资产管理有限责任公司"",""address"":""广西壮族自治区南宁市江南区友谊路21-6号友谊机动车检测站内部二楼"",""city"":""南宁市"",""county"":""江南区"",""location"":""108.290941,22.759113"",""similarity"":0.7097,""city_match"":true,""county_match"":false},{""name"":""邕宁公共交通有限责任公司"",""address"":""广西壮族自治区南宁市邕宁区蒲庙镇蒲津路146号"",""city"":""南宁市"",""county"":""邕宁区"",""location"":""108.483761,22.756622"",""similarity"":0.5517,""city_match"":true,""county_match"":true},{""name"":""南宁市朗宁贸易有限责任公司"",""address"":""广西壮族自治区南宁市江南区五一路5-8号康城大院右边独栋三层楼"",""city"":""南宁市"",""county"":""江南区"",""location"":""108.286004,22.797190"",""similarity"":0.6667,""city_match"":true,""county_match"":false},{""name"":""南宁市宁发管件有限公司"",""address"":""广西壮族自治区南宁市西乡塘区安吉大道卢仙岭路2号"",""city"":""南宁市"",""county"":""西乡塘区"",""location"":""108.300503,22.884095"",""similarity"":0.6429,""city_match"":true,""county_match"":false},{""name"":""南宁市兴宁区建中城市服务有限责任公司"",""address"":""广西壮族自治区南宁市兴宁区高峰林场1号办公楼"",""city"":""南宁市"",""county"":""兴宁区"",""location"":""108.365813,22.855485"",""similarity"":0.6286,""city_match"":true,""county_match"":false}]",补充官方地址或设施别名后重试。
cand_893e6f1f3b963811,广西南宁粮满餐餐饮服务有限公司,南宁市,,,multiple_matches,"[{""name"":""广西南宁华侨印务有限责任公司"",""address"":""广西壮族自治区南宁市西乡塘区北湖街道北湖南路20号"",""city"":""南宁市"",""county"":""西乡塘区"",""location"":""108.325884,22.836769"",""similarity"":0.6207,""city_match"":true,""county_match"":true},{""name"":""南宁佳群汽车服务有限公司"",""address"":""广西壮族自治区南宁市兴宁区邕武立交桥南面秀厢大道辅路48-2号"",""city"":""南宁市"",""county"":""兴宁区"",""location"":""108.334390,22.861861"",""similarity"":0.5926,""city_match"":true,""county_match"":true},{""name"":""广西南宁明源木业有限公司"",""address"":""广西壮族自治区南宁市江南区广西商贸技师学院明阳新校区北门东410米"",""city"":""南宁市"",""county"":""江南区"",""location"":""108.236498,22.590889"",""similarity"":0.5926,""city_match"":true,""county_match"":true},{""name"":""广西嘉贝汽车服务有限公司"",""address"":""广西壮族自治区南宁市兴宁区望州南路90号时代茗城二期地下室地下一层B10300、B10301号"",""city"":""南宁市"",""county"":""兴宁区"",""location"":""108.336225,22.833125"",""similarity"":0.5926,""city_match"":true,""county_match"":true},{""name"":""广西洁荣洗涤服务有限公司"",""address"":""广西壮族自治区南宁市兴宁区邕武路路西村新直队村后山坡"",""city"":""南宁市"",""county"":""兴宁区"",""location"":""108.356266,22.908882"",""similarity"":0.5926,""city_match"":true,""county_match"":true}]",人工比较候选 POI，不自动选择第一条。
cand_08c9beea1ee82700,广西天华盛隆餐饮管理有限公司,南宁市,江南区,南宁市江南区白沙大道38-8号综合楼(北楼)25层2501、2502、2503、2503A号商铺,multiple_matches,"[{""name"":""广西壮族自治区南宁市江南区白沙大道38-8号"",""address"":""广西壮族自治区南宁市江南区白沙大道38-8号"",""city"":""南宁市"",""county"":""江南区"",""location"":""108.315235,22.779745"",""similarity"":0.4242,""city_match"":true,""county_match"":true},{""name"":""广西壮族自治区南宁市江南区白沙大道38号"",""address"":""广西壮族自治区南宁市江南区白沙大道38号"",""city"":""南宁市"",""county"":""江南区"",""location"":""108.316042,22.777976"",""similarity"":0.4,""city_match"":true,""county_match"":true}]",人工比较候选 POI，不自动选择第一条。
cand_b630175bcee48602,广西康然生态农业有限公司,南宁市,,南宁市金凯路98号光科技产业园科研楼二,multiple_matches,"[{""name"":""广西壮族自治区南宁市江南区金凯路98号"",""address"":""广西壮族自治区南宁市江南区金凯路98号"",""city"":""南宁市"",""county"":""江南区"",""location"":""108.253313,22.768800"",""similarity"":0.4737,""city_match"":true,""county_match"":true},{""name"":""广西壮族自治区南宁市江南区金凯路98号"",""address"":""广西壮族自治区南宁市江南区金凯路98号"",""city"":""南宁市"",""county"":""江南区"",""location"":""108.278076,22.767831"",""similarity"":0.4737,""city_match"":true,""county_match"":true},{""name"":""广西壮族自治区南宁市江南区金凯路98号"",""address"":""广西壮族自治区南宁市江南区金凯路98号"",""city"":""南宁市"",""county"":""江南区"",""location"":""108.280141,22.769149"",""similarity"":0.4737,""city_match"":true,""county_match"":true}]",人工比较候选 POI，不自动选择第一条。
cand_95e1ebffcea71e00,广西旅发洪泉智慧城市运营管理有限公司,南宁市,,中国 (广西)自由贸易试验区南宁片区平乐大道10号五象新区核心区商务街商务办公区4号楼14层1401号,multiple_matches,"[{""name"":""广西壮族自治区南宁市良庆区广西镇自由贸易试验区平乐大道五象新区"",""address"":""广西壮族自治区南宁市良庆区广西镇自由贸易试验区平乐大道五象新区"",""city"":""南宁市"",""county"":""良庆区"",""location"":""108.355484,22.769417"",""similarity"":0.4304,""city_match"":true,""county_match"":true},{""name"":""广西壮族自治区南宁市良庆区广西镇自由贸易试验区平乐大道良庆五象新区"",""address"":""广西壮族自治区南宁市良庆区广西镇自由贸易试验区平乐大道良庆五象新区"",""city"":""南宁市"",""county"":""良庆区"",""location"":""108.377171,22.765112"",""similarity"":0.4198,""city_match"":true,""county_match"":true}]",人工比较候选 POI，不自动选择第一条。
cand_4fe1097d58f3cd3b,广西衡尚餐饮管理有限公司,南宁市,,南宁市桃源路62号市体育局饭堂(基地食尚家)第1-4层,multiple_matches,"[{""name"":""广西壮族自治区南宁市青秀区桃源路62号"",""address"":""广西壮族自治区南宁市青秀区桃源路62号"",""city"":""南宁市"",""county"":""青秀区"",""location"":""108.331539,22.801070"",""similarity"":0.4186,""city_match"":true,""county_match"":true},{""name"":""广西壮族自治区南宁市青秀区桃源路62号"",""address"":""广西壮族自治区南宁市青秀区桃源路62号"",""city"":""南宁市"",""county"":""青秀区"",""location"":""108.331542,22.801435"",""similarity"":0.4186,""city_match"":true,""county_match"":true}]",人工比较候选 POI，不自动选择第一条。
cand_75ba996e7b3a240a,广西马山县蔡家粮油食品有限公司,南宁市,马山县,,name_mismatch,"[{""name"":""马山县蔡家粮油食品有限公司"",""address"":""广西壮族自治区南宁市江南区下津路与同乐大道辅路交叉口西北100米"",""city"":""南宁市"",""county"":""江南区"",""location"":""108.234739,22.793583"",""similarity"":0.9286,""city_match"":true,""county_match"":false},{""name"":""马山县周鹿镇蔡家花生油厂"",""address"":""广西壮族自治区南宁市马山县天弘加油站"",""city"":""南宁市"",""county"":""马山县"",""location"":""107.993856,23.552953"",""similarity"":0.4444,""city_match"":true,""county_match"":true}]",补充官方地址或设施别名后重试。
cand_a36f11b3ce2e710b,隆安县储备粮管理公司,南宁市,隆安县,,name_mismatch,"[{""name"":""隆安县土地储备中心"",""address"":""广西壮族自治区南宁市隆安县蝶城路456号"",""city"":""南宁市"",""county"":""隆安县"",""location"":""107.685367,23.175383"",""similarity"":0.5263,""city_match"":true,""county_match"":true},{""name"":""上林县安恒储备粮管理有限公司白圩分公司"",""address"":""广西壮族自治区南宁市上林县五零七县道(上林县)与027乡道交叉口北480米"",""city"":""南宁市"",""county"":""上林县"",""location"":""108.752915,23.413406"",""similarity"":0.5517,""city_match"":true,""county_match"":false},{""name"":""广西壮族自治区储备粮管理集团有限公司"",""address"":""广西壮族自治区南宁市青秀区民主路与民主路北四里交叉口东南60米"",""city"":""南宁市"",""county"":""青秀区"",""location"":""108.337146,22.825702"",""similarity"":0.5,""city_match"":true,""county_match"":false}]",补充官方地址或设施别名后重试。
cand_8acfc058efdb2acf,马山县储备粮管理公司,南宁市,马山县,,name_mismatch,"[{""name"":""上林县安恒储备粮管理有限公司白圩分公司"",""address"":""广西壮族自治区南宁市上林县五零七县道(上林县)与027乡道交叉口北480米"",""city"":""南宁市"",""county"":""上林县"",""location"":""108.752915,23.413406"",""similarity"":0.5517,""city_match"":true,""county_match"":false},{""name"":""马山县土地矿产开发整理储备中心"",""address"":""广西壮族自治区南宁市马山县新兴大道4号"",""city"":""南宁市"",""county"":""马山县"",""location"":""108.173764,23.708651"",""similarity"":0.4,""city_match"":true,""county_match"":true},{""name"":""广西壮族自治区储备粮管理集团有限公司"",""address"":""广西壮族自治区南宁市青秀区民主路与民主路北四里交叉口东南60米"",""city"":""南宁市"",""county"":""青秀区"",""location"":""108.337146,22.825702"",""similarity"":0.5,""city_match"":true,""county_match"":false}]",补充官方地址或设施别名后重试。
cand_c67c7020a4b679e8,三江侗族自治县粮食购销和储备粮管理中心,柳州市,三江侗族自治县,,multiple_matches,"[{""name"":""三江侗族自治县景区管理中心"",""address"":""广西壮族自治区柳州市三江侗族自治县侗乡大道与博物馆北路交叉口东南100米"",""city"":""柳州市"",""county"":""三江侗族自治县"",""location"":""109.612949,25.777215"",""similarity"":0.6875,""city_match"":true,""county_match"":true},{""name"":""三江侗族自治县国有资产管理中心"",""address"":""广西壮族自治区柳州市三江侗族自治县侗乡大道76号"",""city"":""柳州市"",""county"":""三江侗族自治县"",""location"":""109.612724,25.778728"",""similarity"":0.6471,""city_match"":true,""county_match"":true},{""name"":""三江侗族自治县应急管理局"",""address"":""广西壮族自治区柳州市三江侗族自治县雅柳路12号之2号"",""city"":""柳州市"",""county"":""三江侗族自治县"",""location"":""109.628034,25.779165"",""similarity"":0.5806,""city_match"":true,""county_match"":true},{""name"":""三江侗族自治县不动产登记中心"",""address"":""广西壮族自治区柳州市三江侗族自治县古宜镇侗乡大厦2号楼"",""city"":""柳州市"",""county"":""三江侗族自治县"",""location"":""109.617359,25.782607"",""similarity"":0.5455,""city_match"":true,""county_match"":true},{""name"":""三江侗族自治县国有资产管理局"",""address"":""广西壮族自治区柳州市三江侗族自治县桐漏坪与中长街交叉口西20米"",""city"":""柳州市"",""county"":""三江侗族自治县"",""location"":""109.605833,25.780118"",""similarity"":0.5455,""city_match"":true,""county_match"":true}]",人工比较候选 POI，不自动选择第一条。
cand_dcd4b1d88408eed4,广西柳州粮食收储有限公司,柳州市,,,multiple_matches,"[{""name"":""广西家柳食品科技有限公司"",""address"":""广西壮族自治区柳州市柳江区拉堡镇第一开发区光辉路18号"",""city"":""柳州市"",""county"":""柳江区"",""location"":""109.348806,24.263090"",""similarity"":0.6667,""city_match"":true,""county_match"":true},{""name"":""广西鑫粮粮食集团有限公司"",""address"":""广西壮族自治区柳州市柳南区柳面生活区西北侧150米"",""city"":""柳州市"",""county"":""柳南区"",""location"":""109.365289,24.330510"",""similarity"":0.6667,""city_match"":true,""county_match"":true},{""name"":""广西富欣食品有限公司"",""address"":""广西壮族自治区柳州市柳江区"",""city"":""柳州市"",""county"":""柳江区"",""location"":""109.429503,24.159995"",""similarity"":0.6364,""city_match"":true,""county_match"":true},{""name"":""广西易粮农业有限公司"",""address"":""广西壮族自治区柳州市柳江区拉堡镇柳州市石化公司仓库西侧"",""city"":""柳州市"",""county"":""柳江区"",""location"":""109.309364,24.264832"",""similarity"":0.6364,""city_match"":true,""county_match"":true},{""name"":""广西福象粮油有限公司"",""address"":""广西壮族自治区柳州市柳南区柳太路11-1号"",""city"":""柳州市"",""county"":""柳南区"",""location"":""109.363636,24.333693"",""similarity"":0.6364,""city_match"":true,""county_match"":true}]",人工比较候选 POI，不自动选择第一条。
cand_e7e4e17429979e24,柳城县金稻香粮食收储有限责任公司,柳州市,柳城县,,multiple_matches,"[{""name"":""柳城县福盈化工有限责任公司"",""address"":""广西壮族自治区柳州市柳城县顺安路到六塘镇"",""city"":""柳州市"",""county"":""柳城县"",""location"":""108.968988,24.497545"",""similarity"":0.6207,""city_match"":true,""county_match"":true},{""name"":""柳城县恒泰茧丝绸有限责任公司"",""address"":""广西壮族自治区柳州市柳城县广西顶俏食品科技集团有限公司南侧200米"",""city"":""柳州市"",""county"":""柳城县"",""location"":""109.192913,24.654829"",""similarity"":0.6,""city_match"":true,""county_match"":true},{""name"":""柳城县顺世达木业有限责任公司"",""address"":""广西壮族自治区柳州市柳城县社冲乡露塘农场三中队"",""city"":""柳州市"",""county"":""柳城县"",""location"":""109.277875,24.442125"",""similarity"":0.6,""city_match"":true,""county_match"":true},{""name"":""柳城县业宽农业开发有限责任公司"",""address"":""广西壮族自治区柳州市柳城县072县道与025乡道交叉口西北220米"",""city"":""柳州市"",""county"":""柳城县"",""location"":""109.497780,24.576452"",""similarity"":0.5806,""city_match"":true,""county_match"":true},{""name"":""柳城县金华雲商贸有限公司"",""address"":""广西壮族自治区柳州市柳城县新城路51号"",""city"":""柳州市"",""county"":""柳城县"",""location"":""109.241925,24.652275"",""similarity"":0.5714,""city_match"":true,""county_match"":true}]",人工比较候选 POI，不自动选择第一条。
cand_00af0b74d7f59ee8,柳州市军粮供应有限公司,柳州市,,,no_result,[],补充官方地址或人工核验 POI。
cand_5bead4b578b5e419,柳州市君厨粮油有限公司,柳州市,,,multiple_matches,"[{""name"":""柳州市冠昌粮油有限公司"",""address"":""广西壮族自治区柳州市柳南区瑞龙路瑞龙综合市场C2区1-8号"",""city"":""柳州市"",""county"":""柳南区"",""location"":""109.339889,24.262356"",""similarity"":0.8182,""city_match"":true,""county_match"":true},{""name"":""柳州市双福丰粮油有限公司"",""address"":""广西壮族自治区柳州市柳南区瑞龙综合市场A1区7-9号"",""city"":""柳州市"",""county"":""柳南区"",""location"":""109.340202,24.262813"",""similarity"":0.7826,""city_match"":true,""county_match"":true},{""name"":""柳州市馨之香粮油有限公司"",""address"":""广西壮族自治区柳州市柳南区柳州市瑞龙粮油综合市场A区58-60、B2区38号"",""city"":""柳州市"",""county"":""柳南区"",""location"":""109.342875,24.262575"",""similarity"":0.7826,""city_match"":true,""county_match"":true},{""name"":""柳州市馨之香粮油有限公司"",""address"":""广西壮族自治区柳州市柳南区柳工大道"",""city"":""柳州市"",""county"":""柳南区"",""location"":""109.360480,24.282361"",""similarity"":0.7826,""city_match"":true,""county_match"":true},{""name"":""柳州南凌粮油有限公司"",""address"":""广西壮族自治区柳州市柳南区十一冶三公司附近"",""city"":""柳州市"",""county"":""柳南区"",""location"":""109.364601,24.328490"",""similarity"":0.7619,""city_match"":true,""county_match"":true}]",人工比较候选 POI，不自动选择第一条。
cand_2d1153f8a854dccb,柳州市柳江区柳粮粮油有限公司,柳州市,柳江区,,multiple_matches,"[{""name"":""柳州市美味源粮油有限责任公司"",""address"":""广西壮族自治区柳州市柳江区柳邕路第一工业园区登峰路16号"",""city"":""柳州市"",""county"":""柳江区"",""location"":""109.353153,24.265260"",""similarity"":0.6429,""city_match"":true,""county_match"":true},{""name"":""广西柳州双丰粮油有限公司"",""address"":""广西壮族自治区柳州市柳江区柳堡路1-1号"",""city"":""柳州市"",""county"":""柳江区"",""location"":""109.301175,24.261608"",""similarity"":0.6154,""city_match"":true,""county_match"":true},{""name"":""柳州市冠昌粮油有限公司"",""address"":""广西壮族自治区柳州市柳南区瑞龙路瑞龙综合市场C2区1-8号"",""city"":""柳州市"",""county"":""柳南区"",""location"":""109.339889,24.262356"",""similarity"":0.72,""city_match"":true,""county_match"":false},{""name"":""柳州市双福丰粮油有限公司"",""address"":""广西壮族自治区柳州市柳南区瑞龙综合市场A1区7-9号"",""city"":""柳州市"",""county"":""柳南区"",""location"":""109.340202,24.262813"",""similarity"":0.6923,""city_match"":true,""county_match"":false},{""name"":""柳州市馨之香粮油有限公司"",""address"":""广西壮族自治区柳州市柳南区柳工大道"",""city"":""柳州市"",""county"":""柳南区"",""location"":""109.360480,24.282361"",""similarity"":0.6923,""city_match"":true,""county_match"":false}]",人工比较候选 POI，不自动选择第一条。
cand_0396e57de85fd8ef,柳江县兴隆粮油购销有限责任公司,柳州市,柳江县,,name_mismatch,"[{""name"":""柳江县兴隆粮油购销有限责任公司停车场"",""address"":""广西壮族自治区柳州市柳江区四方新桂园南侧220米"",""city"":""柳州市"",""county"":""柳江区"",""location"":""109.428525,24.166375"",""similarity"":0.9091,""city_match"":true,""county_match"":false}]",补充官方地址或设施别名后重试。
cand_420f7e58ed7dd346,融安县储备粮管理公司,柳州市,融安县,,multiple_matches,"[{""name"":""融安县资产管理有限责任公司"",""address"":""广西壮族自治区柳州市融安县长安镇桔香南路高岭头111号"",""city"":""柳州市"",""county"":""融安县"",""location"":""109.402325,25.209575"",""similarity"":0.6087,""city_match"":true,""county_match"":true},{""name"":""广西鹿寨县储备粮管理公司"",""address"":""广西壮族自治区柳州市鹿寨县纬十路与经九路交叉口东北140米"",""city"":""柳州市"",""county"":""鹿寨县"",""location"":""109.785202,24.481946"",""similarity"":0.7273,""city_match"":true,""county_match"":false},{""name"":""融安县园林管理站"",""address"":""广西壮族自治区柳州市融安县长安镇新民二区104号"",""city"":""柳州市"",""county"":""融安县"",""location"":""109.394214,25.219860"",""similarity"":0.5556,""city_match"":true,""county_match"":true},{""name"":""融安县市容管理局"",""address"":""广西壮族自治区柳州市融安县长安镇新民二区104号"",""city"":""柳州市"",""county"":""融安县"",""location"":""109.394179,25.219820"",""similarity"":0.5556,""city_match"":true,""county_match"":true},{""name"":""融安县房产管理所"",""address"":""广西壮族自治区柳州市融安县长安镇河西立新街80号"",""city"":""柳州市"",""county"":""融安县"",""location"":""109.399970,25.223502"",""similarity"":0.5556,""city_match"":true,""county_match"":true}]",人工比较候选 POI，不自动选择第一条。
cand_89a0a803a26cb876,融水苗族自治县储备粮管理公司,柳州市,融水苗族自治县,,multiple_matches,"[{""name"":""融水苗族自治县"",""address"":""广西壮族自治区柳州市融水苗族自治县融水苗族自治县"",""city"":""柳州市"",""county"":""融水苗族自治县"",""location"":""109.256609,25.066624"",""similarity"":0.6667,""city_match"":true,""county_match"":true},{""name"":""融水苗族自治县公安局"",""address"":""广西壮族自治区柳州市融水苗族自治县玉融大道36号"",""city"":""柳州市"",""county"":""融水苗族自治县"",""location"":""109.266822,25.061189"",""similarity"":0.6667,""city_match"":true,""county_match"":true},{""name"":""融水苗族自治县粮食局"",""address"":""广西壮族自治区柳州市融水苗族自治县金冠路2号"",""city"":""柳州市"",""county"":""融水苗族自治县"",""location"":""109.256894,25.078373"",""similarity"":0.6667,""city_match"":true,""county_match"":true},{""name"":""融水苗族自治县公安局交通管理大队"",""address"":""广西壮族自治区柳州市融水苗族自治县融水镇华强路45号"",""city"":""柳州市"",""county"":""融水苗族自治县"",""location"":""109.261519,25.080222"",""similarity"":0.6,""city_match"":true,""county_match"":true},{""name"":""融水苗族自治县林业局"",""address"":""广西壮族自治区柳州市融水苗族自治县融水镇香山路21号"",""city"":""柳州市"",""county"":""融水苗族自治县"",""location"":""109.249492,25.063338"",""similarity"":0.5833,""city_match"":true,""county_match"":true}]",人工比较候选 POI，不自动选择第一条。
cand_0c11d4306b76360d,广西南宁市佳禾市场投资开发有限公司,南宁市,,,name_mismatch,"[{""name"":""佳德源市场投资开发有限公司"",""address"":""广西壮族自治区南宁市宾阳县金和路与财政路交叉口北180米"",""location"":""108.816190,23.219628""}]",核查同一企业体系中的主体、分公司或设施，不自动复用相近实体坐标。
cand_29f4b1d2c15ea9ff,广西南宁市饲料兽药名龟市场,南宁市,,,name_mismatch,"[{""name"":""南宁市饲料兽药名龟市场"",""address"":""广西壮族自治区南宁市西乡塘区安吉街道安吉大道35号"",""location"":""108.298972,22.861712""}]",核查同一企业体系中的主体、分公司或设施，不自动复用相近实体坐标。
cand_39a6690f6b3bfb94,上林县安恒储备粮管理有限公司,南宁市,上林县,,organization_site_ambiguity,"[{""name"":""上林县安恒储备粮管理有限公司白圩分公司"",""address"":""广西壮族自治区南宁市上林县五零七县道(上林县)与027乡道交叉口北480米"",""location"":""108.752915,23.413406""}]",核查同一企业体系中的主体、分公司或设施，不自动复用相近实体坐标。
cand_31075dbd797a10ad,上林县安恒储备粮管理有限公司三里分公司,南宁市,上林县,,organization_site_ambiguity,"[{""name"":""上林县安恒储备粮管理有限公司白圩分公司"",""address"":""广西壮族自治区南宁市上林县五零七县道(上林县)与027乡道交叉口北480米"",""location"":""108.752915,23.413406""}]",核查同一企业体系中的主体、分公司或设施，不自动复用相近实体坐标。
cand_7df47649fa9924dd,上林县安恒储备粮管理有限公司乔贤分公司,南宁市,上林县,,organization_site_ambiguity,"[{""name"":""上林县安恒储备粮管理有限公司白圩分公司"",""address"":""广西壮族自治区南宁市上林县五零七县道(上林县)与027乡道交叉口北480米"",""location"":""108.752915,23.413406""}]",核查同一企业体系中的主体、分公司或设施，不自动复用相近实体坐标。
cand_a43116a1602a27ab,上林县安恒储备粮管理有限公司塘红万福分公司,南宁市,上林县,,organization_site_ambiguity,"[{""name"":""上林县安恒储备粮管理有限公司白圩分公司"",""address"":""广西壮族自治区南宁市上林县五零七县道(上林县)与027乡道交叉口北480米"",""location"":""108.752915,23.413406""}]",核查同一企业体系中的主体、分公司或设施，不自动复用相近实体坐标。
cand_bca8e2dd3a82b40a,上林县安恒储备粮管理有限公司塘红分公司,南宁市,上林县,,organization_site_ambiguity,"[{""name"":""上林县安恒储备粮管理有限公司白圩分公司"",""address"":""广西壮族自治区南宁市上林县五零七县道(上林县)与027乡道交叉口北480米"",""location"":""108.752915,23.413406""}]",核查同一企业体系中的主体、分公司或设施，不自动复用相近实体坐标。
cand_7b6cc030d3c877ea,上林县安恒储备粮管理有限公司大丰分公司,南宁市,上林县,,organization_site_ambiguity,"[{""name"":""上林县安恒储备粮管理有限公司白圩分公司"",""address"":""广西壮族自治区南宁市上林县五零七县道(上林县)与027乡道交叉口北480米"",""location"":""108.752915,23.413406""}]",核查同一企业体系中的主体、分公司或设施，不自动复用相近实体坐标。
cand_6d55daae11d4c440,上林县安恒储备粮管理有限公司巷贤分公司,南宁市,上林县,,organization_site_ambiguity,"[{""name"":""上林县安恒储备粮管理有限公司白圩分公司"",""address"":""广西壮族自治区南宁市上林县五零七县道(上林县)与027乡道交叉口北480米"",""location"":""108.752915,23.413406""}]",核查同一企业体系中的主体、分公司或设施，不自动复用相近实体坐标。
cand_cc733815a61b3bbc,上林县安恒储备粮管理有限公司明亮分公司,南宁市,上林县,,organization_site_ambiguity,"[{""name"":""上林县安恒储备粮管理有限公司白圩分公司"",""address"":""广西壮族自治区南宁市上林县五零七县道(上林县)与027乡道交叉口北480米"",""location"":""108.752915,23.413406""}]",核查同一企业体系中的主体、分公司或设施，不自动复用相近实体坐标。
cand_107d87fa017d4370,上林县安恒储备粮管理有限公司澄泰分公司,南宁市,上林县,,organization_site_ambiguity,"[{""name"":""上林县安恒储备粮管理有限公司白圩分公司"",""address"":""广西壮族自治区南宁市上林县五零七县道(上林县)与027乡道交叉口北480米"",""location"":""108.752915,23.413406""}]",核查同一企业体系中的主体、分公司或设施，不自动复用相近实体坐标。
cand_2dace2477f38e896,上林县安恒储备粮管理有限公司澄泰金鼓分公司,南宁市,上林县,,organization_site_ambiguity,"[{""name"":""上林县安恒储备粮管理有限公司白圩分公司"",""address"":""广西壮族自治区南宁市上林县五零七县道(上林县)与027乡道交叉口北480米"",""location"":""108.752915,23.413406""}]",核查同一企业体系中的主体、分公司或设施，不自动复用相近实体坐标。
cand_850c1b18b35c855e,上林县安恒储备粮管理有限公司西燕分公司,南宁市,上林县,,organization_site_ambiguity,"[{""name"":""上林县安恒储备粮管理有限公司白圩分公司"",""address"":""广西壮族自治区南宁市上林县五零七县道(上林县)与027乡道交叉口北480米"",""location"":""108.752915,23.413406""}]",核查同一企业体系中的主体、分公司或设施，不自动复用相近实体坐标。
cand_2c10d1d9db502730,宾阳县粮食收储有限责任公司,南宁市,宾阳县,,name_mismatch,"[{""name"":""宾阳县黎塘粮食购销有限责任公司"",""address"":""广西壮族自治区南宁市宾阳县黎塘镇金龙大道8号大米厂2楼"",""location"":""109.130874,23.196660""}]",核查同一企业体系中的主体、分公司或设施，不自动复用相近实体坐标。
cand_65fa03f274e11530,宾阳县芦圩粮食购销有限责任公司,南宁市,宾阳县,,name_mismatch,"[{""name"":""宾阳县黎塘粮食购销有限责任公司"",""address"":""广西壮族自治区南宁市宾阳县黎塘镇金龙大道8号大米厂2楼"",""location"":""109.130874,23.196660""}]",核查同一企业体系中的主体、分公司或设施，不自动复用相近实体坐标。
cand_a04decc505961a84,广西柳州福象粮油有限公司,柳州市,,,name_mismatch,"[{""name"":""广西福象粮油有限公司"",""address"":""广西壮族自治区柳州市柳南区柳太路11-1号"",""location"":""109.363636,24.333693""}]",核查同一企业体系中的主体、分公司或设施，不自动复用相近实体坐标。
cand_9ca3af7e95041f51,上林县安恒储备粮管理有限公司白圩狮螺分公司,南宁市,上林县,,organization_site_ambiguity,"[{""name"":""上林县安恒储备粮管理有限公司白圩分公司"",""address"":""广西壮族自治区南宁市上林县五零七县道(上林县)与027乡道交叉口北480米"",""location"":""108.752915,23.413406""}]",核查同一企业体系中的主体、分公司或设施，不自动复用相近实体坐标。
cand_1f9ad23f9a21ef9f,上林县安恒储备粮管理有限公司镇圩分公司,南宁市,上林县,,organization_site_ambiguity,"[{""name"":""上林县安恒储备粮管理有限公司白圩分公司"",""address"":""广西壮族自治区南宁市上林县五零七县道(上林县)与027乡道交叉口北480米"",""location"":""108.752915,23.413406""}]",核查同一企业体系中的主体、分公司或设施，不自动复用相近实体坐标。
