candidate_id,name,parent_candidate_id,parent_organization,site_relation,city,county,address,address_precision,entity_type,node_type,physical_site_confirmed,storage_confirmed,evidence_level,address_confidence,longitude_raw,latitude_raw,coordinate_system_raw,geocoding_status,geocoding_confidence,spatial_ready,address_source,address_evidence_id,source_url,source_note,previous_location,location_update_reason
cand_88f87be3136e6cd7,南宁市储备粮管理有限责任公司五象粮库,cand_91ebae3cd24b144c,南宁市储备粮管理有限责任公司,grain_storage_site,南宁市,良庆区,南宁市良庆区沙河路8号,door_number,physical_site,grain_depot,true,true,A,high,108.388866,22.686831,GCJ02,success,high,true,manual_verified_public_evidence,addr_ev_c1a61f508b40aa12,https://www.cqn.com.cn/pp/content/2022-09/07/content_8859152.htm,南宁市市场监督管理局飞行检查信息明确给出五象粮库生产地址为沙河路8号。,,manual_address_evidence
cand_51a15c6a164e752f,南宁市储备粮管理有限责任公司沙井粮库,cand_91ebae3cd24b144c,南宁市储备粮管理有限责任公司,grain_storage_site,南宁市,江南区,南宁市江南区旱塘路9号,door_number,physical_site,grain_depot,true,true,A,high,108.268884,22.792138,GCJ02,success,high,true,manual_verified_public_evidence,addr_ev_b17077ab7c26efe2,https://finance.sina.cn/2024-12-19/detail-inczysvv6884104.d.html,2024年食品安全监督抽检信息中生产者为沙井粮库，地址为旱塘路9号；2026年威宁集团采购公告亦指向该粮库。,,manual_address_evidence
cand_e668195854f37fbc,南宁市邕宁区粮食储备库,,,unknown,南宁市,邕宁区,南宁市邕宁区蒲庙镇蒲津路100号,door_number,physical_site,grain_depot,true,true,B,medium,108.490651,22.754693,GCJ02,success,medium,true,manual_verified_public_evidence,addr_ev_c76fea2a9307ed91,https://s.zhaobiao.cn/search_q_06010009_qs_b_s_0404_pro_450000_f_02_d_02_p_1.html,企业信息聚合页列明储备库地址及粮食收购、仓储经营范围；建议地理编码后保留人工复核标记。,,manual_address_evidence
cand_327043fd258fdf09,南宁市江丰粮食收储管理中心,,,unknown,南宁市,江南区,南宁市江南区苏圩镇团结路2号,door_number,physical_site,grain_reserve,true,true,A,high,,,,approximate_region_only,manual_review,false,manual_verified_public_evidence,addr_ev_cae102399204e9a2,https://www.nnjn.gov.cn/xxgk/xxgkml/zdjsxmpzhsslygk/xmztbxx_/t5929156.html,江南区政府中心粮食储备库项目公告明确给出招标人及地址。,,manual_address_evidence
cand_c74c0263d26b505b,横州市六景粮食储备中心库（良圻库区）,cand_0ef95076697e3a66,横州市六景粮食储备中心库,grain_storage_site,南宁市,横州市,横州市六景镇良圻农场（良圻库区）,site_area,physical_site,grain_depot,true,true,A,medium,108.946254,22.788161,GCJ02,success,medium,true,manual_verified_public_evidence,addr_ev_c74c0263d26b505b,https://www.gxhx.gov.cn/yw/tzgg/qtgg/t6217618.html,横州市政府2024年报告确认六景粮食储备中心库及良圻库区当前承担粮食储备/产后服务；公开项目资料将项目位置指向六景镇良圻农场。,,manual_address_evidence
cand_9edc1be4d8764605,马山县储备粮管理公司周鹿镇粮油网点19号仓库,cand_8acfc058efdb2acf,马山县储备粮管理公司,warehouse_site,南宁市,马山县,马山县周鹿镇周鹿粮所（周鹿镇粮油网点19号仓库）,site_town,physical_site,grain_depot,true,true,A,medium,,,,approximate_region_only,manual_review,false,manual_verified_public_evidence,addr_ev_9edc1be4d8764605,https://www.gxjjw.gov.cn/mobile/article.php?articleid=167906,广西纪检监察公开报道明确出现周鹿镇粮油网点19号仓库及储备粮；未找到可靠门牌号，因此不虚构。,,manual_address_evidence
cand_6bf78224f7bb71c7,隆安县粮食收储有限责任公司古潭仓储点,,隆安县粮食收储有限责任公司,warehouse_site,南宁市,隆安县,隆安县古潭乡水果街28-1号,door_number,physical_site,grain_reserve,true,true,A,high,,,,approximate_region_only,manual_review,false,manual_verified_public_evidence,addr_ev_6bf78224f7bb71c7,https://lax.gov.cn/zlzt_gd/gtj_gtxxgkzlgd/gttzgg/t1618466.html,隆安县不动产首次登记公告明确给出地址，土地用途为仓储用地。,,manual_address_evidence
cand_cf426488f6d27fc6,上林县安恒储备粮管理有限公司澄泰分公司1号仓库,cand_107d87fa017d4370,上林县安恒储备粮管理有限公司澄泰分公司,warehouse_site,南宁市,上林县,上林县澄泰乡澄泰社区澄泰街312号,door_number,physical_site,grain_depot,true,true,A,high,108.670642,23.425851,GCJ02,success,high,true,manual_verified_public_evidence,addr_ev_cf426488f6d27fc6,https://www.shanglin.gov.cn/yw/tzgg/t6521222.html,上林县政府建设项目公告明确为绿色低温仓储设施建设项目澄泰分公司1号仓库工程，并给出地址。,,manual_address_evidence
cand_31075dbd797a10ad,上林县安恒储备粮管理有限公司三里分公司,cand_39a6690f6b3bfb94,上林县安恒储备粮管理有限公司,branch_site,南宁市,上林县,上林县三里镇三里街（三里分公司库区）,street,physical_site,grain_reserve,true,true,A,medium,,,,approximate_region_only,manual_review,false,manual_verified_public_evidence,addr_ev_d7e2d9a9d10fe937,https://jxpub.nntv.cn/a/202411/15/AP673724575e0e05680f05cb08.html | https://m.qiyeku.cn/hy900640,2024年南宁市融媒体报道确认三里分公司现有库房、收购和入库活动；原三里粮所公开企业资料给出地址为三里街。门牌号未找到，因此按街道级地址输出。,,manual_address_evidence
cand_6f7e0144c4f72f80,上林县安恒储备粮管理有限公司塘红分公司仓库,cand_bca8e2dd3a82b40a,上林县安恒储备粮管理有限公司塘红分公司,warehouse_site,南宁市,上林县,上林县塘红乡塘红街6号,door_number,physical_site,grain_depot,true,true,A,high,108.639303,23.669529,GCJ02,success,high,true,manual_verified_public_evidence,addr_ev_6f7e0144c4f72f80,https://www.dscq.com/packageDetails/181c7bf2ea4247d4ad9467691df35e20.shtml,广西联合产权交易相关项目披露塘红分公司1、3仓及2仓；前期核验到坐落位置为塘红街6号。,,manual_address_evidence
cand_7df47649fa9924dd,上林县安恒储备粮管理有限公司乔贤分公司,cand_39a6690f6b3bfb94,上林县安恒储备粮管理有限公司,branch_site,南宁市,上林县,上林县乔贤镇乔贤街木山路口（原乔贤粮所）,street_landmark,physical_site,grain_reserve,true,true,B,medium,,,,approximate_region_only,manual_review,false,manual_verified_public_evidence,addr_ev_3eab62f202b32de1,https://www.qixin.com/name/e69e97e4b88ae4b994,企业信息源给出原乔贤粮所位置为乔贤街木山路口；政府不动产资料证明安恒公司持有原乔贤粮所土地资产。,,manual_address_evidence
cand_1f9ad23f9a21ef9f,上林县安恒储备粮管理有限公司镇圩分公司,cand_39a6690f6b3bfb94,上林县安恒储备粮管理有限公司,branch_site,南宁市,上林县,上林县镇圩瑶族乡镇圩街（原镇圩粮所）,street,physical_site,grain_reserve,true,true,B,medium,,,,approximate_region_only,manual_review,false,manual_verified_public_evidence,addr_ev_f808727fcbde1b8f,https://nanning.11467.com/shanglin/,历史企业目录给出镇圩粮所地址为镇圩街；2024官方不动产资料证明安恒公司持有原镇圩粮所土地资产。未找到可靠门牌号。,,manual_address_evidence
cand_8db24acc4b1ff1c4,广西壮族自治区南宁粮食储备库有限公司,,,unknown,南宁市,江南区,南宁市江南区壮锦大道10号,door_number,physical_site,grain_depot,true,true,A,high,108.271820,22.796083,GCJ02,success,high,true,manual_verified_public_evidence,addr_ev_900fe9dea120fa0b,https://ggzy.jgswj.gxzf.gov.cn/jyxx/001001/001001001/001001001001/20251010/82365d96-5fda-452c-a986-3d733f79eb07.html,广西公共资源交易平台2025年粮库仓房升级改造项目明确建设地点为壮锦大道10号，并涉及10间仓房。,,manual_address_evidence
