file_id,file_name,relative_path,extension,file_size_bytes,sha256,modified_time,detected_file_type,parse_status,records_extracted,source_category,parse_error,notes
file_92593653389d900a,beihai_food_suppliers.pdf,data/raw/beihai_food_suppliers.pdf,.pdf,101250,b82bcf2b52bc9812479acfc90f7620037c6dc1ea82c3c5b6271c86fbd3db2cf0,2026-08-10T15:09:18,pdf,parsed,52,government_procurement,,成功抽取 52 条原始记录。
file_769ec59b0a9fc8c9,guangxi_reserve_companies_2024.html,data/raw/guangxi_reserve_companies_2024.html,.html,322134,a97468b3bac222d2eabbb40d5eb8d7a54c8d9c4f26c4646161e2d89cc1297f2f,2026-08-10T16:31:31,html,parsed,366,grain_reserve,,成功抽取 366 条原始记录。
file_dbae1b38d8e17355,2052.min.js.下载,data/raw/guangxi_reserve_companies_2024_file/2052.min.js.下载,.下载,115974,e2821408ec618d2c2ee9a5d8dab46ad792b8a8ed34ad22c8849a98c42ec0bcaa,2026-08-10T16:31:29,javascript,ancillary,0,other,,HTML 完整网页保存产生的附属资源；已登记但不作为独立节点来源解析。
file_12ace3219b16ff3b,ABUIABAEGAAg-fKWvQYouar0mQEwggM4Qg.png,data/raw/guangxi_reserve_companies_2024_file/ABUIABAEGAAg-fKWvQYouar0mQEwggM4Qg.png,.png,20176,a93ee8e971ba043e0da172347949f45441e0a0b21735b7be43d5e63d74b6c96d,2026-08-10T16:31:29,png,ancillary,0,other,,HTML 完整网页保存产生的附属资源；已登记但不作为独立节点来源解析。
file_2e1986a035701d07,ABUIABAEGAAg_b34kgYonqTi7wQwmwI4oAI.png,data/raw/guangxi_reserve_companies_2024_file/ABUIABAEGAAg_b34kgYonqTi7wQwmwI4oAI.png,.png,43372,c9d9df2a4210307a4505879d340b4f0ec209bb9352f6de02112a20bd48830e47,2026-08-10T16:31:31,png,ancillary,0,other,,HTML 完整网页保存产生的附属资源；已登记但不作为独立节点来源解析。
file_06450423fff88e98,ABUIwsTiCxADGAAgjJassQYo0uPE7QUwgAU4dw.gif,data/raw/guangxi_reserve_companies_2024_file/ABUIwsTiCxADGAAgjJassQYo0uPE7QUwgAU4dw.gif,.gif,12227,812698b69568e80dc7f2386190b39559d1f61e91d22128f1e801fc0df0e5ea24,2026-08-10T16:31:30,gif,ancillary,0,other,,HTML 完整网页保存产生的附属资源；已登记但不作为独立节点来源解析。
file_7dc0fe44f22976b5,ABUIwsTiCxADGAAgjJassQYo1NbJ5AYwgAU4sgE.gif,data/raw/guangxi_reserve_companies_2024_file/ABUIwsTiCxADGAAgjJassQYo1NbJ5AYwgAU4sgE.gif,.gif,65980,c300972444bb848c310814cb19bbeaec12bc684213dc003ea8c99fdf42c4a361,2026-08-10T16:31:29,gif,ancillary,0,other,,HTML 完整网页保存产生的附属资源；已登记但不作为独立节点来源解析。
file_724b0e381728e4e1,ABUIwsTiCxADGAAgjJassQYojeLB9wEwgAU4yAE.gif,data/raw/guangxi_reserve_companies_2024_file/ABUIwsTiCxADGAAgjJassQYojeLB9wEwgAU4yAE.gif,.gif,58977,8a62a799b01093d47edf65c4d8f8b17375e39b64ab462dd7c0b758d5f6cc6707,2026-08-10T16:31:30,gif,ancillary,0,other,,HTML 完整网页保存产生的附属资源；已登记但不作为独立节点来源解析。
file_2873ab02d9511c73,ABUIwsTiCxADGAAgjJassQYomPyUlgYwgAU45AI.gif,data/raw/guangxi_reserve_companies_2024_file/ABUIwsTiCxADGAAgjJassQYomPyUlgYwgAU45AI.gif,.gif,46508,a00812a84954cae3c34cfb9fafc5c3b0fc469a58d6e937095f69be61c0a13e36,2026-08-10T16:31:30,gif,ancillary,0,other,,HTML 完整网页保存产生的附属资源；已登记但不作为独立节点来源解析。
file_456ee8d1695a01e4,ABUIwsTiCxADGAAgjJassQYonIH21QEwgAU4dw.gif,data/raw/guangxi_reserve_companies_2024_file/ABUIwsTiCxADGAAgjJassQYonIH21QEwgAU4dw.gif,.gif,42587,e5737aa25f1a1b532b7db897f69eb7cc7f5d3d6714948d601f689e8ca4b0a952,2026-08-10T16:31:30,gif,ancillary,0,other,,HTML 完整网页保存产生的附属资源；已登记但不作为独立节点来源解析。
file_9b9088b4070efc97,ABUIwsTiCxAEGAAgjJassQYoqNj-4AYwuAg4gA8.png,data/raw/guangxi_reserve_companies_2024_file/ABUIwsTiCxAEGAAgjJassQYoqNj-4AYwuAg4gA8.png,.png,1037814,30e017d9d142f76e1ccd457f902ebddff352c6573e4909a08c073d83abf3bb37,2026-08-10T16:31:30,png,ancillary,0,other,,HTML 完整网页保存产生的附属资源；已登记但不作为独立节点来源解析。
file_e35498257e53e0fc,base2.min.css,data/raw/guangxi_reserve_companies_2024_file/base2.min.css,.css,477905,3b04d576472a7d6dcf7fd7bbaf0b664c1561e0c1bf0bf464116a5e59f00d5f9b,2026-08-10T16:31:24,css,ancillary,0,other,,HTML 完整网页保存产生的附属资源；已登记但不作为独立节点来源解析。
file_cda40defe029449c,bizShared.min.css,data/raw/guangxi_reserve_companies_2024_file/bizShared.min.css,.css,69912,80324ca44b0ed129d67c7b3b1b58b1f7292b1b7c05a53cf6e39ad92d1b284232,2026-08-10T16:31:26,css,ancillary,0,other,,HTML 完整网页保存产生的附属资源；已登记但不作为独立节点来源解析。
file_853b1a3ba45a328e,bizShared.min.js.下载,data/raw/guangxi_reserve_companies_2024_file/bizShared.min.js.下载,.下载,173071,c409c79eb481a922cd5c92b981db70394b20022caa0beeb1c7359c90d02ccc15,2026-08-10T16:31:26,javascript,ancillary,0,other,,HTML 完整网页保存产生的附属资源；已登记但不作为独立节点来源解析。
file_db1b8589967c76ed,comMethods.min.js.下载,data/raw/guangxi_reserve_companies_2024_file/comMethods.min.js.下载,.下载,1120,19bc42060ca3ce3804034c70e706195efa82282fa7a2b703ff40afbd212f08d6,2026-08-10T16:31:25,javascript,ancillary,0,other,,HTML 完整网页保存产生的附属资源；已登记但不作为独立节点来源解析。
file_1fddb61a711b4da4,crash.html,data/raw/guangxi_reserve_companies_2024_file/crash.html,.html,942,1645982ad619a494cc365b45a6442863145fa364be742075e8558c195395ddce,2026-08-10T16:31:31,html,ancillary,0,other,,HTML 完整网页保存产生的附属资源；已登记但不作为独立节点来源解析。
file_a64c7e6e5832d1bb,detail2.min.css,data/raw/guangxi_reserve_companies_2024_file/detail2.min.css,.css,71000,bf1cceb3d60a288246fe7fe1d3ba53a41a4934a059fca7b4e61d41b03c85ede3,2026-08-10T16:31:24,css,ancillary,0,other,,HTML 完整网页保存产生的附属资源；已登记但不作为独立节点来源解析。
file_b5fd100332b4cc36,fkNav.min.css,data/raw/guangxi_reserve_companies_2024_file/fkNav.min.css,.css,12521,89d9120c2d6d0ea4d3312ff902e540576f2d4bf5cf64ef0bdf425b8d0deac1a2,2026-08-10T16:31:24,css,ancillary,0,other,,HTML 完整网页保存产生的附属资源；已登记但不作为独立节点来源解析。
file_14f5db49e914a754,fkTheme.min.css,data/raw/guangxi_reserve_companies_2024_file/fkTheme.min.css,.css,115488,a8719b1d3d201388a0eeade3e8183070aaa84e1ef245d8b97054da52f4883aff,2026-08-10T16:31:24,css,ancillary,0,other,,HTML 完整网页保存产生的附属资源；已登记但不作为独立节点来源解析。
file_79710eaec69f58c2,fontsIco.min.css,data/raw/guangxi_reserve_companies_2024_file/fontsIco.min.css,.css,97554,ab8ca9e45242b97100ad65301bffe957ff17c5a46d210259b8d7da1db8277a4c,2026-08-10T16:31:30,css,ancillary,0,other,,HTML 完整网页保存产生的附属资源；已登记但不作为独立节点来源解析。
file_1a5603dbe8fa2491,frontend.min.js.下载,data/raw/guangxi_reserve_companies_2024_file/frontend.min.js.下载,.下载,77066,ac02a6724f53fab31f4cb5b951203d53646d5a7805312d92a3201a228ef8aa64,2026-08-10T16:31:27,javascript,ancillary,0,other,,HTML 完整网页保存产生的附属资源；已登记但不作为独立节点来源解析。
file_9f98cfb8ddf8b563,hawkEye.min.js.下载,data/raw/guangxi_reserve_companies_2024_file/hawkEye.min.js.下载,.下载,47034,55a2ab5212466b47a1deb8d9b9c42cee83dec840957ca04f3b1a149d9ad9d7ec,2026-08-10T16:31:23,javascript,ancillary,0,other,,HTML 完整网页保存产生的附属资源；已登记但不作为独立节点来源解析。
file_dea90bd6e8108862,imageEffect.min.js.下载,data/raw/guangxi_reserve_companies_2024_file/imageEffect.min.js.下载,.下载,14654,73c6f899a695c5089870fbff7dbf4b6dc79cde8df98f608300cc8cc689b11af9,2026-08-10T16:31:22,javascript,ancillary,0,other,,HTML 完整网页保存产生的附属资源；已登记但不作为独立节点来源解析。
file_f62af629120cbb35,index.min.js.下载,data/raw/guangxi_reserve_companies_2024_file/index.min.js.下载,.下载,70247,36102609a8f422afba4359779fa5e385ba3efb84f80526d0c0d3c9f7d2453329,2026-08-10T16:31:22,javascript,ancillary,0,other,,HTML 完整网页保存产生的附属资源；已登记但不作为独立节点来源解析。
file_61c0ff80764d057b,jquery-core.min.js.下载,data/raw/guangxi_reserve_companies_2024_file/jquery-core.min.js.下载,.下载,94694,561bc987f3422e06a81a803b75b1c85f12dc60bcb6fb428cd1fa9d1d055cc75f,2026-08-10T16:31:26,javascript,ancillary,0,other,,HTML 完整网页保存产生的附属资源；已登记但不作为独立节点来源解析。
file_8f4a3df4c1a68364,jquery-mousewheel.min.js.下载,data/raw/guangxi_reserve_companies_2024_file/jquery-mousewheel.min.js.下载,.下载,2904,c913a13a4c26eeb92ee105a72cd2af902a09aa2960738dc0be7bd326d9465c79,2026-08-10T16:31:26,javascript,ancillary,0,other,,HTML 完整网页保存产生的附属资源；已登记但不作为独立节点来源解析。
file_20e0100ec9db2cf9,jquery-ui-core.min.js.下载,data/raw/guangxi_reserve_companies_2024_file/jquery-ui-core.min.js.下载,.下载,229845,f58942d0d35162da9636fcea892fba1de9b1be791ece58c6956bd842736e2e57,2026-08-10T16:31:27,javascript,ancillary,0,other,,HTML 完整网页保存产生的附属资源；已登记但不作为独立节点来源解析。
file_ceadcbc5c437d9b4,jzcusstyle.jsp,data/raw/guangxi_reserve_companies_2024_file/jzcusstyle.jsp,.jsp,11762,84c50a15710cb0925003ef06a85b01c2a82481929da16594d0021b9dd53ebb1a,2026-08-10T16:31:25,unknown,ancillary,0,other,,HTML 完整网页保存产生的附属资源；已登记但不作为独立节点来源解析。
file_e30ee83a77ec3e36,jzRequest.min.js.下载,data/raw/guangxi_reserve_companies_2024_file/jzRequest.min.js.下载,.下载,59627,b1fd31d4f697225ed15dbea8fbd66e36cd7229f6dac938866d99e08710fc8a55,2026-08-10T16:31:26,javascript,ancillary,0,other,,HTML 完整网页保存产生的附属资源；已登记但不作为独立节点来源解析。
file_7d9644f4f423e516,jzUtils.min(1).js.下载,data/raw/guangxi_reserve_companies_2024_file/jzUtils.min(1).js.下载,.下载,110833,63346679d9926ca22b7a385a52bd452bd3fe21eca04771cdf95c6a6846dd58fa,2026-08-10T16:31:26,javascript,ancillary,0,other,,HTML 完整网页保存产生的附属资源；已登记但不作为独立节点来源解析。
file_580fbeaed5bf0b1b,jzUtils.min.js.下载,data/raw/guangxi_reserve_companies_2024_file/jzUtils.min.js.下载,.下载,10741,5216df069a469d739e6869e089dcf485054125076ef3e6a13a43e4b90f87f986,2026-08-10T16:31:25,javascript,ancillary,0,other,,HTML 完整网页保存产生的附属资源；已登记但不作为独立节点来源解析。
file_d29d9bab1af0c014,login.min.css,data/raw/guangxi_reserve_companies_2024_file/login.min.css,.css,11476,462585eed4dbfed10b96b1cb87bd2f769892ba5f55b5869fc80a566e4290f194,2026-08-10T16:31:29,css,ancillary,0,other,,HTML 完整网页保存产生的附属资源；已登记但不作为独立节点来源解析。
file_b41c05e02994ab75,module.min.css,data/raw/guangxi_reserve_companies_2024_file/module.min.css,.css,131227,0119948d247e3f145b1572defa011a6a30a23c1d2185e597b3436a19054743d6,2026-08-10T16:31:24,css,ancillary,0,other,,HTML 完整网页保存产生的附属资源；已登记但不作为独立节点来源解析。
file_6fc7806e9691058a,module.min.js.下载,data/raw/guangxi_reserve_companies_2024_file/module.min.js.下载,.下载,410460,a6dc5a96dd23a65b767389a2b6a96d72e01eaee4f8f2fab4ee0db915ad627799,2026-08-10T16:31:29,javascript,ancillary,0,other,,HTML 完整网页保存产生的附属资源；已登记但不作为独立节点来源解析。
file_14a36575cb9d72ed,newSearchBoxStyle.min.css,data/raw/guangxi_reserve_companies_2024_file/newSearchBoxStyle.min.css,.css,21608,85cb11a2485172cc5d75c0530903d328b2e83f0856603ee747181fd9e8632def,2026-08-10T16:31:24,css,ancillary,0,other,,HTML 完整网页保存产生的附属资源；已登记但不作为独立节点来源解析。
file_ac815d9584b3d798,outerChain.jsp,data/raw/guangxi_reserve_companies_2024_file/outerChain.jsp,.jsp,683,178cd182fc2726a74252b45990bc3d1f1d7a4a334ce42787e325b3110a9d3909,2026-08-10T16:31:23,unknown,ancillary,0,other,,HTML 完整网页保存产生的附属资源；已登记但不作为独立节点来源解析。
file_1c0d4d643c7e486b,partitionSite.min.js.下载,data/raw/guangxi_reserve_companies_2024_file/partitionSite.min.js.下载,.下载,1295405,84d8c092b170a9ec23561433fd71acdd6bfc38b5082962eaeac1bb7863961508,2026-08-10T16:31:28,javascript,ancillary,0,other,,HTML 完整网页保存产生的附属资源；已登记但不作为独立节点来源解析。
file_b206107498c48ff1,photoSlide.min.js.下载,data/raw/guangxi_reserve_companies_2024_file/photoSlide.min.js.下载,.下载,22961,c1e9ef683010657dda1916a1d44f7c8cd28fa36f89b2a6a04f91fa3cf7231f28,2026-08-10T16:31:22,javascript,ancillary,0,other,,HTML 完整网页保存产生的附属资源；已登记但不作为独立节点来源解析。
file_bac9aed6fd08af34,polyfill.min.js.下载,data/raw/guangxi_reserve_companies_2024_file/polyfill.min.js.下载,.下载,129297,2927614f719f25935568a8e0dd2b8de5fd1b0e7ef01b0bd987bac5d7264c159f,2026-08-10T16:31:25,javascript,ancillary,0,other,,HTML 完整网页保存产生的附属资源；已登记但不作为独立节点来源解析。
file_f0d0b834de868110,push.js.下载,data/raw/guangxi_reserve_companies_2024_file/push.js.下载,.下载,308,c31f2003f1c93ac1e34b09f376d97a65da6e110bf451cf1e0e50a7946c5e7212,2026-08-10T16:31:22,javascript,ancillary,0,other,,HTML 完整网页保存产生的附属资源；已登记但不作为独立节点来源解析。
file_fc2a7eb7eb023ae6,qrCode(1).jsp,data/raw/guangxi_reserve_companies_2024_file/qrCode(1).jsp,.jsp,6142,eb5b9dc7ed0778eb883f5d607e9f8d2e4be7eb7382f142c6f2cf40dfe1cd9e9d,2026-08-10T16:31:30,png,ancillary,0,other,,HTML 完整网页保存产生的附属资源；已登记但不作为独立节点来源解析。
file_f371f07eee26e017,qrCode.jsp,data/raw/guangxi_reserve_companies_2024_file/qrCode.jsp,.jsp,4525,c2173c17fae38e072217508dcdd85c4eda6e0513b11941d79193aee01c31dcff,2026-08-10T16:31:30,png,ancillary,0,other,,HTML 完整网页保存产生的附属资源；已登记但不作为独立节点来源解析。
file_6de0f58e5a2a294b,site.min.js.下载,data/raw/guangxi_reserve_companies_2024_file/site.min.js.下载,.下载,337932,b6a15571d0b6c00a9c40c61456c566d5fe8ed0deb2a7867e99d3d31877cd43c4,2026-08-10T16:31:29,javascript,ancillary,0,other,,HTML 完整网页保存产生的附属资源；已登记但不作为独立节点来源解析。
file_44dd09c180d726af,siteBase2.min.css,data/raw/guangxi_reserve_companies_2024_file/siteBase2.min.css,.css,80154,8992f3e146a123c1ea03b4f4cc455eabe6a39bac8dac49e93e33c415eff962a1,2026-08-10T16:31:23,css,ancillary,0,other,,HTML 完整网页保存产生的附属资源；已登记但不作为独立节点来源解析。
file_7d09fc9e4ae96dc2,svg.min.js.下载,data/raw/guangxi_reserve_companies_2024_file/svg.min.js.下载,.下载,48724,8eff0aba435c3a918c34c6144a353d6c2bea9454fabbc3fe4d93de2bb655d50f,2026-08-10T16:31:21,javascript,ancillary,0,other,,HTML 完整网页保存产生的附属资源；已登记但不作为独立节点来源解析。
file_ce483f46acacf8ef,themeMixin.min.css,data/raw/guangxi_reserve_companies_2024_file/themeMixin.min.css,.css,295,d65b2a57c22ee2a5bb0b94621ac463743163df5006f4eaf76d6ece6e0cc01c49,2026-08-10T16:31:24,css,ancillary,0,other,,HTML 完整网页保存产生的附属资源；已登记但不作为独立节点来源解析。
file_21521ca956652385,validateCode.jsp,data/raw/guangxi_reserve_companies_2024_file/validateCode.jsp,.jsp,3139,df7ecc257526be7a549db8419e777fe5139daa411e92e539e6200cc7262b1ecf,2026-08-10T16:31:30,jpeg,ancillary,0,other,,HTML 完整网页保存产生的附属资源；已登记但不作为独立节点来源解析。
file_a41a30379db91c49,vue-2.7.14.min.js.下载,data/raw/guangxi_reserve_companies_2024_file/vue-2.7.14.min.js.下载,.下载,108737,dbbdc0cd87bab3135b388bbca1a3015105ea56c539b9d4b82f25d1d66b74395e,2026-08-10T16:31:25,javascript,ancillary,0,other,,HTML 完整网页保存产生的附属资源；已登记但不作为独立节点来源解析。
file_8fd80847a2bd30ac,webRightBar.min.css,data/raw/guangxi_reserve_companies_2024_file/webRightBar.min.css,.css,20189,03581400f7376917ceaae82c2b8f728391441ac16f5ebfe2503bd16785b75a91,2026-08-10T16:31:25,css,ancillary,0,other,,HTML 完整网页保存产生的附属资源；已登记但不作为独立节点来源解析。
file_baf2a03a5bd599d7,guigang_food_suppliers_310.pdf,data/raw/guigang_food_suppliers_310.pdf,.pdf,229855,33c5d5ce01fd8221a3650eebe691cd8399e5862f734dd50f291d17b708718169,2026-08-10T15:10:08,pdf,parsed,310,government_procurement,,成功抽取 310 条原始记录。
file_6a02aa5933cd197b,moa_designated_wholesale_markets_2024.pdf,data/raw/moa_designated_wholesale_markets_2024.pdf,.pdf,293188,269862a088bd07ad0fc54ddd440d3f95e80c53decccbb3952e688b5a5839bd05,2026-08-10T15:08:47,pdf,parsed,663,wholesale_market,,成功抽取 663 条原始记录。
file_36eebd678e13fdd3,national_emergency_grain_enterprises_2025_reassessment.wps,data/raw/national_emergency_grain_enterprises_2025_reassessment.wps,.wps,50176,94c27596fb20c682494e42ee2fb98e98b4bfe399e23700dc5f160209a0dd98da,2026-08-10T15:06:49,wps_ole_compound,parsed,46,grain_emergency,,成功抽取 46 条原始记录。
file_bb365c73fee2945c,national_emergency_grain_enterprises_batch2.pdf,data/raw/national_emergency_grain_enterprises_batch2.pdf,.pdf,73720,e48ea0d23ce62a51d6a12aaf1ea9e6e191f233bbfd08bc8449119ef6cc7f815f,2026-08-10T15:06:11,pdf,parsed,51,grain_emergency,,成功抽取 51 条原始记录。
file_265d4f3268547854,pingguo_meat_suppliers.pdf,data/raw/pingguo_meat_suppliers.pdf,.pdf,64475,021d0e9c1b583d5da1aa41ea052ce1cf594bcb7b1f8891affcfb2ff1523f4af6,2026-08-10T15:11:00,pdf,parsed,40,government_procurement,,成功抽取 40 条原始记录。
file_031582f8513e734e,pingguo_vegetable_fruit_suppliers.pdf,data/raw/pingguo_vegetable_fruit_suppliers.pdf,.pdf,63435,80fa482f0c263e031b874d7b7f1ffff9933fc279b20e080112545323f85926f6,2026-08-10T15:11:20,pdf,parsed,38,government_procurement,,成功抽取 38 条原始记录。
