county_adcode,county_name,elevation_min_m,elevation_max_m,elevation_mean_m,valid_pixel_count,elevation_std_m,county_area_m2,valid_area_m2,valid_coverage_ratio,data_source,dem_resolution_m
450102,兴宁区,4.0,931.0,169.52676585603922,805261,101.79969873121293,724733036.617729,724734900.0,1.0000025711291978,ASTER GDEM V3,30
450103,青秀区,5.0,513.0,118.90936973465259,957914,54.63748286815446,862089184.3356532,862122600.0,1.0000387612615422,ASTER GDEM V3,30
450105,江南区,10.0,383.0,143.28616603070674,1317431,49.757456895585634,1185690281.1939187,1185687900.0,0.9999979917235078,ASTER GDEM V3,30
450107,西乡塘区,19.0,592.0,116.49266313354336,1194788,55.09307339002761,1075293520.6967773,1075309200.0,1.000014581417,ASTER GDEM V3,30
450108,良庆区,1.0,432.0,125.51286579295906,1519883,45.065953942160995,1367923752.5365682,1367894700.0,0.9999787615819126,ASTER GDEM V3,30
450109,邕宁区,8.0,372.0,110.47711136201309,1369282,28.16610010744001,1232356640.4155169,1232353800.0,0.9999976951351389,ASTER GDEM V3,30
450110,武鸣区,20.0,1695.0,226.27374868196014,3766009,179.82416537917675,3389402870.9210334,3389408100.0,1.0000015427729207,ASTER GDEM V3,30
450123,隆安县,34.0,1024.0,237.33805230853434,2557900,141.02634390859484,2302143863.3993173,2302110000.0,0.9999852904938499,ASTER GDEM V3,30
450124,马山县,92.0,1297.0,334.52844452960807,2598918,137.49551367835596,2339021594.2846227,2339026200.0,1.0000019690777497,ASTER GDEM V3,30
450125,上林县,48.0,1737.0,280.72427848537285,2072827,239.3713780281731,1865576831.4413545,1865544300.0,0.9999825622612769,ASTER GDEM V3,30
450126,宾阳县,24.0,1109.0,165.75093590335706,2561429,120.89511576608737,2305302148.8908467,2305286100.0,0.9999930382701224,ASTER GDEM V3,30
450181,横州市,16.0,1131.0,115.70466327197663,3828921,80.34982817226886,3446048804.6037846,3446028900.0,0.9999942239344498,ASTER GDEM V3,30
