name,longitude,latitude,address,district,source,养老机构床位数
横县阳光谷老年养生中心,108.942335,22.791155,广西壮族自治区南宁市横县六景镇良圻农场场部,横州市,高德地图(已转WGS84),98
南宁市金色阳光护理院,108.332086,22.842308,南宁市兴宁区望州路298-33号,兴宁区,高德地图(已转WGS84),180
南宁市柏灵护老院,108.301053,22.845156,南宁市秀灵路东三里26号,西乡塘区,高德地图(已转WGS84),130
宾阳县福康养老院,109.163941,23.207646,宾阳县黎塘镇永安东路268号,宾阳县,高德地图(已转WGS84),120
宾阳县社会福利院,108.815628,23.219618,宾阳县宾州镇葵扇岭片区泮塘村路口直入两百米,宾阳县,高德地图(已转WGS84),1170
南宁市一心护理康复养老中心,108.317016,22.870585,南宁园艺路2号,西乡塘区,高德地图(已转WGS84),420
横县社会福利院,109.290567,22.706567,横县横州镇长安路415号,横州市,高德地图(已转WGS84),100
南宁市中南颐养院,108.339789,22.835912,南宁市长堽路二里7号,兴宁区,高德地图(已转WGS84),100
南宁市颐康养老院,108.314995,22.825899,南宁市共和路168号基督教综合楼4-7层,兴宁区,高德地图(已转WGS84),70
南宁市邕宁区光荣院,108.492643,22.772146,南宁市仙葫大道东145-1号,青秀区,高德地图(已转WGS84),50
南宁市武鸣真情养老中心,108.292806,23.118614,南宁市武鸣区双桥镇伊岭小康新村内,武鸣区,高德地图(已转WGS84),180
南宁市武鸣区佳益颐养中心,108.287743,23.150851,南宁市武鸣区城厢镇标营路10号,武鸣区,高德地图(已转WGS84),180
南宁市曙光养老中心,108.504726,22.746347,南宁市邕宁区八鲤路295号,邕宁区,高德地图(已转WGS84),80
南宁市康宁护老院,108.339029,22.839112,南宁市长堽路一里33号对面,兴宁区,高德地图(已转WGS84),120
南宁市阳光护老院,108.27981,22.802231,南宁市江南区五一中路新屋二里1号,江南区,高德地图(已转WGS84),60
南宁市仁爱养老中心,108.318428,22.851384,北湖北路8号盛天名都商业街1栋2楼,西乡塘区,高德地图(已转WGS84),80
南宁市西乡塘区新阳护老院,108.291277,22.820446,南宁市新阳路222-7,西乡塘区,高德地图(已转WGS84),55
南宁市西乡塘区福康护老院,108.28396,22.838386,南宁市大学东路106-1号,西乡塘区,高德地图(已转WGS84),65
南宁市西乡塘区秀安护老院,108.309413,22.851719,南宁市西乡塘区秀厢大道万秀娱乐城A栋二楼、三楼,西乡塘区,高德地图(已转WGS84),56
南宁市秀灵护老院,108.314072,22.866828,南宁市北湖北路51号,西乡塘区,高德地图(已转WGS84),100
隆安县社会福利院,107.704162,23.16983,隆安县城厢镇宝塔村驮吞屯109号,隆安县,高德地图(已转WGS84),60
南宁市康乐护老院,108.339789,22.835912,南宁市长堽路二里7号,兴宁区,高德地图(已转WGS84),220
南宁市仁义护老院,108.267081,22.811795,南宁市江南区沙井街道十四组11号,江南区,高德地图(已转WGS84),90
广西医大仁爱养老服务中心,108.309709,22.779729,广西南宁市白沙大道45号,江南区,高德地图(已转WGS84),450
南宁市益康护老院,108.316381,22.856936,广西南宁市西乡塘区北湖北路35-2,西乡塘区,高德地图(已转WGS84),65
南宁市吉安护老院,108.246147,22.842735,广西南宁市西乡塘区大学东路89号,西乡塘区,高德地图(已转WGS84),100
南宁市陈东福寿养老院,108.25458,22.836624,南宁市西乡塘区大学东路陈东村路口谷塘西16号,西乡塘区,高德地图(已转WGS84),60
南宁市社会福利院,108.288416,22.826686,南宁市西乡塘区新阳北三路16号,西乡塘区,高德地图(已转WGS84),400
广西重阳老年公寓,108.319547,22.765146,广西南宁市良庆区金象大道72号,良庆区,高德地图(已转WGS84),550
南宁市家丽怡康馨园,108.396256,22.879437,南宁市兴宁区四塘镇昆仑大道以北,兴宁区,高德地图(已转WGS84),180
南宁市金桥养老院,108.383904,22.871793,南宁市兴宁区三塘镇降桥村那荷坡7号,兴宁区,高德地图(已转WGS84),200
宾阳县春芳养老院,108.786006,23.218639,宾阳县宾州镇新城区285号,宾阳县,高德地图(已转WGS84),101
宾阳县夕阳红养老院,109.13076,23.192006,广西壮族自治区宾阳县宾州镇仁爱社区,宾阳县,高德地图(已转WGS84),130
马山县一心养老院,108.173698,23.711017,马山县城西云峰山脚,马山县,高德地图(已转WGS84),112
南宁市东海养老院,108.286168,22.818003,南宁市中尧路48号,西乡塘区,高德地图(已转WGS84),90
南宁市新阳真情养老院,108.281579,22.82138,明秀西路154-122号,西乡塘区,高德地图(已转WGS84),180
南宁市金太阳老年公寓,108.199976,22.827103,南宁市西乡塘区大学西路112号,西乡塘区,高德地图(已转WGS84),700
宾阳县家兴养老院,108.797564,23.259667,广西宾阳县宾州镇六岭村委会,宾阳县,高德地图(已转WGS84),53
南宁美好家园养老院有限公司,108.350986,22.793591,南宁市青秀区竹溪南路8-1号,青秀区,高德地图(已转WGS84),401
南宁市江南区旅居爱心养老中心,108.243796,22.808648,南宁市江南区沙井大道56号江南华府12栋A座1501室和1601室,江南区,高德地图(已转WGS84),16
南宁市中科护理院,108.316774,22.744711,南宁市良庆区银海大道金象一区建福街2-18号,良庆区,高德地图(已转WGS84),300
南宁市江南区关爱养老服务中心,108.25488,22.805952,南宁市江南区五一西路14-6号,江南区,高德地图(已转WGS84),40
南宁市兴望护老院,108.340074,22.852811,南宁市兴宁区东沟岭正街32号邕光防水建材厂新建路边铺面第一栋二楼,兴宁区,高德地图(已转WGS84),70
南宁市富德老年公寓,108.267184,22.811718,南宁市江南区五一宏德富德新村综合楼,江南区,高德地图(已转WGS84),100
广西重阳老年公寓龙腾分院,108.295503,22.818565,西乡塘区新阳路89号旁,西乡塘区,高德地图(已转WGS84),40
广西重阳老年公寓石柱岭分院,108.304944,22.784609,广西壮族自治区南宁市江南区石柱岭二路11号,江南区,高德地图(已转WGS84),110
广西重阳老年公寓菠萝岭分院,108.303367,22.781893,广西壮族自治区南宁市江南区菠萝岭东一街27-4号,江南区,高德地图(已转WGS84),40
南宁市康养之家养老院,108.332682,22.728072,南宁市良庆区康平街13号,良庆区,高德地图(已转WGS84),80
?广西重阳老年公寓万力分院?,108.282783,22.829355,西乡塘区明秀西路152号万力社区居委会旁,西乡塘区,高德地图(已转WGS84),60
上林县金桥养老服务中心,108.616046,23.372061,上林县明亮镇亭亮街上,上林县,高德地图(已转WGS84),113
上林县金桥老年启智护养中心,108.72186,23.528023,上林县三里镇三里街上,上林县,高德地图(已转WGS84),73
上林县金桥老年休闲养生中心,108.508738,23.533808,上林县西燕镇西燕街上,上林县,高德地图(已转WGS84),101
南宁市城中家园养老院,108.297587,22.855556,南宁市北湖北路西面安宁街道办北湖村一队三产综合楼A栋2号楼,西乡塘区,高德地图(已转WGS84),280
南宁市飞燕养老服务中心,108.302585,22.770643,广西壮族自治区南宁市经开区朋展路1号,江南区,高德地图(已转WGS84),100
南宁市夕阳红康复护养中心,108.335828,22.883612,南宁市邕武路14-2号,西乡塘区,高德地图(已转WGS84),147
南宁市福海安老院,108.274016,22.803276,南宁市江南区五一中路25-29号,江南区,高德地图(已转WGS84),126
南宁市同仁养老院,108.337555,22.854787,广西南宁市南梧路2号,兴宁区,高德地图(已转WGS84),60
南宁市一孝石埠护老院,108.175868,22.801717,南宁市西乡塘区石埠街道办石埠实业有限责任公司,西乡塘区,高德地图(已转WGS84),100
太和自在城,108.187837,23.213002,广西-东盟经济开发区伏坡大道32号,武鸣区,高德地图(已转WGS84),340
广西善颐养老服务有限公司,108.185248,22.827077,南宁市西乡塘区石埠路260号,西乡塘区,高德地图(已转WGS84),160
南宁市第一人民医院大塘养老服务中心,108.379233,22.391989,良庆区大塘镇南北大道58-2号,良庆区,高德地图(已转WGS84),100
南宁市良庆区博大养老院,108.326251,22.736297,南宁市良庆区银海大道703/703-1/703-2/703-3/707-1/709-1/801/803/805/807,良庆区,高德地图(已转WGS84),96
广西喜康中颐养老服务有限公司,108.277056,22.884743,南宁市西乡塘区丰达路36号,西乡塘区,高德地图(已转WGS84),450
唐山城市养老服务中心,108.321985,22.836596,南宁市唐山路20号,西乡塘区,高德地图(已转WGS84),30
广西五星养老服务有限公司,108.329449,22.737912,银海大道813号,良庆区,高德地图(已转WGS84),20
南宁市良庆五星老年人护理有限公司,108.315469,22.749299,南宁市银海大道369号,良庆区,高德地图(已转WGS84),20
南宁市第八人民医院医养结合老年人养护中心,108.300269,22.837301,南宁市沈阳路2号,西乡塘区,高德地图(已转WGS84),78
南宁市西乡塘区安居真情养老服务中心,108.311547,22.862486,南宁市秀厢大道53号,西乡塘区,高德地图(已转WGS84),50
南宁市第一人民医院养老服务中心,108.435599,22.810997,南宁市仙湖大道东139号,青秀区,高德地图(已转WGS84),300
南宁市安吉真情养老服务中心,108.291719,22.886192,南宁市西乡塘区安吉街23号,西乡塘区,高德地图(已转WGS84),150
南宁市快乐家庭养老服务中心,108.393554,22.628951,南宁市良庆区那马镇那马街418号锦龙潭别墅山庄,良庆区,高德地图(已转WGS84),230
宾阳县新桥镇福康养老院,108.753201,23.217278,宾阳县新桥镇尚武街3-1号,宾阳县,高德地图(已转WGS84),160
南宁市第一人民医院那陈养老院,108.276834,22.453748,良庆区那陈镇那乐路55号,良庆区,高德地图(已转WGS84),30
南宁市第一人民医院南晓养老院,108.414475,22.308975,良庆区南晓镇南北公路60km处,良庆区,高德地图(已转WGS84),25
南宁市益民护老院,108.344025,22.83023,建政东路35号综合楼二层,青秀区,高德地图(已转WGS84),120
兴宁区燕子岭城市养老服务中心,108.344116,22.843284,长堽三里燕子岭旧社社区,兴宁区,高德地图(已转WGS84),50
南宁市壮美养老服务中心,108.413358,22.872177,南宁市兴宁区三塘南路89号,兴宁区,高德地图(已转WGS84),206
南宁市青秀区惠民护老院,108.489711,22.764062,青秀区仙葫大道莫村半岛仙葫大道85号,青秀区,高德地图(已转WGS84),40
合众人寿健康产业（南宁）投资有限公司,108.477897,22.772199,南宁市邕宁区江湾路228号,邕宁区,高德地图(已转WGS84),250
南宁市第五人民医院老年医学医护中心,108.333263,22.861165,南宁市兴宁区邕武路7号,兴宁区,高德地图(已转WGS84),33
南宁市五象养老服务中心,108.43718,22.772624,南宁市邕宁区步云路1号,邕宁区,高德地图(已转WGS84),2000
宾阳县颐园养老院,109.127601,23.197383,广西宾阳县黎塘镇仁爱路火车站广场南侧,宾阳县,高德地图(已转WGS84),120
南宁市第一人民医院那马养老院,108.381831,22.635094,良庆区那马镇那马街105号,良庆区,高德地图(已转WGS84),12
澳华社区城市养老服务中心,108.361277,22.864079,秀厢大道109号,兴宁区,高德地图(已转WGS84),30
南宁市青秀区竹溪社区老年养护中心,108.363786,22.80324,南宁市青秀区竹溪大道39号左岸青园A栋2层,青秀区,高德地图(已转WGS84),50
南宁市康和园护老院,108.25631,22.865595,南宁市西乡塘区心圩街道心圩村七组（高新大道北面）,西乡塘区,高德地图(已转WGS84),120
南宁市一心护理康复养老中心第一分院,108.317016,22.870585,南宁市园艺路2号,西乡塘区,高德地图(已转WGS84),420
南宁市一心护理康复养老中心第二分院,108.319305,22.871323,南宁市北湖北路北湖村一队七冬坡北湖建材城美装公寓1栋A、B单元,西乡塘区,高德地图(已转WGS84),90
南宁福康护老院,108.308159,22.770325,南宁市星光大道247号,江南区,高德地图(已转WGS84),50
南宁翠湖医院老年人养护中心,108.261092,22.811117,江南区五一西路6号翠湖医院三楼,江南区,高德地图(已转WGS84),65
南宁市舜帆养老院,108.437179,22.812293,南宁市仙葫经济开发区开天路97号,青秀区,高德地图(已转WGS84),18
