tile,relative_path,extension,size_bytes,sha256
N48_20_2020LC030,data/raw/globeland30_2020/N48_20_2020LC030/n48_20_2020lc030.tfw,.tfw,85,2fe91d2e6961dcfadfe214fb852c62725ddaa3190cda0ee4f26aaa25b727f16d
N48_20_2020LC030,data/raw/globeland30_2020/N48_20_2020LC030/n48_20_2020lc030.tif,.tif,29523490,e6df71d266180c2ad9b76e2957a20696b71632deaefadf8f0f0c42701862ca46
N48_20_2020LC030,data/raw/globeland30_2020/N48_20_2020LC030/N48_20_2020LC030_IMG.cpg,.cpg,5,3ad3031f5503a4404af825262ee8232cc04d4ea6683d42c5dd0a2f2a27ac9824
N48_20_2020LC030,data/raw/globeland30_2020/N48_20_2020LC030/N48_20_2020LC030_IMG.dbf,.dbf,12594,f193cae65d1a837b9ece70db0d3407d1685521ffea36714be5bca54c6d54353e
N48_20_2020LC030,data/raw/globeland30_2020/N48_20_2020LC030/N48_20_2020LC030_IMG.prj,.prj,145,a02a27b1d1982c8516d83398e85a3c8b1aef1713c13ef4d84d7bde17430c07c4
N48_20_2020LC030,data/raw/globeland30_2020/N48_20_2020LC030/N48_20_2020LC030_IMG.shp,.shp,51048,161f657f9e9a9d918f442b70eda5234e0154922780636d0db705b7916bd79d62
N48_20_2020LC030,data/raw/globeland30_2020/N48_20_2020LC030/N48_20_2020LC030_IMG.shp.xml,.xml,6312,4511d28d4a60fbf1e047aacb068f76e8658a80be0aaa899aa664472dca737963
N48_20_2020LC030,data/raw/globeland30_2020/N48_20_2020LC030/N48_20_2020LC030_IMG.shx,.shx,1444,bedc9eea708fb4ff32948d378d3e07a16d6d7c50dee065bb5372b7d9029e696c
N48_20_2020LC030,data/raw/globeland30_2020/N48_20_2020LC030/N48_20_2020LC030_MAT.xls,.xls,9728,e488d7a86ea45e72e1f81bc7799c043637cd85f6c4cd7616f4091611f7cd8396
N49_20_2020LC030,data/raw/globeland30_2020/N49_20_2020LC030/n49_20_2020lc030.tfw,.tfw,85,3ac51803af8fe4bbd1cd3b9408884828bc731b01da6e67d65292981e2b365877
N49_20_2020LC030,data/raw/globeland30_2020/N49_20_2020LC030/n49_20_2020lc030.tif,.tif,17865196,4512fab3157b2730643a3f93a0f415b68d208482d2447cdbb69c4e1e8bada4a2
N49_20_2020LC030,data/raw/globeland30_2020/N49_20_2020LC030/N49_20_2020LC030_IMG.cpg,.cpg,5,3ad3031f5503a4404af825262ee8232cc04d4ea6683d42c5dd0a2f2a27ac9824
N49_20_2020LC030,data/raw/globeland30_2020/N49_20_2020LC030/N49_20_2020LC030_IMG.dbf,.dbf,11410,ccb97300a8a89fd0d7d20874ed075633f50f2c314ddecb11cf589fb26571fe6b
N49_20_2020LC030,data/raw/globeland30_2020/N49_20_2020LC030/N49_20_2020LC030_IMG.prj,.prj,145,a02a27b1d1982c8516d83398e85a3c8b1aef1713c13ef4d84d7bde17430c07c4
N49_20_2020LC030,data/raw/globeland30_2020/N49_20_2020LC030/N49_20_2020LC030_IMG.shp,.shp,62668,b7c6ad0a5b28a015bb6d88f398b96b84ceb9aeeb56c9449f8a34e2945af0b91d
N49_20_2020LC030,data/raw/globeland30_2020/N49_20_2020LC030/N49_20_2020LC030_IMG.shp.xml,.xml,6312,536127d7487c8e8d601a8e8deb18385ab84aee2ae82c87b0859c73f4cdc64d2f
N49_20_2020LC030,data/raw/globeland30_2020/N49_20_2020LC030/N49_20_2020LC030_IMG.shx,.shx,1316,037e01a980184cfbbc77655e8b712c2b7ac14a1db7782c00ce9c1b27c8695fc5
N49_20_2020LC030,data/raw/globeland30_2020/N49_20_2020LC030/N49_20_2020LC030_MAT.xls,.xls,9728,dee76835f23a6e2b66d5aaf5b8c91575fcde114886b7d9c49cb2b887dad8f687
