source_layer,source_fid,osm_id,fclass,record_id,source_crs,district_code,data_source,data_type,dedup_status,dedup_reason,facility_name,facility_type,facility_subtype,longitude,latitude,source_record_id,record_id_origin,boundary_version,boundary_status,code_validation_status,province,city,district,name_source_field,impact_weight,education_level,name,address,source,养老机构床位数,district_name,district_assignment_status,inside_flood,distance_to_flood_m,exposure_class,assessment_status,evidence,event_id,analysis_date,calculation_version,source_commit,geometry
gis_osm_pois_a_free,<NA>,1191968535,hospital,hospital:hospitals:gis_osm_pois_a_free:1191968535:hospital,OGC:CRS84,450103,OpenStreetMap,real,kept,<NA>,伶俐镇卫生院,hospital,hospital,108.76321986895957,22.852277,,derived_from_source_layer_osm_id_fclass,smartbidata_task06_20260810,team_shared,team_shared_source,广西壮族自治区,南宁市,青秀区,facility_name,3,,,,,,青秀区,assigned_single_intersection,False,464.43044239540194,near_flood,potential_remote_sensing_assessment,within_500m_of_task20_new_flood_extent,nanning_flood_20260706_0707,2026-07-07,dispatch_v3,074f2c6841becf074f14d90e06a2e9672972f1ec,"MULTIPOLYGON (((108.762805 22.852436, 108.762891 22.852018, 108.763622 22.852118, 108.763564 22.852579, 108.762805 22.852436)))"
gis_osm_pois_a_free,<NA>,1279593075,hospital,hospital:hospitals:gis_osm_pois_a_free:1279593075:hospital,OGC:CRS84,450126,OpenStreetMap,real,kept,<NA>,宾阳县人民医院,hospital,hospital,108.82650251843864,23.24598435,,derived_from_source_layer_osm_id_fclass,smartbidata_task06_20260810,team_shared,team_shared_source,广西壮族自治区,南宁市,宾阳县,facility_name,3,,,,,,宾阳县,assigned_single_intersection,False,369.0770905598577,near_flood,potential_remote_sensing_assessment,within_500m_of_task20_new_flood_extent,nanning_flood_20260706_0707,2026-07-07,dispatch_v3,074f2c6841becf074f14d90e06a2e9672972f1ec,"MULTIPOLYGON (((108.824761 23.245481, 108.826398 23.244963, 108.826468 23.245115, 108.826574 23.24507, 108.827043 23.24505, 108.827306 23.245626, 108.827501 23.245785, 108.827824 23.246216, 108.828025 23.246655, 108.827965 23.246886, 108.827184 23.247115, 108.827122 23.246913, 108.826932 23.246754, 108.826842 23.246669, 108.826631 23.246089, 108.825498 23.246448, 108.825336 23.245922, 108.824967 23.246047, 108.824761 23.245481)))"
gis_osm_pois_a_free,<NA>,618829559,school,school:schools:gis_osm_pois_a_free:618829559:school,OGC:CRS84,450126,OpenStreetMap,real,kept,<NA>,宾阳中学,school,,108.81941745698072,23.2404622,,derived_from_source_layer_osm_id_fclass,smartbidata_task06_20260810,team_shared,team_shared_source,广西壮族自治区,南宁市,宾阳县,facility_name,2,school,,,,,宾阳县,assigned_single_intersection,False,351.57918191118796,near_flood,potential_remote_sensing_assessment,within_500m_of_task20_new_flood_extent,nanning_flood_20260706_0707,2026-07-07,dispatch_v3,074f2c6841becf074f14d90e06a2e9672972f1ec,"MULTIPOLYGON (((108.815322 23.241603, 108.815405 23.241577, 108.81537 23.241306, 108.815375 23.241215, 108.815536 23.241065, 108.816034 23.240746, 108.816366 23.240969, 108.816505 23.241079, 108.816647 23.241089, 108.816799 23.24104, 108.816961 23.241072, 108.817 23.240909, 108.817162 23.24063, 108.817389 23.240632, 108.817523 23.240661, 108.817728 23.240035, 108.817999 23.239714, 108.818348 23.239958, 108.818544 23.239696, 108.818105 23.239357, 108.818995 23.238495, 108.81916 23.238612, 108.819268 23.238481, 108.819943 23.238004, 108.821516 23.239339, 108.821074 23.239711, 108.821231 23.239901, 108.821277 23.240294, 108.82121 23.240662, 108.820936 23.240897, 108.819905 23.240904, 108.818692 23.241951, 108.818615 23.242082, 108.818696 23.242695, 108.818614 23.242883, 108.818431 23.243003, 108.818284 23.242971, 108.818122 23.242831, 108.818074 23.24262, 108.817788 23.24262, 108.817805 23.242143, 108.817078 23.241975, 108.816031 23.242268, 108.816198 23.242344, 108.816284 23.242552, 108.816254 23.242769, 108.815658 23.242931, 108.815322 23.241603)))"
gis_osm_pois_a_free,<NA>,1061310520,college,school:schools:gis_osm_pois_a_free:1061310520:college,OGC:CRS84,450126,OpenStreetMap,real,kept,<NA>,南宁市卫生学校黎塘校区,school,,109.1139045407753,23.19407305,,derived_from_source_layer_osm_id_fclass,smartbidata_task06_20260810,team_shared,team_shared_source,广西壮族自治区,南宁市,宾阳县,facility_name,2,college,,,,,宾阳县,assigned_single_intersection,False,429.7752756401209,near_flood,potential_remote_sensing_assessment,within_500m_of_task20_new_flood_extent,nanning_flood_20260706_0707,2026-07-07,dispatch_v3,074f2c6841becf074f14d90e06a2e9672972f1ec,"MULTIPOLYGON (((109.111308 23.192446, 109.111709 23.192346, 109.112025 23.192257, 109.11194 23.191643, 109.112777 23.191487, 109.112984 23.192, 109.11342 23.192569, 109.113476 23.192832, 109.113441 23.19351, 109.114574 23.193778, 109.114935 23.19411, 109.115896 23.19441, 109.11521 23.196619, 109.114162 23.196366, 109.114151 23.196335, 109.114025 23.196103, 109.113808 23.195963, 109.11383 23.195652, 109.113916 23.19539, 109.113927 23.194899, 109.113812 23.194756, 109.113494 23.19454, 109.11309 23.194199, 109.112863 23.194036, 109.112644 23.193784, 109.112267 23.193607, 109.111928 23.193618, 109.111515 23.193484, 109.111357 23.192948, 109.111308 23.192446)))"
gis_osm_pois_a_free,<NA>,1080850005,school,school:schools:gis_osm_pois_a_free:1080850005:school,OGC:CRS84,450126,OpenStreetMap,real,kept,<NA>,宾阳县思恩民族中学,school,,108.81428047672958,23.2538519,,derived_from_source_layer_osm_id_fclass,smartbidata_task06_20260810,team_shared,team_shared_source,广西壮族自治区,南宁市,宾阳县,facility_name,2,school,,,,,宾阳县,assigned_single_intersection,False,176.42503781518653,near_flood,potential_remote_sensing_assessment,within_500m_of_task20_new_flood_extent,nanning_flood_20260706_0707,2026-07-07,dispatch_v3,074f2c6841becf074f14d90e06a2e9672972f1ec,"MULTIPOLYGON (((108.812209 23.254388, 108.812368 23.253279, 108.812454 23.25329, 108.812474 23.253161, 108.813664 23.253316, 108.813699 23.253072, 108.8138 23.253085, 108.813834 23.252858, 108.813883 23.252864, 108.813925 23.252582, 108.81522 23.252765, 108.815188 23.252949, 108.815493 23.252976, 108.815504 23.25287, 108.81627 23.252939, 108.816412 23.253134, 108.816136 23.254575, 108.81516 23.25462, 108.81251 23.254575, 108.812209 23.254388)))"
gis_osm_pois_a_free,<NA>,1198568498,school,school:schools:gis_osm_pois_a_free:1198568498:school,OGC:CRS84,450126,OpenStreetMap,real,kept,<NA>,宾阳县志远中学,school,,109.12454665837035,23.220505,,derived_from_source_layer_osm_id_fclass,smartbidata_task06_20260810,team_shared,team_shared_source,广西壮族自治区,南宁市,宾阳县,facility_name,2,school,,,,,宾阳县,assigned_single_intersection,True,0.0,inside_flood,potential_remote_sensing_assessment,intersects_task20_new_flood_extent,nanning_flood_20260706_0707,2026-07-07,dispatch_v3,074f2c6841becf074f14d90e06a2e9672972f1ec,"MULTIPOLYGON (((109.123438 23.221032, 109.123543 23.220488, 109.123937 23.220522, 109.124282 23.219871, 109.124474 23.219831, 109.125114 23.219978, 109.125219 23.220171, 109.125053 23.220941, 109.124664 23.220952, 109.124356 23.221202, 109.123438 23.221032)))"
gis_osm_pois_a_free,<NA>,1218637254,school,school:schools:gis_osm_pois_a_free:1218637254:school,OGC:CRS84,450126,OpenStreetMap,real,kept,<NA>,荷城小学,school,,109.10636751413152,23.2028879,,derived_from_source_layer_osm_id_fclass,smartbidata_task06_20260810,team_shared,team_shared_source,广西壮族自治区,南宁市,宾阳县,facility_name,2,school,,,,,宾阳县,assigned_single_intersection,False,48.03998687349282,near_flood,potential_remote_sensing_assessment,within_500m_of_task20_new_flood_extent,nanning_flood_20260706_0707,2026-07-07,dispatch_v3,074f2c6841becf074f14d90e06a2e9672972f1ec,"MULTIPOLYGON (((109.105348 23.203446, 109.105722 23.201973, 109.107387 23.20233, 109.107013 23.203802, 109.105348 23.203446)))"
gis_osm_pois_a_free,<NA>,1279593072,school,school:schools:gis_osm_pois_a_free:1279593072:school,OGC:CRS84,450126,OpenStreetMap,real,kept,<NA>,新宾中学,school,,108.82845263412462,23.25046445,,derived_from_source_layer_osm_id_fclass,smartbidata_task06_20260810,team_shared,team_shared_source,广西壮族自治区,南宁市,宾阳县,facility_name,2,school,,,,,宾阳县,assigned_single_intersection,False,366.90382170403313,near_flood,potential_remote_sensing_assessment,within_500m_of_task20_new_flood_extent,nanning_flood_20260706_0707,2026-07-07,dispatch_v3,074f2c6841becf074f14d90e06a2e9672972f1ec,"MULTIPOLYGON (((108.826806 23.251678, 108.826886 23.251494, 108.82691 23.251359, 108.826923 23.251227, 108.826839 23.251059, 108.826839 23.250885, 108.82698 23.250863, 108.826976 23.250814, 108.826813 23.250569, 108.82686 23.250504, 108.82704 23.250425, 108.827187 23.250342, 108.827397 23.250284, 108.82754 23.250069, 108.82781 23.249959, 108.828331 23.248992, 108.828673 23.249174, 108.829276 23.24956, 108.829723 23.250115, 108.830113 23.250701, 108.829736 23.251053, 108.829637 23.251011, 108.829552 23.251057, 108.829479 23.251225, 108.829668 23.251286, 108.829593 23.251464, 108.829298 23.251474, 108.82912 23.251442, 108.828999 23.251486, 108.828871 23.251504, 108.82862 23.251706, 108.828435 23.251557, 108.828378 23.251613, 108.828076 23.251526, 108.827799 23.251373, 108.827704 23.25144, 108.827288 23.251882, 108.826806 23.251678)))"
gis_osm_pois_a_free,<NA>,1279593100,school,school:schools:gis_osm_pois_a_free:1279593100:school,OGC:CRS84,450126,OpenStreetMap,real,kept,<NA>,宾州镇第五初级中学,school,,108.83248641769322,23.242922749999998,,derived_from_source_layer_osm_id_fclass,smartbidata_task06_20260810,team_shared,team_shared_source,广西壮族自治区,南宁市,宾阳县,facility_name,2,school,,,,,宾阳县,assigned_single_intersection,False,493.4807156754627,near_flood,potential_remote_sensing_assessment,within_500m_of_task20_new_flood_extent,nanning_flood_20260706_0707,2026-07-07,dispatch_v3,074f2c6841becf074f14d90e06a2e9672972f1ec,"MULTIPOLYGON (((108.831471 23.242792, 108.831498 23.242708, 108.831853 23.242591, 108.831818 23.242394, 108.832046 23.242281, 108.832118 23.242209, 108.832157 23.242104, 108.832215 23.24204, 108.832217 23.241975, 108.832272 23.241936, 108.832542 23.2419, 108.832572 23.242041, 108.832882 23.242122, 108.833061 23.242472, 108.833215 23.242649, 108.83355 23.243053, 108.83364 23.243138, 108.8337 23.243257, 108.833735 23.243436, 108.833096 23.243804, 108.832993 23.243642, 108.832848 23.243727, 108.832792 23.243659, 108.831942 23.24391, 108.831862 23.24358, 108.83182 23.243557, 108.831471 23.242792)))"
gis_osm_pois_a_free,<NA>,1349787501,school,school:schools:gis_osm_pois_a_free:1349787501:school,OGC:CRS84,450181,OpenStreetMap,real,kept,<NA>,横州市第二初级中学,school,,109.25701990845839,22.69110775,,derived_from_source_layer_osm_id_fclass,smartbidata_task06_20260810,team_shared,team_shared_source,广西壮族自治区,南宁市,横州市,facility_name,2,school,,,,,横州市,assigned_single_intersection,False,344.40559384958186,near_flood,potential_remote_sensing_assessment,within_500m_of_task20_new_flood_extent,nanning_flood_20260706_0707,2026-07-07,dispatch_v3,074f2c6841becf074f14d90e06a2e9672972f1ec,"MULTIPOLYGON (((109.256092 22.690354, 109.256822 22.689941, 109.258131 22.691862, 109.256898 22.692195, 109.256092 22.690354)))"
gis_osm_pois_free,<NA>,12464880351,school,school:schools:gis_osm_pois_free:12464880351:school,OGC:CRS84,450181,OpenStreetMap,real,kept,<NA>,,school,,109.2621971,22.6710365,,derived_from_source_layer_osm_id_fclass,smartbidata_task06_20260810,team_shared,team_shared_source,广西壮族自治区,南宁市,横州市,facility_name,2,school,,,,,横州市,assigned_within,False,395.6796359088699,near_flood,potential_remote_sensing_assessment,within_500m_of_task20_new_flood_extent,nanning_flood_20260706_0707,2026-07-07,dispatch_v3,074f2c6841becf074f14d90e06a2e9672972f1ec,POINT (109.262197 22.671036)
,,,,elderly_home:000038,,450126,,,,,宾阳县家兴养老院,elderly_home,,108.797564,23.259667,,,,,,,,宾阳县,name,3,,宾阳县家兴养老院,广西宾阳县宾州镇六岭村委会,高德地图(已转WGS84),53,宾阳县,assigned_within,False,269.25857799146684,near_flood,potential_remote_sensing_assessment,within_500m_of_task20_new_flood_extent,nanning_flood_20260706_0707,2026-07-07,dispatch_v3,074f2c6841becf074f14d90e06a2e9672972f1ec,POINT (108.797564 23.259667)
