dataset,status,task_id,path,reason,data_type,data_source,event_id,analysis_date,calculation_version,source_commit
boundary,available,Task_01,D:\桌面\challenge\data\external\SmartbiData_task3\Task_01\data\processed\nanning_county_boundary_projected.gpkg,Configured real source is present.,real,SmartbiData fixed shared inputs,nanning_flood_20260706_0707,2026-07-07,dispatch_v3,074f2c6841becf074f14d90e06a2e9672972f1ec
population_raster,available,Task_02,D:\桌面\challenge\data\external\SmartbiData_task3\Task_02\worldpop_2020_population_nanning_bbox.tif,Configured real source is present.,real,SmartbiData fixed shared inputs,nanning_flood_20260706_0707,2026-07-07,dispatch_v3,074f2c6841becf074f14d90e06a2e9672972f1ec
settlements,available,Task_03,D:\桌面\challenge\data\external\SmartbiData_task3\Task_03\data\processed\settlements.gpkg,Configured real source is present.,real,SmartbiData fixed shared inputs,nanning_flood_20260706_0707,2026-07-07,dispatch_v3,074f2c6841becf074f14d90e06a2e9672972f1ec
roads,available,Task_04,D:\桌面\challenge\data\external\SmartbiData_task3\Task_04\data\processed\roads.gpkg.zip,Configured real source is present.,real,SmartbiData fixed shared inputs,nanning_flood_20260706_0707,2026-07-07,dispatch_v3,074f2c6841becf074f14d90e06a2e9672972f1ec
hospitals,available,Task_07,D:\桌面\challenge\data\external\SmartbiData_task3\Task_07\data\processed\hospitals.gpkg,Configured real source is present.,real,SmartbiData fixed shared inputs,nanning_flood_20260706_0707,2026-07-07,dispatch_v3,074f2c6841becf074f14d90e06a2e9672972f1ec
schools,available,Task_08,D:\桌面\challenge\data\external\SmartbiData_task3\Task_08\data\processed\schools.gpkg,Configured real source is present.,real,SmartbiData fixed shared inputs,nanning_flood_20260706_0707,2026-07-07,dispatch_v3,074f2c6841becf074f14d90e06a2e9672972f1ec
elderly_homes,available,Task_9,D:\桌面\challenge\data\external\SmartbiData_task3\Task_9\elderly_home_WGS84.gpkg,Configured real source is present.,real,SmartbiData fixed shared inputs,nanning_flood_20260706_0707,2026-07-07,dispatch_v3,074f2c6841becf074f14d90e06a2e9672972f1ec
grain_nodes,candidate,Task_11,D:\桌面\challenge\data\external\SmartbiData_task3\Task_11\data\processed\nanning_grain_spatial_nodes.gpkg,Candidate grain-site locations only; not verified as operational inventory.,real,SmartbiData fixed shared inputs,nanning_flood_20260706_0707,2026-07-07,dispatch_v3,074f2c6841becf074f14d90e06a2e9672972f1ec
rescue_teams,available,Task_03_local,D:\桌面\challenge\data\raw\rescue_teams\rescue_points_gcj02.csv,Configured real source is present.,real,SmartbiData fixed shared inputs,nanning_flood_20260706_0707,2026-07-07,dispatch_v3,074f2c6841becf074f14d90e06a2e9672972f1ec
osm_source,available,OpenStreetMap,D:\桌面\challenge\data\raw\osm\guangxi.gpkg,Configured real source is present.,real,SmartbiData fixed shared inputs,nanning_flood_20260706_0707,2026-07-07,dispatch_v3,074f2c6841becf074f14d90e06a2e9672972f1ec
shelters,available,Public_official,D:\桌面\challenge\data\raw\shelters\nanning_verified_shelters.csv,Configured real source is present.,real,SmartbiData fixed shared inputs,nanning_flood_20260706_0707,2026-07-07,dispatch_v3,074f2c6841becf074f14d90e06a2e9672972f1ec
river_levels,available,Public_official,D:\桌面\challenge\data\raw\hydrology\nanning_water_levels_20260706_0709.csv,Configured real source is present.,real,SmartbiData fixed shared inputs,nanning_flood_20260706_0707,2026-07-07,dispatch_v3,074f2c6841becf074f14d90e06a2e9672972f1ec
warnings,available,Public_official,D:\桌面\challenge\data\raw\warnings\warnings_and_responses_20260706_0708.csv,Configured real source is present.,real,SmartbiData fixed shared inputs,nanning_flood_20260706_0707,2026-07-07,dispatch_v3,074f2c6841becf074f14d90e06a2e9672972f1ec
road_interruptions,available,Public_official,D:\桌面\challenge\data\raw\road_status\official_road_interruptions_20260705_0707.csv,Configured real source is present.,real,SmartbiData fixed shared inputs,nanning_flood_20260706_0707,2026-07-07,dispatch_v3,074f2c6841becf074f14d90e06a2e9672972f1ec
material_dispatch,available,Public_official,D:\桌面\challenge\data\raw\materials\emergency_material_dispatch_20260706.csv,Configured real source is present.,real,SmartbiData fixed shared inputs,nanning_flood_20260706_0707,2026-07-07,dispatch_v3,074f2c6841becf074f14d90e06a2e9672972f1ec
flood_extent,available,Task_20,D:\桌面\challenge\data\external\SmartbiData_task3\Task_20\数据\灾中新增淹没_new_flood.geojson,Configured real source is present.,real,SmartbiData fixed shared inputs,nanning_flood_20260706_0707,2026-07-07,dispatch_v3,074f2c6841becf074f14d90e06a2e9672972f1ec
flood_raster,available,Task_20,D:\桌面\challenge\data\external\SmartbiData_task3\Task_20\数据\new_flood.tif,Configured real source is present.,real,SmartbiData fixed shared inputs,nanning_flood_20260706_0707,2026-07-07,dispatch_v3,074f2c6841becf074f14d90e06a2e9672972f1ec
flood_recession,available,Task_20,D:\桌面\challenge\data\external\SmartbiData_task3\Task_20\数据\洪水消退分析_recession.geojson,Configured real source is present.,real,SmartbiData fixed shared inputs,nanning_flood_20260706_0707,2026-07-07,dispatch_v3,074f2c6841becf074f14d90e06a2e9672972f1ec
flood_stats,available,Task_20,D:\桌面\challenge\data\external\SmartbiData_task3\Task_20\数据\stats.txt,Configured real source is present.,real,SmartbiData fixed shared inputs,nanning_flood_20260706_0707,2026-07-07,dispatch_v3,074f2c6841becf074f14d90e06a2e9672972f1ec
precipitation,missing,,,No approved real source is included in the fixed Task 3 intake.,,,nanning_flood_20260706_0707,2026-07-07,dispatch_v3,074f2c6841becf074f14d90e06a2e9672972f1ec
inventory,missing,,,No approved real source is included in the fixed Task 3 intake.,,,nanning_flood_20260706_0707,2026-07-07,dispatch_v3,074f2c6841becf074f14d90e06a2e9672972f1ec
