district_code,population_2020_total,population_2020_observed_coverage,potential_affected_population_estimate,coverage_ratio,estimation_note,district_name,event_id,analysis_date,data_type,calculation_version,data_source,source_commit,potential_affected_settlements_count,facility_impact_weight,affected_facility_count,inside_near_settlement_count,flood_area_km2,suspected_impassable_road_length_km,missing_indicators,rescue_distance_burden_m,rescue_distance_basis
450102,461746.27502441406,4.343643665313721,0.0,9.406992325133663e-06,WorldPop 2020 values weighted by Task_20 flood fractions; flood value 255 is excluded from observed coverage.,兴宁区,nanning_flood_20260706_0707,2026-07-07,real,dispatch_v3,Task_01;Task_02;Task_03;Task_04;Task_07;Task_08;Task_9;Task_20;OpenStreetMap rescue resources,074f2c6841becf074f14d90e06a2e9672972f1ec,0.0,0.0,0,0.0,0.0,0.0,,0.0,no_affected_settlement
450103,809157.3658943176,12778.143909454346,205.18829345703125,0.01579191446317906,WorldPop 2020 values weighted by Task_20 flood fractions; flood value 255 is excluded from observed coverage.,青秀区,nanning_flood_20260706_0707,2026-07-07,real,dispatch_v3,Task_01;Task_02;Task_03;Task_04;Task_07;Task_08;Task_9;Task_20;OpenStreetMap rescue resources,074f2c6841becf074f14d90e06a2e9672972f1ec,3.0,3.0,1,3.0,0.9821710136694933,0.5126949935209846,,31605.494428832288,mean_nearest_mapped_resource_distance_for_affected_settlements
450105,886873.3842773438,0.0,0.0,0.0,WorldPop 2020 values weighted by Task_20 flood fractions; flood value 255 is excluded from observed coverage.,江南区,nanning_flood_20260706_0707,2026-07-07,real,dispatch_v3,Task_01;Task_02;Task_03;Task_04;Task_07;Task_08;Task_9;Task_20;OpenStreetMap rescue resources,074f2c6841becf074f14d90e06a2e9672972f1ec,0.0,0.0,0,0.0,0.0,0.0,,0.0,no_affected_settlement
450107,1114199.876953125,0.0,0.0,0.0,WorldPop 2020 values weighted by Task_20 flood fractions; flood value 255 is excluded from observed coverage.,西乡塘区,nanning_flood_20260706_0707,2026-07-07,real,dispatch_v3,Task_01;Task_02;Task_03;Task_04;Task_07;Task_08;Task_9;Task_20;OpenStreetMap rescue resources,074f2c6841becf074f14d90e06a2e9672972f1ec,0.0,0.0,0,0.0,0.0,0.0,,0.0,no_affected_settlement
450108,229755.32733154297,0.0,0.0,0.0,WorldPop 2020 values weighted by Task_20 flood fractions; flood value 255 is excluded from observed coverage.,良庆区,nanning_flood_20260706_0707,2026-07-07,real,dispatch_v3,Task_01;Task_02;Task_03;Task_04;Task_07;Task_08;Task_9;Task_20;OpenStreetMap rescue resources,074f2c6841becf074f14d90e06a2e9672972f1ec,0.0,0.0,0,0.0,0.0,0.0,,0.0,no_affected_settlement
450109,272820.71266937256,1210.54052734375,0.0,0.004437128381857086,WorldPop 2020 values weighted by Task_20 flood fractions; flood value 255 is excluded from observed coverage.,邕宁区,nanning_flood_20260706_0707,2026-07-07,real,dispatch_v3,Task_01;Task_02;Task_03;Task_04;Task_07;Task_08;Task_9;Task_20;OpenStreetMap rescue resources,074f2c6841becf074f14d90e06a2e9672972f1ec,0.0,0.0,0,0.0,0.0,0.0,,0.0,no_affected_settlement
450110,601503.619140625,0.0,0.0,0.0,WorldPop 2020 values weighted by Task_20 flood fractions; flood value 255 is excluded from observed coverage.,武鸣区,nanning_flood_20260706_0707,2026-07-07,real,dispatch_v3,Task_01;Task_02;Task_03;Task_04;Task_07;Task_08;Task_9;Task_20;OpenStreetMap rescue resources,074f2c6841becf074f14d90e06a2e9672972f1ec,0.0,0.0,0,0.0,0.0,0.0,,0.0,no_affected_settlement
450123,323583.6499814987,0.0,0.0,0.0,WorldPop 2020 values weighted by Task_20 flood fractions; flood value 255 is excluded from observed coverage.,隆安县,nanning_flood_20260706_0707,2026-07-07,real,dispatch_v3,Task_01;Task_02;Task_03;Task_04;Task_07;Task_08;Task_9;Task_20;OpenStreetMap rescue resources,074f2c6841becf074f14d90e06a2e9672972f1ec,0.0,0.0,0,0.0,0.0,0.0,,0.0,no_affected_settlement
450124,419181.48681640625,0.0,0.0,0.0,WorldPop 2020 values weighted by Task_20 flood fractions; flood value 255 is excluded from observed coverage.,马山县,nanning_flood_20260706_0707,2026-07-07,real,dispatch_v3,Task_01;Task_02;Task_03;Task_04;Task_07;Task_08;Task_9;Task_20;OpenStreetMap rescue resources,074f2c6841becf074f14d90e06a2e9672972f1ec,0.0,0.0,0,0.0,0.0,0.0,,0.0,no_affected_settlement
450125,377763.6384277344,35606.169759750366,1048.1886100769043,0.09425515358742441,WorldPop 2020 values weighted by Task_20 flood fractions; flood value 255 is excluded from observed coverage.,上林县,nanning_flood_20260706_0707,2026-07-07,real,dispatch_v3,Task_01;Task_02;Task_03;Task_04;Task_07;Task_08;Task_9;Task_20;OpenStreetMap rescue resources,074f2c6841becf074f14d90e06a2e9672972f1ec,5.0,0.0,0,5.0,7.0388313942184055,2.698957243853406,,15860.12073244641,mean_nearest_mapped_resource_distance_for_affected_settlements
450126,850454.5525064468,830658.6945962906,45800.56280398369,0.9767232030779138,WorldPop 2020 values weighted by Task_20 flood fractions; flood value 255 is excluded from observed coverage.,宾阳县,nanning_flood_20260706_0707,2026-07-07,real,dispatch_v3,Task_01;Task_02;Task_03;Task_04;Task_07;Task_08;Task_9;Task_20;OpenStreetMap rescue resources,074f2c6841becf074f14d90e06a2e9672972f1ec,114.0,20.0,9,114.0,97.9276356186886,83.70776424354814,,12716.859477679816,mean_nearest_mapped_resource_distance_for_affected_settlements
450181,950360.8938751221,692933.2845001221,24346.441906511784,0.7291264707606686,WorldPop 2020 values weighted by Task_20 flood fractions; flood value 255 is excluded from observed coverage.,横州市,nanning_flood_20260706_0707,2026-07-07,real,dispatch_v3,Task_01;Task_02;Task_03;Task_04;Task_07;Task_08;Task_9;Task_20;OpenStreetMap rescue resources,074f2c6841becf074f14d90e06a2e9672972f1ec,105.0,4.0,2,105.0,71.39368673605235,49.0748985354169,,26662.457124098895,mean_nearest_mapped_resource_distance_for_affected_settlements
