resource_id,resource_name,resource_type,district_code,district_name,osm_id,source_layer,operational_status,eligible_for_distance,eligible_for_dispatch,data_source,data_type,event_id,analysis_date,calculation_version,source_commit,geometry
osm_fire:gis_osm_pois_free:6343011808,OSM未命名消防站,mapped_fire_or_rescue_facility,450102,兴宁区,6343011808,gis_osm_pois_free,source_listed_no_live_status,True,False,OpenStreetMap,real,nanning_flood_20260706_0707,2026-07-07,dispatch_v3,074f2c6841becf074f14d90e06a2e9672972f1ec,POINT (7093.031843 -97257.867942)
osm_fire:gis_osm_pois_free:9189648692,南宁园博园消防站,mapped_fire_or_rescue_facility,450109,邕宁区,9189648692,gis_osm_pois_free,source_listed_no_live_status,True,False,OpenStreetMap,real,nanning_flood_20260706_0707,2026-07-07,dispatch_v3,074f2c6841becf074f14d90e06a2e9672972f1ec,POINT (22656.847066 -109191.376687)
osm_fire:gis_osm_pois_free:10065706398,邕宁区综合应急救援大队,mapped_fire_or_rescue_facility,450109,邕宁区,10065706398,gis_osm_pois_free,source_listed_no_live_status,True,False,OpenStreetMap,real,nanning_flood_20260706_0707,2026-07-07,dispatch_v3,074f2c6841becf074f14d90e06a2e9672972f1ec,POINT (21705.07225 -101188.39371)
osm_fire:gis_osm_pois_a_free:837966596,广西壮族自治区综合应急救援基地,mapped_fire_or_rescue_facility,450108,良庆区,837966596,gis_osm_pois_a_free,source_listed_no_live_status,True,False,OpenStreetMap,real,nanning_flood_20260706_0707,2026-07-07,dispatch_v3,074f2c6841becf074f14d90e06a2e9672972f1ec,POINT (13172.40258 -119601.2367)
osm_fire:gis_osm_pois_a_free:1013688334,大沙田消防站,mapped_fire_or_rescue_facility,450108,良庆区,1013688334,gis_osm_pois_a_free,source_listed_no_live_status,True,False,OpenStreetMap,real,nanning_flood_20260706_0707,2026-07-07,dispatch_v3,074f2c6841becf074f14d90e06a2e9672972f1ec,POINT (7146.56395 -104586.18116)
osm_fire:gis_osm_pois_a_free:1035016005,仙葫消防救援站,mapped_fire_or_rescue_facility,450103,青秀区,1035016005,gis_osm_pois_a_free,source_listed_no_live_status,True,False,OpenStreetMap,real,nanning_flood_20260706_0707,2026-07-07,dispatch_v3,074f2c6841becf074f14d90e06a2e9672972f1ec,POINT (24759.314486 -102879.431564)
osm_fire:gis_osm_pois_a_free:1099478434,南宁市消防支队邕宁区大队,mapped_fire_or_rescue_facility,450109,邕宁区,1099478434,gis_osm_pois_a_free,source_listed_no_live_status,True,False,OpenStreetMap,real,nanning_flood_20260706_0707,2026-07-07,dispatch_v3,074f2c6841becf074f14d90e06a2e9672972f1ec,POINT (21721.978917 -101207.162584)
osm_fire:gis_osm_pois_a_free:1148221610,南宁市消防支队安宁中队,mapped_fire_or_rescue_facility,450107,西乡塘区,1148221610,gis_osm_pois_a_free,source_listed_no_live_status,True,False,OpenStreetMap,real,nanning_flood_20260706_0707,2026-07-07,dispatch_v3,074f2c6841becf074f14d90e06a2e9672972f1ec,POINT (6078.010966 -90314.030076)
osm_fire:gis_osm_pois_a_free:1212185600,南宁消防支队特勤一中队,mapped_fire_or_rescue_facility,450103,青秀区,1212185600,gis_osm_pois_a_free,source_listed_no_live_status,True,False,OpenStreetMap,real,nanning_flood_20260706_0707,2026-07-07,dispatch_v3,074f2c6841becf074f14d90e06a2e9672972f1ec,POINT (12762.570594 -96766.801867)
osm_fire:gis_osm_pois_a_free:1213284261,南宁市良庆区综合应急救援大队,mapped_fire_or_rescue_facility,450108,良庆区,1213284261,gis_osm_pois_a_free,source_listed_no_live_status,True,False,OpenStreetMap,real,nanning_flood_20260706_0707,2026-07-07,dispatch_v3,074f2c6841becf074f14d90e06a2e9672972f1ec,POINT (13651.657263 -105119.884576)
osm_fire:gis_osm_pois_a_free:1417148051,南宁经济技术开发区空港消防救援站,mapped_fire_or_rescue_facility,450105,江南区,1417148051,gis_osm_pois_a_free,source_listed_no_live_status,True,False,OpenStreetMap,real,nanning_flood_20260706_0707,2026-07-07,dispatch_v3,074f2c6841becf074f14d90e06a2e9672972f1ec,POINT (-3549.452322 -116112.564316)
osm_fire:gis_osm_pois_a_free:1499903994,OSM未命名消防站,mapped_fire_or_rescue_facility,450103,青秀区,1499903994,gis_osm_pois_a_free,source_listed_no_live_status,True,False,OpenStreetMap,real,nanning_flood_20260706_0707,2026-07-07,dispatch_v3,074f2c6841becf074f14d90e06a2e9672972f1ec,POINT (13302.634395 -99754.801255)
rescue_by_001,宾阳县应急救援队,user_confirmed_operational_rescue_point,450126,宾阳县,,user_manual_lookup,operational,True,True,User-confirmed map lookup,real,nanning_flood_20260706_0707,2026-07-07,dispatch_v3,074f2c6841becf074f14d90e06a2e9672972f1ec,POINT (57814.0025 -51257.777423)
rescue_hz_001,横州市消防救援大队（横州站）,user_confirmed_operational_rescue_point,450181,横州市,,user_manual_lookup,operational,True,True,User-confirmed map lookup,real,nanning_flood_20260706_0707,2026-07-07,dispatch_v3,074f2c6841becf074f14d90e06a2e9672972f1ec,POINT (106795.391191 -110011.916273)
rescue_by_002,宾阳县黎塘消防救援站,user_confirmed_operational_rescue_point,450126,宾阳县,,user_manual_lookup,operational,True,True,User-confirmed map lookup,real,nanning_flood_20260706_0707,2026-07-07,dispatch_v3,074f2c6841becf074f14d90e06a2e9672972f1ec,POINT (83881.638144 -56582.542299)
