district_code,population_2020_total,population_2020_observed_coverage,potential_affected_population_estimate,coverage_ratio,estimation_note,district_name,event_id,analysis_date,data_type,calculation_version,data_source,source_commit,potential_affected_settlements_count,facility_impact_weight,affected_facility_count,inside_near_settlement_count,flood_area_km2,suspected_impassable_road_length_km,missing_indicators,rescue_distance_burden_m,rescue_distance_basis,affected_population_raw,affected_population_normalized,affected_population_normalization_status,affected_population_weight,affected_population_contribution,facility_impact_raw,facility_impact_normalized,facility_impact_normalization_status,facility_impact_contribution,flood_severity_raw,flood_severity_normalized,flood_severity_normalization_status,flood_severity_weight,flood_severity_contribution,road_disruption_raw,road_disruption_normalized,road_disruption_normalization_status,road_disruption_weight,road_disruption_contribution,affected_settlements_raw,affected_settlements_normalized,affected_settlements_normalization_status,affected_settlements_weight,affected_settlements_contribution,rescue_distance_raw,rescue_distance_normalized,rescue_distance_normalization_status,rescue_distance_weight,rescue_distance_contribution,total_score,rank,priority_model_status,explanation,disaster_trend_context
450102,461746.27502441406,4.343643665313721,0.0,9.406992325133663e-06,WorldPop 2020 values weighted by Task_20 flood fractions; flood value 255 is excluded from observed coverage.,兴宁区,nanning_flood_20260706_0707,2026-07-07,real,dispatch_v3,Task_01;Task_02;Task_03;Task_04;Task_07;Task_08;Task_9;Task_20;OpenStreetMap rescue resources,074f2c6841becf074f14d90e06a2e9672972f1ec,0.0,0.15,0,0.0,0.0,0.0,,0.0,no_affected_settlement,0.0,0.0,minmax,0.3,0.0,0.0,0.0,minmax,0.0,0.0,0.0,minmax,0.2,0.0,0.0,0.0,minmax,0.15,0.0,0.0,0.0,minmax,0.05,0.0,0.0,0.0,minmax,0.15,0.0,0.0,5,six_indicator_operational_ranking,"Six district-comparable indicators determine the rank, including mean nearest mapped fire/rescue resource distance for affected settlements; sourced hydrology and warnings provide citywide context.",continued_expansion_possible
450103,809157.3658943176,12778.143909454346,205.18829345703125,0.01579191446317906,WorldPop 2020 values weighted by Task_20 flood fractions; flood value 255 is excluded from observed coverage.,青秀区,nanning_flood_20260706_0707,2026-07-07,real,dispatch_v3,Task_01;Task_02;Task_03;Task_04;Task_07;Task_08;Task_9;Task_20;OpenStreetMap rescue resources,074f2c6841becf074f14d90e06a2e9672972f1ec,3.0,0.15,1,3.0,0.9821710136694933,0.5126949935209846,,31605.494428832288,mean_nearest_mapped_resource_distance_for_affected_settlements,205.18829345703125,0.0044800386915591385,minmax,0.3,0.0013440116074677415,3.0,0.15,minmax,0.0225,0.9821710136694933,0.01002955914808235,minmax,0.2,0.00200591182961647,0.5126949935209846,0.006124820058857337,minmax,0.15,0.0009187230088286005,3.0,0.02631578947368421,minmax,0.05,0.0013157894736842105,31605.494428832288,1.0,minmax,0.15,0.15,0.17808443591959702,3,six_indicator_operational_ranking,"Six district-comparable indicators determine the rank, including mean nearest mapped fire/rescue resource distance for affected settlements; sourced hydrology and warnings provide citywide context.",continued_expansion_possible
450105,886873.3842773438,0.0,0.0,0.0,WorldPop 2020 values weighted by Task_20 flood fractions; flood value 255 is excluded from observed coverage.,江南区,nanning_flood_20260706_0707,2026-07-07,real,dispatch_v3,Task_01;Task_02;Task_03;Task_04;Task_07;Task_08;Task_9;Task_20;OpenStreetMap rescue resources,074f2c6841becf074f14d90e06a2e9672972f1ec,0.0,0.15,0,0.0,0.0,0.0,,0.0,no_affected_settlement,0.0,0.0,minmax,0.3,0.0,0.0,0.0,minmax,0.0,0.0,0.0,minmax,0.2,0.0,0.0,0.0,minmax,0.15,0.0,0.0,0.0,minmax,0.05,0.0,0.0,0.0,minmax,0.15,0.0,0.0,5,six_indicator_operational_ranking,"Six district-comparable indicators determine the rank, including mean nearest mapped fire/rescue resource distance for affected settlements; sourced hydrology and warnings provide citywide context.",continued_expansion_possible
450107,1114199.876953125,0.0,0.0,0.0,WorldPop 2020 values weighted by Task_20 flood fractions; flood value 255 is excluded from observed coverage.,西乡塘区,nanning_flood_20260706_0707,2026-07-07,real,dispatch_v3,Task_01;Task_02;Task_03;Task_04;Task_07;Task_08;Task_9;Task_20;OpenStreetMap rescue resources,074f2c6841becf074f14d90e06a2e9672972f1ec,0.0,0.15,0,0.0,0.0,0.0,,0.0,no_affected_settlement,0.0,0.0,minmax,0.3,0.0,0.0,0.0,minmax,0.0,0.0,0.0,minmax,0.2,0.0,0.0,0.0,minmax,0.15,0.0,0.0,0.0,minmax,0.05,0.0,0.0,0.0,minmax,0.15,0.0,0.0,5,six_indicator_operational_ranking,"Six district-comparable indicators determine the rank, including mean nearest mapped fire/rescue resource distance for affected settlements; sourced hydrology and warnings provide citywide context.",continued_expansion_possible
450108,229755.32733154297,0.0,0.0,0.0,WorldPop 2020 values weighted by Task_20 flood fractions; flood value 255 is excluded from observed coverage.,良庆区,nanning_flood_20260706_0707,2026-07-07,real,dispatch_v3,Task_01;Task_02;Task_03;Task_04;Task_07;Task_08;Task_9;Task_20;OpenStreetMap rescue resources,074f2c6841becf074f14d90e06a2e9672972f1ec,0.0,0.15,0,0.0,0.0,0.0,,0.0,no_affected_settlement,0.0,0.0,minmax,0.3,0.0,0.0,0.0,minmax,0.0,0.0,0.0,minmax,0.2,0.0,0.0,0.0,minmax,0.15,0.0,0.0,0.0,minmax,0.05,0.0,0.0,0.0,minmax,0.15,0.0,0.0,5,six_indicator_operational_ranking,"Six district-comparable indicators determine the rank, including mean nearest mapped fire/rescue resource distance for affected settlements; sourced hydrology and warnings provide citywide context.",continued_expansion_possible
450109,272820.71266937256,1210.54052734375,0.0,0.004437128381857086,WorldPop 2020 values weighted by Task_20 flood fractions; flood value 255 is excluded from observed coverage.,邕宁区,nanning_flood_20260706_0707,2026-07-07,real,dispatch_v3,Task_01;Task_02;Task_03;Task_04;Task_07;Task_08;Task_9;Task_20;OpenStreetMap rescue resources,074f2c6841becf074f14d90e06a2e9672972f1ec,0.0,0.15,0,0.0,0.0,0.0,,0.0,no_affected_settlement,0.0,0.0,minmax,0.3,0.0,0.0,0.0,minmax,0.0,0.0,0.0,minmax,0.2,0.0,0.0,0.0,minmax,0.15,0.0,0.0,0.0,minmax,0.05,0.0,0.0,0.0,minmax,0.15,0.0,0.0,5,six_indicator_operational_ranking,"Six district-comparable indicators determine the rank, including mean nearest mapped fire/rescue resource distance for affected settlements; sourced hydrology and warnings provide citywide context.",continued_expansion_possible
450110,601503.619140625,0.0,0.0,0.0,WorldPop 2020 values weighted by Task_20 flood fractions; flood value 255 is excluded from observed coverage.,武鸣区,nanning_flood_20260706_0707,2026-07-07,real,dispatch_v3,Task_01;Task_02;Task_03;Task_04;Task_07;Task_08;Task_9;Task_20;OpenStreetMap rescue resources,074f2c6841becf074f14d90e06a2e9672972f1ec,0.0,0.15,0,0.0,0.0,0.0,,0.0,no_affected_settlement,0.0,0.0,minmax,0.3,0.0,0.0,0.0,minmax,0.0,0.0,0.0,minmax,0.2,0.0,0.0,0.0,minmax,0.15,0.0,0.0,0.0,minmax,0.05,0.0,0.0,0.0,minmax,0.15,0.0,0.0,5,six_indicator_operational_ranking,"Six district-comparable indicators determine the rank, including mean nearest mapped fire/rescue resource distance for affected settlements; sourced hydrology and warnings provide citywide context.",continued_expansion_possible
450123,323583.6499814987,0.0,0.0,0.0,WorldPop 2020 values weighted by Task_20 flood fractions; flood value 255 is excluded from observed coverage.,隆安县,nanning_flood_20260706_0707,2026-07-07,real,dispatch_v3,Task_01;Task_02;Task_03;Task_04;Task_07;Task_08;Task_9;Task_20;OpenStreetMap rescue resources,074f2c6841becf074f14d90e06a2e9672972f1ec,0.0,0.15,0,0.0,0.0,0.0,,0.0,no_affected_settlement,0.0,0.0,minmax,0.3,0.0,0.0,0.0,minmax,0.0,0.0,0.0,minmax,0.2,0.0,0.0,0.0,minmax,0.15,0.0,0.0,0.0,minmax,0.05,0.0,0.0,0.0,minmax,0.15,0.0,0.0,5,six_indicator_operational_ranking,"Six district-comparable indicators determine the rank, including mean nearest mapped fire/rescue resource distance for affected settlements; sourced hydrology and warnings provide citywide context.",continued_expansion_possible
450124,419181.48681640625,0.0,0.0,0.0,WorldPop 2020 values weighted by Task_20 flood fractions; flood value 255 is excluded from observed coverage.,马山县,nanning_flood_20260706_0707,2026-07-07,real,dispatch_v3,Task_01;Task_02;Task_03;Task_04;Task_07;Task_08;Task_9;Task_20;OpenStreetMap rescue resources,074f2c6841becf074f14d90e06a2e9672972f1ec,0.0,0.15,0,0.0,0.0,0.0,,0.0,no_affected_settlement,0.0,0.0,minmax,0.3,0.0,0.0,0.0,minmax,0.0,0.0,0.0,minmax,0.2,0.0,0.0,0.0,minmax,0.15,0.0,0.0,0.0,minmax,0.05,0.0,0.0,0.0,minmax,0.15,0.0,0.0,5,six_indicator_operational_ranking,"Six district-comparable indicators determine the rank, including mean nearest mapped fire/rescue resource distance for affected settlements; sourced hydrology and warnings provide citywide context.",continued_expansion_possible
450125,377763.6384277344,35606.169759750366,1048.1886100769043,0.09425515358742441,WorldPop 2020 values weighted by Task_20 flood fractions; flood value 255 is excluded from observed coverage.,上林县,nanning_flood_20260706_0707,2026-07-07,real,dispatch_v3,Task_01;Task_02;Task_03;Task_04;Task_07;Task_08;Task_9;Task_20;OpenStreetMap rescue resources,074f2c6841becf074f14d90e06a2e9672972f1ec,5.0,0.15,0,5.0,7.0388313942184055,2.698957243853406,,15860.12073244641,mean_nearest_mapped_resource_distance_for_affected_settlements,1048.1886100769043,0.02288593296468693,minmax,0.3,0.006865779889406078,0.0,0.0,minmax,0.0,7.0388313942184055,0.07187788564227429,minmax,0.2,0.014375577128454858,2.698957243853406,0.03224261534450708,minmax,0.15,0.004836392301676062,5.0,0.043859649122807015,minmax,0.05,0.0021929824561403508,15860.12073244641,0.5018153020247621,minmax,0.15,0.0752722953037143,0.10354302707939166,4,six_indicator_operational_ranking,"Six district-comparable indicators determine the rank, including mean nearest mapped fire/rescue resource distance for affected settlements; sourced hydrology and warnings provide citywide context.",continued_expansion_possible
450126,850454.5525064468,830658.6945962906,45800.56280398369,0.9767232030779138,WorldPop 2020 values weighted by Task_20 flood fractions; flood value 255 is excluded from observed coverage.,宾阳县,nanning_flood_20260706_0707,2026-07-07,real,dispatch_v3,Task_01;Task_02;Task_03;Task_04;Task_07;Task_08;Task_9;Task_20;OpenStreetMap rescue resources,074f2c6841becf074f14d90e06a2e9672972f1ec,114.0,0.15,9,114.0,97.9276356186886,83.70776424354814,,12716.859477679816,mean_nearest_mapped_resource_distance_for_affected_settlements,45800.56280398369,1.0,minmax,0.3,0.3,20.0,1.0,minmax,0.15,97.9276356186886,1.0,minmax,0.2,0.2,83.70776424354814,1.0,minmax,0.15,0.15,114.0,1.0,minmax,0.05,0.05,12716.859477679816,0.4023623014762519,minmax,0.15,0.06035434522143778,0.9103543452214378,1,six_indicator_operational_ranking,"Six district-comparable indicators determine the rank, including mean nearest mapped fire/rescue resource distance for affected settlements; sourced hydrology and warnings provide citywide context.",continued_expansion_possible
450181,950360.8938751221,692933.2845001221,24346.441906511784,0.7291264707606686,WorldPop 2020 values weighted by Task_20 flood fractions; flood value 255 is excluded from observed coverage.,横州市,nanning_flood_20260706_0707,2026-07-07,real,dispatch_v3,Task_01;Task_02;Task_03;Task_04;Task_07;Task_08;Task_9;Task_20;OpenStreetMap rescue resources,074f2c6841becf074f14d90e06a2e9672972f1ec,105.0,0.15,2,105.0,71.39368673605235,49.0748985354169,,26662.457124098895,mean_nearest_mapped_resource_distance_for_affected_settlements,24346.441906511784,0.5315751688622078,minmax,0.3,0.15947255065866234,4.0,0.2,minmax,0.03,71.39368673605235,0.7290453433803472,minmax,0.2,0.14580906867606944,49.0748985354169,0.5862645953920504,minmax,0.15,0.08793968930880756,105.0,0.9210526315789473,minmax,0.05,0.04605263157894737,26662.457124098895,0.8436019624415659,minmax,0.15,0.12654029436623487,0.5958142345887216,2,six_indicator_operational_ranking,"Six district-comparable indicators determine the rank, including mean nearest mapped fire/rescue resource distance for affected settlements; sourced hydrology and warnings provide citywide context.",continued_expansion_possible
