record_id,observation_date,observation_time,river_system,station_name,water_level_m_1985,change_from_previous_m,value_origin,source_url,publisher,retrieved_date,data_type,event_id,analysis_date,calculation_version,data_source,source_commit
wl_20260706_longan,2026-07-06,08:00,郁江右江左江,隆安,76.073,-0.741,direct_official_table,https://www.gxghj.cn/news-324869273493176320,广西壮族自治区南宁航道和船检管理中心,2026-08-14,real,nanning_flood_20260706_0707,2026-07-07,dispatch_v3,SmartbiData fixed shared inputs,074f2c6841becf074f14d90e06a2e9672972f1ec
wl_20260706_jinling,2026-07-06,08:00,郁江右江左江,金陵,74.158,-0.417,direct_official_table,https://www.gxghj.cn/news-324869273493176320,广西壮族自治区南宁航道和船检管理中心,2026-08-14,real,nanning_flood_20260706_0707,2026-07-07,dispatch_v3,SmartbiData fixed shared inputs,074f2c6841becf074f14d90e06a2e9672972f1ec
wl_20260706_baozitou,2026-07-06,08:00,郁江右江左江,豹子头,68.5,2.06,direct_official_table,https://www.gxghj.cn/news-324869273493176320,广西壮族自治区南宁航道和船检管理中心,2026-08-14,real,nanning_flood_20260706_0707,2026-07-07,dispatch_v3,SmartbiData fixed shared inputs,074f2c6841becf074f14d90e06a2e9672972f1ec
wl_20260706_pumiao,2026-07-06,08:00,郁江右江左江,蒲庙,67.617,2.158,direct_official_table,https://www.gxghj.cn/news-324869273493176320,广西壮族自治区南宁航道和船检管理中心,2026-08-14,real,nanning_flood_20260706_0707,2026-07-07,dispatch_v3,SmartbiData fixed shared inputs,074f2c6841becf074f14d90e06a2e9672972f1ec
wl_20260706_luancheng,2026-07-06,08:00,郁江右江左江,峦城,64.286,2.268,direct_official_table,https://www.gxghj.cn/news-324869273493176320,广西壮族自治区南宁航道和船检管理中心,2026-08-14,real,nanning_flood_20260706_0707,2026-07-07,dispatch_v3,SmartbiData fixed shared inputs,074f2c6841becf074f14d90e06a2e9672972f1ec
wl_20260706_hengxian,2026-07-06,08:00,郁江右江左江,横县,53.91,5.88,direct_official_table,https://www.gxghj.cn/news-324869273493176320,广西壮族自治区南宁航道和船检管理中心,2026-08-14,real,nanning_flood_20260706_0707,2026-07-07,dispatch_v3,SmartbiData fixed shared inputs,074f2c6841becf074f14d90e06a2e9672972f1ec
wl_20260707_longan,2026-07-07,08:00,郁江右江左江,隆安,76.526,,derived_from_next_official_report_delta,https://www.gxghj.cn/news-325590300535816192,广西壮族自治区南宁航道和船检管理中心,2026-08-14,real,nanning_flood_20260706_0707,2026-07-07,dispatch_v3,SmartbiData fixed shared inputs,074f2c6841becf074f14d90e06a2e9672972f1ec
wl_20260707_jinling,2026-07-07,08:00,郁江右江左江,金陵,75.411,,derived_from_next_official_report_delta,https://www.gxghj.cn/news-325590300535816192,广西壮族自治区南宁航道和船检管理中心,2026-08-14,real,nanning_flood_20260706_0707,2026-07-07,dispatch_v3,SmartbiData fixed shared inputs,074f2c6841becf074f14d90e06a2e9672972f1ec
wl_20260707_baozitou,2026-07-07,08:00,郁江右江左江,豹子头,69.69,,derived_from_next_official_report_delta,https://www.gxghj.cn/news-325590300535816192,广西壮族自治区南宁航道和船检管理中心,2026-08-14,real,nanning_flood_20260706_0707,2026-07-07,dispatch_v3,SmartbiData fixed shared inputs,074f2c6841becf074f14d90e06a2e9672972f1ec
wl_20260707_pumiao,2026-07-07,08:00,郁江右江左江,蒲庙,68.611,,derived_from_next_official_report_delta,https://www.gxghj.cn/news-325590300535816192,广西壮族自治区南宁航道和船检管理中心,2026-08-14,real,nanning_flood_20260706_0707,2026-07-07,dispatch_v3,SmartbiData fixed shared inputs,074f2c6841becf074f14d90e06a2e9672972f1ec
wl_20260707_luancheng,2026-07-07,08:00,郁江右江左江,峦城,64.772,,derived_from_next_official_report_delta,https://www.gxghj.cn/news-325590300535816192,广西壮族自治区南宁航道和船检管理中心,2026-08-14,real,nanning_flood_20260706_0707,2026-07-07,dispatch_v3,SmartbiData fixed shared inputs,074f2c6841becf074f14d90e06a2e9672972f1ec
wl_20260707_hengxian,2026-07-07,08:00,郁江右江左江,横县,55.72,,derived_from_next_official_report_delta,https://www.gxghj.cn/news-325590300535816192,广西壮族自治区南宁航道和船检管理中心,2026-08-14,real,nanning_flood_20260706_0707,2026-07-07,dispatch_v3,SmartbiData fixed shared inputs,074f2c6841becf074f14d90e06a2e9672972f1ec
wl_20260708_longan,2026-07-08,08:00,郁江右江左江,隆安,76.863,0.337,direct_official_table,https://www.gxghj.cn/news-325590300535816192,广西壮族自治区南宁航道和船检管理中心,2026-08-14,real,nanning_flood_20260706_0707,2026-07-07,dispatch_v3,SmartbiData fixed shared inputs,074f2c6841becf074f14d90e06a2e9672972f1ec
wl_20260708_jinling,2026-07-08,08:00,郁江右江左江,金陵,75.519,0.108,direct_official_table,https://www.gxghj.cn/news-325590300535816192,广西壮族自治区南宁航道和船检管理中心,2026-08-14,real,nanning_flood_20260706_0707,2026-07-07,dispatch_v3,SmartbiData fixed shared inputs,074f2c6841becf074f14d90e06a2e9672972f1ec
wl_20260708_baozitou,2026-07-08,08:00,郁江右江左江,豹子头,69.76,0.07,direct_official_table,https://www.gxghj.cn/news-325590300535816192,广西壮族自治区南宁航道和船检管理中心,2026-08-14,real,nanning_flood_20260706_0707,2026-07-07,dispatch_v3,SmartbiData fixed shared inputs,074f2c6841becf074f14d90e06a2e9672972f1ec
wl_20260708_pumiao,2026-07-08,08:00,郁江右江左江,蒲庙,68.391,-0.22,direct_official_table,https://www.gxghj.cn/news-325590300535816192,广西壮族自治区南宁航道和船检管理中心,2026-08-14,real,nanning_flood_20260706_0707,2026-07-07,dispatch_v3,SmartbiData fixed shared inputs,074f2c6841becf074f14d90e06a2e9672972f1ec
wl_20260708_luancheng,2026-07-08,08:00,郁江右江左江,峦城,64.522,-0.25,direct_official_table,https://www.gxghj.cn/news-325590300535816192,广西壮族自治区南宁航道和船检管理中心,2026-08-14,real,nanning_flood_20260706_0707,2026-07-07,dispatch_v3,SmartbiData fixed shared inputs,074f2c6841becf074f14d90e06a2e9672972f1ec
wl_20260708_hengxian,2026-07-08,08:00,郁江右江左江,横县,54.908,-0.812,direct_official_table,https://www.gxghj.cn/news-325590300535816192,广西壮族自治区南宁航道和船检管理中心,2026-08-14,real,nanning_flood_20260706_0707,2026-07-07,dispatch_v3,SmartbiData fixed shared inputs,074f2c6841becf074f14d90e06a2e9672972f1ec
wl_20260709_longan,2026-07-09,08:00,郁江右江左江,隆安,76.624,-0.239,direct_official_table,https://www.gxghj.cn/news-325986113493663744,广西壮族自治区南宁航道和船检管理中心,2026-08-14,real,nanning_flood_20260706_0707,2026-07-07,dispatch_v3,SmartbiData fixed shared inputs,074f2c6841becf074f14d90e06a2e9672972f1ec
wl_20260709_jinling,2026-07-09,08:00,郁江右江左江,金陵,75.295,-0.224,direct_official_table,https://www.gxghj.cn/news-325986113493663744,广西壮族自治区南宁航道和船检管理中心,2026-08-14,real,nanning_flood_20260706_0707,2026-07-07,dispatch_v3,SmartbiData fixed shared inputs,074f2c6841becf074f14d90e06a2e9672972f1ec
wl_20260709_baozitou,2026-07-09,08:00,郁江右江左江,豹子头,67.95,-1.81,direct_official_table,https://www.gxghj.cn/news-325986113493663744,广西壮族自治区南宁航道和船检管理中心,2026-08-14,real,nanning_flood_20260706_0707,2026-07-07,dispatch_v3,SmartbiData fixed shared inputs,074f2c6841becf074f14d90e06a2e9672972f1ec
wl_20260709_pumiao,2026-07-09,08:00,郁江右江左江,蒲庙,67.747,-0.644,direct_official_table,https://www.gxghj.cn/news-325986113493663744,广西壮族自治区南宁航道和船检管理中心,2026-08-14,real,nanning_flood_20260706_0707,2026-07-07,dispatch_v3,SmartbiData fixed shared inputs,074f2c6841becf074f14d90e06a2e9672972f1ec
wl_20260709_luancheng,2026-07-09,08:00,郁江右江左江,峦城,63.61,-0.912,direct_official_table,https://www.gxghj.cn/news-325986113493663744,广西壮族自治区南宁航道和船检管理中心,2026-08-14,real,nanning_flood_20260706_0707,2026-07-07,dispatch_v3,SmartbiData fixed shared inputs,074f2c6841becf074f14d90e06a2e9672972f1ec
wl_20260709_hengxian,2026-07-09,08:00,郁江右江左江,横县,52.788,-2.12,direct_official_table,https://www.gxghj.cn/news-325986113493663744,广西壮族自治区南宁航道和船检管理中心,2026-08-14,real,nanning_flood_20260706_0707,2026-07-07,dispatch_v3,SmartbiData fixed shared inputs,074f2c6841becf074f14d90e06a2e9672972f1ec
