source_layer,source_fid,osm_id,fclass,record_id,source_crs,district_code,data_source,data_type,dedup_status,dedup_reason,road_name,road_class,road_ref,oneway,maxspeed_kmh,bridge_flag,tunnel_flag,layer_level,longitude,latitude,source_record_id,record_id_origin,boundary_version,boundary_status,code_validation_status,province,city,district,road_length_m,flood_intersection_length_m,flood_intersection_ratio,intersecting_flood_polygon_count,suspected_affected,suspected_impassable_review,bridge_flag_normalized,bridge_review,assessment_status,evidence,event_id,analysis_date,calculation_version,source_commit,geometry
gis_osm_roads_free,<NA>,387707388,tertiary,roads:gis_osm_roads_free:387707388:tertiary,OGC:CRS84,450181,OpenStreetMap,real,kept,<NA>,,tertiary,,B,0,T,F,1,108.9718393,22.9279745,,derived_from_source_layer_osm_id_fclass,smartbidata_task06_20260810,team_shared,team_shared_source,广西壮族自治区,南宁市,横州市,49.29951544957702,49.29951544957702,1.0,1,True,True,True,True,疑似受影响，需现场核查,Task_20洪涝范围相交筛查；道路通行状态需现场核查,nanning_flood_20260706_0707,2026-07-07,dispatch_v3,074f2c6841becf074f14d90e06a2e9672972f1ec,"LINESTRING (108.971839 22.927974, 108.972315 22.928041)"
gis_osm_roads_free,<NA>,387707387,tertiary,roads:gis_osm_roads_free:387707387:tertiary,OGC:CRS84,450181,OpenStreetMap,real,kept,<NA>,,tertiary,,B,0,T,F,1,108.9915485,22.9246988,,derived_from_source_layer_osm_id_fclass,smartbidata_task06_20260810,team_shared,team_shared_source,广西壮族自治区,南宁市,横州市,26.753599003974976,26.753599003974976,1.0,1,True,True,True,True,疑似受影响，需现场核查,Task_20洪涝范围相交筛查；道路通行状态需现场核查,nanning_flood_20260706_0707,2026-07-07,dispatch_v3,074f2c6841becf074f14d90e06a2e9672972f1ec,"LINESTRING (108.991548 22.924699, 108.991783 22.924594)"
gis_osm_roads_free,<NA>,830425170,secondary,roads:gis_osm_roads_free:830425170:secondary,OGC:CRS84,450126,OpenStreetMap,real,kept,<NA>,,secondary,X039,B,0,T,F,1,109.0139517,22.9384956,,derived_from_source_layer_osm_id_fclass,smartbidata_task06_20260810,team_shared,team_shared_source,广西壮族自治区,南宁市,宾阳县,23.165880519831557,11.815599783256246,0.5100431979324634,1,True,True,True,True,疑似受影响，需现场核查,Task_20洪涝范围相交筛查；道路通行状态需现场核查,nanning_flood_20260706_0707,2026-07-07,dispatch_v3,074f2c6841becf074f14d90e06a2e9672972f1ec,"LINESTRING (109.013952 22.938496, 109.014161 22.938575)"
gis_osm_roads_free,<NA>,990432954,motorway,roads:gis_osm_roads_free:990432954:motorway,OGC:CRS84,,OpenStreetMap,real,kept,<NA>,上横高速,motorway,S84,F,120,T,F,1,109.0613807,22.9326347,,derived_from_source_layer_osm_id_fclass,smartbidata_task06_20260810,team_shared,team_shared_source,,,,88.07098636114102,54.22452026707092,0.6156910749780821,1,True,True,True,True,疑似受影响，需现场核查,Task_20洪涝范围相交筛查；道路通行状态需现场核查,nanning_flood_20260706_0707,2026-07-07,dispatch_v3,074f2c6841becf074f14d90e06a2e9672972f1ec,"LINESTRING (109.061381 22.932635, 109.061587 22.931863)"
gis_osm_roads_free,<NA>,990432987,motorway,roads:gis_osm_roads_free:990432987:motorway,OGC:CRS84,,OpenStreetMap,real,kept,<NA>,上横高速,motorway,S84,F,120,T,F,1,109.0614801,22.9326565,,derived_from_source_layer_osm_id_fclass,smartbidata_task06_20260810,team_shared,team_shared_source,,,,87.78735469432907,87.78735469432907,1.0,1,True,True,True,True,疑似受影响，需现场核查,Task_20洪涝范围相交筛查；道路通行状态需现场核查,nanning_flood_20260706_0707,2026-07-07,dispatch_v3,074f2c6841becf074f14d90e06a2e9672972f1ec,"LINESTRING (109.061686 22.931887, 109.06148 22.932656)"
gis_osm_roads_free,<NA>,1446668036,unclassified,roads:gis_osm_roads_free:1446668036:unclassified,OGC:CRS84,450181,OpenStreetMap,real,kept,<NA>,,unclassified,,B,0,T,F,1,109.0009479,22.9244081,,derived_from_source_layer_osm_id_fclass,smartbidata_task06_20260810,team_shared,team_shared_source,广西壮族自治区,南宁市,横州市,29.08639376839537,29.08639376839537,1.0,1,True,True,True,True,疑似受影响，需现场核查,Task_20洪涝范围相交筛查；道路通行状态需现场核查,nanning_flood_20260706_0707,2026-07-07,dispatch_v3,074f2c6841becf074f14d90e06a2e9672972f1ec,"LINESTRING (109.000948 22.924408, 109.00067 22.924459)"
gis_osm_roads_free,<NA>,1446668082,residential,roads:gis_osm_roads_free:1446668082:residential,OGC:CRS84,450181,OpenStreetMap,real,kept,<NA>,,residential,,B,0,T,F,1,109.0161665,22.915471,,derived_from_source_layer_osm_id_fclass,smartbidata_task06_20260810,team_shared,team_shared_source,广西壮族自治区,南宁市,横州市,25.95422394229501,5.687972701055411,0.21915402724819252,1,True,True,True,True,疑似受影响，需现场核查,Task_20洪涝范围相交筛查；道路通行状态需现场核查,nanning_flood_20260706_0707,2026-07-07,dispatch_v3,074f2c6841becf074f14d90e06a2e9672972f1ec,"LINESTRING (109.016197 22.915704, 109.016166 22.915471)"
gis_osm_roads_free,<NA>,1387006403,residential,roads:gis_osm_roads_free:1387006403:residential,OGC:CRS84,450181,OpenStreetMap,real,kept,<NA>,,residential,,B,0,T,F,1,108.9528476,22.9033928,,derived_from_source_layer_osm_id_fclass,smartbidata_task06_20260810,team_shared,team_shared_source,广西壮族自治区,南宁市,横州市,41.73929866854325,14.905503716992834,0.3571095871868672,1,True,True,True,True,疑似受影响，需现场核查,Task_20洪涝范围相交筛查；道路通行状态需现场核查,nanning_flood_20260706_0707,2026-07-07,dispatch_v3,074f2c6841becf074f14d90e06a2e9672972f1ec,"LINESTRING (108.952988 22.903039, 108.952848 22.903393)"
gis_osm_roads_free,<NA>,858384982,tertiary,roads:gis_osm_roads_free:858384982:tertiary,OGC:CRS84,450181,OpenStreetMap,real,kept,<NA>,,tertiary,,B,0,T,F,1,109.2173195,22.9060592,,derived_from_source_layer_osm_id_fclass,smartbidata_task06_20260810,team_shared,team_shared_source,广西壮族自治区,南宁市,横州市,19.262304056597525,19.262304056597525,1.0,1,True,True,True,True,疑似受影响，需现场核查,Task_20洪涝范围相交筛查；道路通行状态需现场核查,nanning_flood_20260706_0707,2026-07-07,dispatch_v3,074f2c6841becf074f14d90e06a2e9672972f1ec,"LINESTRING (109.217443 22.905928, 109.21732 22.906059)"
gis_osm_roads_free,<NA>,1386903054,tertiary,roads:gis_osm_roads_free:1386903054:tertiary,OGC:CRS84,450126,OpenStreetMap,real,kept,<NA>,,tertiary,,B,0,T,F,1,108.9846771,22.9818468,,derived_from_source_layer_osm_id_fclass,smartbidata_task06_20260810,team_shared,team_shared_source,广西壮族自治区,南宁市,宾阳县,33.29945622792407,17.865201323745723,0.5365012930380654,1,True,True,True,True,疑似受影响，需现场核查,Task_20洪涝范围相交筛查；道路通行状态需现场核查,nanning_flood_20260706_0707,2026-07-07,dispatch_v3,074f2c6841becf074f14d90e06a2e9672972f1ec,"LINESTRING (108.984677 22.981847, 108.984906 22.98206)"
gis_osm_roads_free,<NA>,1386903062,residential,roads:gis_osm_roads_free:1386903062:residential,OGC:CRS84,450126,OpenStreetMap,real,kept,<NA>,,residential,,B,0,T,F,1,108.9815719,22.9890427,,derived_from_source_layer_osm_id_fclass,smartbidata_task06_20260810,team_shared,team_shared_source,广西壮族自治区,南宁市,宾阳县,26.33551699619591,26.33551699619591,1.0,1,True,True,True,True,疑似受影响，需现场核查,Task_20洪涝范围相交筛查；道路通行状态需现场核查,nanning_flood_20260706_0707,2026-07-07,dispatch_v3,074f2c6841becf074f14d90e06a2e9672972f1ec,"LINESTRING (108.981777 22.989186, 108.981572 22.989043)"
gis_osm_roads_free,<NA>,387707365,motorway,roads:gis_osm_roads_free:387707365:motorway,OGC:CRS84,450126,OpenStreetMap,real,kept,<NA>,柳南高速,motorway,G72,F,0,T,F,1,108.9795779,22.9937383,,derived_from_source_layer_osm_id_fclass,smartbidata_task06_20260810,team_shared,team_shared_source,广西壮族自治区,南宁市,宾阳县,90.37995500878854,90.37995500878854,1.0,1,True,True,True,True,疑似受影响，需现场核查,Task_20洪涝范围相交筛查；道路通行状态需现场核查,nanning_flood_20260706_0707,2026-07-07,dispatch_v3,074f2c6841becf074f14d90e06a2e9672972f1ec,"LINESTRING (108.979578 22.993738, 108.980076 22.994412)"
gis_osm_roads_free,<NA>,387707366,motorway,roads:gis_osm_roads_free:387707366:motorway,OGC:CRS84,450126,OpenStreetMap,real,kept,<NA>,柳南高速,motorway,G72,F,0,T,F,1,108.9797443,22.9943742,,derived_from_source_layer_osm_id_fclass,smartbidata_task06_20260810,team_shared,team_shared_source,广西壮族自治区,南宁市,宾阳县,74.39220692728193,73.60910979844353,0.9894733983412553,1,True,True,True,True,疑似受影响，需现场核查,Task_20洪涝范围相交筛查；道路通行状态需现场核查,nanning_flood_20260706_0707,2026-07-07,dispatch_v3,074f2c6841becf074f14d90e06a2e9672972f1ec,"LINESTRING (108.979744 22.994374, 108.979334 22.993821)"
gis_osm_roads_free,<NA>,521875086,secondary,roads:gis_osm_roads_free:521875086:secondary,OGC:CRS84,450126,OpenStreetMap,real,kept,<NA>,,secondary,X039,B,0,T,F,1,109.0257299,23.0120769,,derived_from_source_layer_osm_id_fclass,smartbidata_task06_20260810,team_shared,team_shared_source,广西壮族自治区,南宁市,宾阳县,29.8904233549009,29.8904233549009,1.0,1,True,True,True,True,疑似受影响，需现场核查,Task_20洪涝范围相交筛查；道路通行状态需现场核查,nanning_flood_20260706_0707,2026-07-07,dispatch_v3,074f2c6841becf074f14d90e06a2e9672972f1ec,"LINESTRING (109.025905 23.012292, 109.02573 23.012077)"
gis_osm_roads_free,<NA>,1251915943,unclassified,roads:gis_osm_roads_free:1251915943:unclassified,OGC:CRS84,450126,OpenStreetMap,real,kept,<NA>,,unclassified,,B,0,T,F,1,109.0888403,23.0485329,,derived_from_source_layer_osm_id_fclass,smartbidata_task06_20260810,team_shared,team_shared_source,广西壮族自治区,南宁市,宾阳县,40.79229116834151,31.480502692432225,0.7717267599046737,1,True,True,True,True,疑似受影响，需现场核查,Task_20洪涝范围相交筛查；道路通行状态需现场核查,nanning_flood_20260706_0707,2026-07-07,dispatch_v3,074f2c6841becf074f14d90e06a2e9672972f1ec,"LINESTRING (109.088465 23.048411, 109.08884 23.048533)"
gis_osm_roads_free,<NA>,1251915971,unclassified,roads:gis_osm_roads_free:1251915971:unclassified,OGC:CRS84,450126,OpenStreetMap,real,kept,<NA>,,unclassified,,B,0,T,F,1,109.0826443,23.1301353,,derived_from_source_layer_osm_id_fclass,smartbidata_task06_20260810,team_shared,team_shared_source,广西壮族自治区,南宁市,宾阳县,23.735360620816625,17.607154199714945,0.7418111096350034,1,True,True,True,True,疑似受影响，需现场核查,Task_20洪涝范围相交筛查；道路通行状态需现场核查,nanning_flood_20260706_0707,2026-07-07,dispatch_v3,074f2c6841becf074f14d90e06a2e9672972f1ec,"LINESTRING (109.082644 23.130135, 109.082492 23.130297)"
gis_osm_roads_free,<NA>,1434331317,residential,roads:gis_osm_roads_free:1434331317:residential,OGC:CRS84,450126,OpenStreetMap,real,kept,<NA>,,residential,,B,0,T,F,1,109.0465044,23.215939,,derived_from_source_layer_osm_id_fclass,smartbidata_task06_20260810,team_shared,team_shared_source,广西壮族自治区,南宁市,宾阳县,60.32568045875508,52.77530215733797,0.8748397325318304,1,True,True,True,True,疑似受影响，需现场核查,Task_20洪涝范围相交筛查；道路通行状态需现场核查,nanning_flood_20260706_0707,2026-07-07,dispatch_v3,074f2c6841becf074f14d90e06a2e9672972f1ec,"LINESTRING (109.046504 23.215939, 109.045926 23.216046)"
gis_osm_roads_free,<NA>,1434331338,residential,roads:gis_osm_roads_free:1434331338:residential,OGC:CRS84,450126,OpenStreetMap,real,kept,<NA>,,residential,,B,0,T,F,1,109.0177578,23.1905803,,derived_from_source_layer_osm_id_fclass,smartbidata_task06_20260810,team_shared,team_shared_source,广西壮族自治区,南宁市,宾阳县,13.574754053708357,13.574754053708357,1.0,1,True,True,True,True,疑似受影响，需现场核查,Task_20洪涝范围相交筛查；道路通行状态需现场核查,nanning_flood_20260706_0707,2026-07-07,dispatch_v3,074f2c6841becf074f14d90e06a2e9672972f1ec,"LINESTRING (109.017642 23.190521, 109.017758 23.19058)"
gis_osm_roads_free,<NA>,865632095,tertiary,roads:gis_osm_roads_free:865632095:tertiary,OGC:CRS84,450125,OpenStreetMap,real,kept,<NA>,,tertiary,,B,0,T,F,1,108.8101494,23.3912148,,derived_from_source_layer_osm_id_fclass,smartbidata_task06_20260810,team_shared,team_shared_source,广西壮族自治区,南宁市,上林县,21.219763172414186,15.59028618960968,0.7347059466656602,1,True,True,True,True,疑似受影响，需现场核查,Task_20洪涝范围相交筛查；道路通行状态需现场核查,nanning_flood_20260706_0707,2026-07-07,dispatch_v3,074f2c6841becf074f14d90e06a2e9672972f1ec,"LINESTRING (108.810149 23.391215, 108.810348 23.391159)"
gis_osm_roads_free,<NA>,1369958557,tertiary,roads:gis_osm_roads_free:1369958557:tertiary,OGC:CRS84,450126,OpenStreetMap,real,kept,<NA>,,tertiary,,B,0,T,F,1,108.8837791,23.3302768,,derived_from_source_layer_osm_id_fclass,smartbidata_task06_20260810,team_shared,team_shared_source,广西壮族自治区,南宁市,宾阳县,46.48609974572972,7.913240655892551,0.17022810472757446,1,True,False,True,True,疑似受影响，需现场核查,Task_20洪涝范围相交筛查；道路通行状态需现场核查,nanning_flood_20260706_0707,2026-07-07,dispatch_v3,074f2c6841becf074f14d90e06a2e9672972f1ec,"LINESTRING (108.883562 23.330645, 108.883779 23.330277)"
gis_osm_roads_free,<NA>,1425820524,motorway,roads:gis_osm_roads_free:1425820524:motorway,OGC:CRS84,450126,OpenStreetMap,real,kept,<NA>,上横高速,motorway,S84,F,120,T,F,1,108.8934857,23.3375914,,derived_from_source_layer_osm_id_fclass,smartbidata_task06_20260810,team_shared,team_shared_source,广西壮族自治区,南宁市,宾阳县,219.49883037810494,219.49883037810494,1.0,1,True,True,True,True,疑似受影响，需现场核查,Task_20洪涝范围相交筛查；道路通行状态需现场核查,nanning_flood_20260706_0707,2026-07-07,dispatch_v3,074f2c6841becf074f14d90e06a2e9672972f1ec,"LINESTRING (108.893486 23.337591, 108.895568 23.337109)"
gis_osm_roads_free,<NA>,857870163,tertiary,roads:gis_osm_roads_free:857870163:tertiary,OGC:CRS84,450126,OpenStreetMap,real,kept,<NA>,,tertiary,Y003,B,0,T,F,1,108.8946444,23.3383401,,derived_from_source_layer_osm_id_fclass,smartbidata_task06_20260810,team_shared,team_shared_source,广西壮族自治区,南宁市,宾阳县,47.42200480506566,47.42200480506566,1.0,1,True,True,True,True,疑似受影响，需现场核查,Task_20洪涝范围相交筛查；道路通行状态需现场核查,nanning_flood_20260706_0707,2026-07-07,dispatch_v3,074f2c6841becf074f14d90e06a2e9672972f1ec,"LINESTRING (108.894188 23.338419, 108.894644 23.33834)"
gis_osm_roads_free,<NA>,1425820527,motorway,roads:gis_osm_roads_free:1425820527:motorway,OGC:CRS84,450126,OpenStreetMap,real,kept,<NA>,上横高速,motorway,S84,F,120,T,F,1,108.8935661,23.3376899,,derived_from_source_layer_osm_id_fclass,smartbidata_task06_20260810,team_shared,team_shared_source,广西壮族自治区,南宁市,宾阳县,216.15547022511242,216.15547022511242,1.0,1,True,True,True,True,疑似受影响，需现场核查,Task_20洪涝范围相交筛查；道路通行状态需现场核查,nanning_flood_20260706_0707,2026-07-07,dispatch_v3,074f2c6841becf074f14d90e06a2e9672972f1ec,"LINESTRING (108.895616 23.337212, 108.893566 23.33769)"
gis_osm_roads_free,<NA>,1425820528,motorway,roads:gis_osm_roads_free:1425820528:motorway,OGC:CRS84,450126,OpenStreetMap,real,kept,<NA>,上横高速,motorway,S84,F,120,T,F,1,108.8826966,23.3393605,,derived_from_source_layer_osm_id_fclass,smartbidata_task06_20260810,team_shared,team_shared_source,广西壮族自治区,南宁市,宾阳县,200.4170346976126,22.378950275407632,0.11166191690827473,1,True,False,True,True,疑似受影响，需现场核查,Task_20洪涝范围相交筛查；道路通行状态需现场核查,nanning_flood_20260706_0707,2026-07-07,dispatch_v3,074f2c6841becf074f14d90e06a2e9672972f1ec,"LINESTRING (108.880754 23.339606, 108.882697 23.33936)"
gis_osm_roads_free,<NA>,1425820531,motorway,roads:gis_osm_roads_free:1425820531:motorway,OGC:CRS84,450126,OpenStreetMap,real,kept,<NA>,上横高速,motorway,S84,F,120,T,F,1,108.8827209,23.3394931,,derived_from_source_layer_osm_id_fclass,smartbidata_task06_20260810,team_shared,team_shared_source,广西壮族自治区,南宁市,宾阳县,201.9184886146225,91.33677150896699,0.45234476612634755,1,True,True,True,True,疑似受影响，需现场核查,Task_20洪涝范围相交筛查；道路通行状态需现场核查,nanning_flood_20260706_0707,2026-07-07,dispatch_v3,074f2c6841becf074f14d90e06a2e9672972f1ec,"LINESTRING (108.882721 23.339493, 108.880763 23.339734)"
gis_osm_roads_free,<NA>,1425821808,motorway,roads:gis_osm_roads_free:1425821808:motorway,OGC:CRS84,450126,OpenStreetMap,real,kept,<NA>,上横高速,motorway,S84,F,120,T,F,1,108.9024091,23.3355942,,derived_from_source_layer_osm_id_fclass,smartbidata_task06_20260810,team_shared,team_shared_source,广西壮族自治区,南宁市,宾阳县,28.68739546896415,5.649221973175637,0.1969234878533091,1,True,False,True,True,疑似受影响，需现场核查,Task_20洪涝范围相交筛查；道路通行状态需现场核查,nanning_flood_20260706_0707,2026-07-07,dispatch_v3,074f2c6841becf074f14d90e06a2e9672972f1ec,"LINESTRING (108.90268 23.335528, 108.902409 23.335594)"
gis_osm_roads_free,<NA>,1425820532,motorway,roads:gis_osm_roads_free:1425820532:motorway,OGC:CRS84,450126,OpenStreetMap,real,kept,<NA>,上横高速,motorway,S84,F,120,T,F,1,108.8033366,23.3454031,,derived_from_source_layer_osm_id_fclass,smartbidata_task06_20260810,team_shared,team_shared_source,广西壮族自治区,南宁市,宾阳县,50.48076918916119,50.48076918916119,1.0,1,True,True,True,True,疑似受影响，需现场核查,Task_20洪涝范围相交筛查；道路通行状态需现场核查,nanning_flood_20260706_0707,2026-07-07,dispatch_v3,074f2c6841becf074f14d90e06a2e9672972f1ec,"LINESTRING (108.803337 23.345403, 108.803825 23.345335)"
gis_osm_roads_free,<NA>,1425820535,motorway,roads:gis_osm_roads_free:1425820535:motorway,OGC:CRS84,450126,OpenStreetMap,real,kept,<NA>,上横高速,motorway,S84,F,120,T,F,1,108.8033527,23.3455361,,derived_from_source_layer_osm_id_fclass,smartbidata_task06_20260810,team_shared,team_shared_source,广西壮族自治区,南宁市,宾阳县,49.93679139883541,43.15758286325089,0.8642442106173721,1,True,True,True,True,疑似受影响，需现场核查,Task_20洪涝范围相交筛查；道路通行状态需现场核查,nanning_flood_20260706_0707,2026-07-07,dispatch_v3,074f2c6841becf074f14d90e06a2e9672972f1ec,"LINESTRING (108.803836 23.345467, 108.803353 23.345536)"
gis_osm_roads_free,<NA>,1425820536,motorway,roads:gis_osm_roads_free:1425820536:motorway,OGC:CRS84,450126,OpenStreetMap,real,kept,<NA>,上横高速,motorway,S84,F,120,T,F,1,108.7998956,23.3455416,,derived_from_source_layer_osm_id_fclass,smartbidata_task06_20260810,team_shared,team_shared_source,广西壮族自治区,南宁市,宾阳县,56.76725383152071,16.546705436962654,0.2914832816481056,1,True,True,True,True,疑似受影响，需现场核查,Task_20洪涝范围相交筛查；道路通行状态需现场核查,nanning_flood_20260706_0707,2026-07-07,dispatch_v3,074f2c6841becf074f14d90e06a2e9672972f1ec,"LINESTRING (108.799896 23.345542, 108.800451 23.345561)"
gis_osm_roads_free,<NA>,527285878,tertiary,roads:gis_osm_roads_free:527285878:tertiary,OGC:CRS84,450126,OpenStreetMap,real,kept,<NA>,,tertiary,,B,0,T,F,1,108.9194153,23.2025271,,derived_from_source_layer_osm_id_fclass,smartbidata_task06_20260810,team_shared,team_shared_source,广西壮族自治区,南宁市,宾阳县,39.86572120543997,14.115300082055263,0.3540711080909563,1,True,True,True,True,疑似受影响，需现场核查,Task_20洪涝范围相交筛查；道路通行状态需现场核查,nanning_flood_20260706_0707,2026-07-07,dispatch_v3,074f2c6841becf074f14d90e06a2e9672972f1ec,"LINESTRING (108.919415 23.202527, 108.919258 23.202198)"
gis_osm_roads_free,<NA>,527285867,primary,roads:gis_osm_roads_free:527285867:primary,OGC:CRS84,450126,OpenStreetMap,real,kept,<NA>,,primary,S210,B,0,T,F,1,108.9290544,23.223899,,derived_from_source_layer_osm_id_fclass,smartbidata_task06_20260810,team_shared,team_shared_source,广西壮族自治区,南宁市,宾阳县,34.311746388574385,13.723363135323075,0.3999610797978175,1,True,True,True,True,疑似受影响，需现场核查,Task_20洪涝范围相交筛查；道路通行状态需现场核查,nanning_flood_20260706_0707,2026-07-07,dispatch_v3,074f2c6841becf074f14d90e06a2e9672972f1ec,"LINESTRING (108.929054 23.223899, 108.929069 23.224208)"
gis_osm_roads_free,<NA>,1434331326,residential,roads:gis_osm_roads_free:1434331326:residential,OGC:CRS84,450126,OpenStreetMap,real,kept,<NA>,,residential,,B,0,T,F,1,109.0539187,23.2199834,,derived_from_source_layer_osm_id_fclass,smartbidata_task06_20260810,team_shared,team_shared_source,广西壮族自治区,南宁市,宾阳县,24.426655365455154,24.426655365455154,1.0,1,True,True,True,True,疑似受影响，需现场核查,Task_20洪涝范围相交筛查；道路通行状态需现场核查,nanning_flood_20260706_0707,2026-07-07,dispatch_v3,074f2c6841becf074f14d90e06a2e9672972f1ec,"LINESTRING (109.053796 23.219794, 109.053919 23.219983)"
gis_osm_roads_free,<NA>,1434331334,residential,roads:gis_osm_roads_free:1434331334:residential,OGC:CRS84,450126,OpenStreetMap,real,kept,<NA>,,residential,,B,0,T,F,1,109.0664131,23.2192607,,derived_from_source_layer_osm_id_fclass,smartbidata_task06_20260810,team_shared,team_shared_source,广西壮族自治区,南宁市,宾阳县,38.01401204822618,25.033058247386393,0.6585218686106692,1,True,True,True,True,疑似受影响，需现场核查,Task_20洪涝范围相交筛查；道路通行状态需现场核查,nanning_flood_20260706_0707,2026-07-07,dispatch_v3,074f2c6841becf074f14d90e06a2e9672972f1ec,"LINESTRING (109.066701 23.219044, 109.066413 23.219261)"
gis_osm_roads_free,<NA>,521896848,tertiary,roads:gis_osm_roads_free:521896848:tertiary,OGC:CRS84,450126,OpenStreetMap,real,kept,<NA>,,tertiary,,B,0,T,F,1,109.1266634,23.2737528,,derived_from_source_layer_osm_id_fclass,smartbidata_task06_20260810,team_shared,team_shared_source,广西壮族自治区,南宁市,宾阳县,30.553914842652706,14.902599591173937,0.4877476312911032,1,True,True,True,True,疑似受影响，需现场核查,Task_20洪涝范围相交筛查；道路通行状态需现场核查,nanning_flood_20260706_0707,2026-07-07,dispatch_v3,074f2c6841becf074f14d90e06a2e9672972f1ec,"LINESTRING (109.126663 23.273753, 109.126823 23.27352)"
gis_osm_roads_free,<NA>,1188530497,secondary,roads:gis_osm_roads_free:1188530497:secondary,OGC:CRS84,450181,OpenStreetMap,real,kept,<NA>,横州大道,secondary,X597,B,0,T,F,1,109.2578919,22.731601,,derived_from_source_layer_osm_id_fclass,smartbidata_task06_20260810,team_shared,team_shared_source,广西壮族自治区,南宁市,横州市,83.027564122031,36.29589442973661,0.4371547547316959,1,True,True,True,True,疑似受影响，需现场核查,Task_20洪涝范围相交筛查；道路通行状态需现场核查,nanning_flood_20260706_0707,2026-07-07,dispatch_v3,074f2c6841becf074f14d90e06a2e9672972f1ec,"LINESTRING (109.257892 22.731601, 109.257429 22.732216)"
gis_osm_roads_free,<NA>,387829330,primary,roads:gis_osm_roads_free:387829330:primary,OGC:CRS84,450181,OpenStreetMap,real,kept,<NA>,,primary,S210,B,0,T,F,1,109.1324596,22.8023992,,derived_from_source_layer_osm_id_fclass,smartbidata_task06_20260810,team_shared,team_shared_source,广西壮族自治区,南宁市,横州市,34.6787802559561,34.6787802559561,1.0,1,True,True,True,True,疑似受影响，需现场核查,Task_20洪涝范围相交筛查；道路通行状态需现场核查,nanning_flood_20260706_0707,2026-07-07,dispatch_v3,074f2c6841becf074f14d90e06a2e9672972f1ec,"LINESTRING (109.13256 22.802698, 109.13246 22.802399)"
gis_osm_roads_free,<NA>,387841532,primary,roads:gis_osm_roads_free:387841532:primary,OGC:CRS84,450181,OpenStreetMap,real,kept,<NA>,,primary,S210,B,0,T,F,1,109.096239,22.8463785,,derived_from_source_layer_osm_id_fclass,smartbidata_task06_20260810,team_shared,team_shared_source,广西壮族自治区,南宁市,横州市,31.64334719594107,31.64334719594107,1.0,1,True,True,True,True,疑似受影响，需现场核查,Task_20洪涝范围相交筛查；道路通行状态需现场核查,nanning_flood_20260706_0707,2026-07-07,dispatch_v3,074f2c6841becf074f14d90e06a2e9672972f1ec,"LINESTRING (109.096239 22.846378, 109.096486 22.846208)"
gis_osm_roads_free,<NA>,990432961,motorway,roads:gis_osm_roads_free:990432961:motorway,OGC:CRS84,450181,OpenStreetMap,real,kept,<NA>,上横高速,motorway,S84,F,120,T,F,1,109.0836248,22.8924561,,derived_from_source_layer_osm_id_fclass,smartbidata_task06_20260810,team_shared,team_shared_source,广西壮族自治区,南宁市,横州市,648.187566708688,130.07753254653028,0.2006788454876217,1,True,True,True,True,疑似受影响，需现场核查,Task_20洪涝范围相交筛查；道路通行状态需现场核查,nanning_flood_20260706_0707,2026-07-07,dispatch_v3,074f2c6841becf074f14d90e06a2e9672972f1ec,"LINESTRING (109.083296 22.895793, 109.083451 22.894942, 109.083603 22.893564, 109.083625 22.892456, 109.08356 22.890371, 109.083581 22.889963)"
gis_osm_roads_free,<NA>,990432991,motorway,roads:gis_osm_roads_free:990432991:motorway,OGC:CRS84,450181,OpenStreetMap,real,kept,<NA>,上横高速,motorway,S84,F,120,T,F,1,109.0837562,22.8935007,,derived_from_source_layer_osm_id_fclass,smartbidata_task06_20260810,team_shared,team_shared_source,广西壮族自治区,南宁市,横州市,655.9327895650022,50.03421095552024,0.07627947825066292,1,True,False,True,True,疑似受影响，需现场核查,Task_20洪涝范围相交筛查；道路通行状态需现场核查,nanning_flood_20260706_0707,2026-07-07,dispatch_v3,074f2c6841becf074f14d90e06a2e9672972f1ec,"LINESTRING (109.083691 22.88995, 109.08374 22.890917, 109.083782 22.892286, 109.083756 22.893501, 109.083596 22.894889, 109.083401 22.895844)"
