county_adcode,county_name,slope_min_deg,slope_max_deg,slope_mean_deg,valid_pixel_count,slope_std_deg,slope_le_3deg_ratio,slope_le_5deg_ratio,slope_le_8deg_ratio,county_area_m2,valid_area_m2,valid_coverage_ratio,data_source,slope_algorithm,slope_unit,raster_resolution_m
450102,兴宁区,0.0,53.00510787963867,12.617865511927189,805261,8.240103687991786,0.07488876277380874,0.17937414080652112,0.35608330715134595,724733036.617729,724734900.0,1.0000025711291978,Task_14 ASTER GDEM V3 30 m DEM,GDAL Horn,degree,30
450103,青秀区,0.0,57.383995056152344,10.018266775514295,957914,7.115517218755522,0.135868146827377,0.2792682850443777,0.48345676125414183,862089184.3356532,862122600.0,1.0000387612615422,Task_14 ASTER GDEM V3 30 m DEM,GDAL Horn,degree,30
450105,江南区,0.0,55.784568786621094,8.623275786588499,1313425,6.190773772374932,0.14745569788910673,0.3214176675485848,0.5632449511772656,1185690281.1939187,1182082500.0,0.9969572313688142,Task_14 ASTER GDEM V3 30 m DEM,GDAL Horn,degree,30
450107,西乡塘区,0.0,59.03387451171875,8.25861976491017,1193246,7.013777602756899,0.1881481270416997,0.38959359595590515,0.6310886439175157,1075293520.6967773,1073921400.0,0.9987239570681239,Task_14 ASTER GDEM V3 30 m DEM,GDAL Horn,degree,30
450108,良庆区,0.0,57.64957046508789,10.495387482466894,1516417,6.4718068488355325,0.09017044783855628,0.20072974650112732,0.4040254098971457,1367923752.5365682,1364775300.0,0.9976983713231604,Task_14 ASTER GDEM V3 30 m DEM,GDAL Horn,degree,30
450109,邕宁区,0.0,51.87904357910156,9.435157569862433,1367330,5.855604341562478,0.09691003634821148,0.23452933819926425,0.4720579523597083,1232356640.4155169,1230597000.0,0.9985721337818868,Task_14 ASTER GDEM V3 30 m DEM,GDAL Horn,degree,30
450110,武鸣区,0.0,68.30303955078125,12.743749470485422,3765241,9.945428515665537,0.10077628497086906,0.22942276470483564,0.4170994632216105,3389402870.9210334,3388716900.0,0.999797613046558,Task_14 ASTER GDEM V3 30 m DEM,GDAL Horn,degree,30
450123,隆安县,0.0,70.24713134765625,15.80868518726273,2549306,11.885264910573195,0.10237295954271476,0.21000499743851855,0.3445890763996162,2302143863.3993173,2294375400.0,0.9966255525891217,Task_14 ASTER GDEM V3 30 m DEM,GDAL Horn,degree,30
450124,马山县,0.0,72.21944427490234,19.586738557303885,2588376,12.756582933360244,0.04360340228776654,0.10538074839204196,0.21286706413596787,2339021594.2846227,2329538400.0,0.9959456576596836,Task_14 ASTER GDEM V3 30 m DEM,GDAL Horn,degree,30
450125,上林县,0.0,74.60555267333984,15.5273121996296,2069112,11.487296375598032,0.09043879693317713,0.19624167275623552,0.3415982315118756,1865576831.4413545,1862200800.0,0.998190355184275,Task_14 ASTER GDEM V3 30 m DEM,GDAL Horn,degree,30
450126,宾阳县,0.0,62.667701721191406,9.131894709432848,2557722,8.111255925811209,0.2313992685678897,0.4276332611597351,0.597788970028799,2305302148.8908467,2301949800.0,0.9985458093237541,Task_14 ASTER GDEM V3 30 m DEM,GDAL Horn,degree,30
450181,横州市,0.0,65.0067367553711,8.513142624063695,3819671,6.999624246756649,0.2347579150141465,0.4065399873444598,0.5817071679733673,3446048804.6037846,3437703900.0,0.9975784136914614,Task_14 ASTER GDEM V3 30 m DEM,GDAL Horn,degree,30
