county_adcode,county_name,class_code,class_name_en,class_name_zh,pixel_count,area_m2,valid_pixel_ratio,county_area_ratio,county_valid_pixel_count,county_area_m2,data_source,raster_resolution_m
450102,兴宁区,10,Cultivated Land,耕地,289451,260505900.0,0.359449917480171,0.359450841672349,805261,724733036.617729,GlobeLand30 2020,30
450102,兴宁区,20,Forest,林地,459451,413505900.0,0.5705615943153834,0.5705630613029578,805261,724733036.617729,GlobeLand30 2020,30
450102,兴宁区,30,Grass Land,草地,734,660600.0,0.0009115057105708584,0.0009115080541698048,805261,724733036.617729,GlobeLand30 2020,30
450102,兴宁区,40,Shrubland,灌木地,0,0.0,0.0,0.0,805261,724733036.617729,GlobeLand30 2020,30
450102,兴宁区,50,Wetland,湿地,0,0.0,0.0,0.0,805261,724733036.617729,GlobeLand30 2020,30
450102,兴宁区,60,Water Body,水体,6978,6280200.0,0.008665513417388896,0.008665535697543457,805261,724733036.617729,GlobeLand30 2020,30
450102,兴宁区,70,Tundra,苔原,0,0.0,0.0,0.0,805261,724733036.617729,GlobeLand30 2020,30
450102,兴宁区,80,Artificial Surfaces,人造地表,48647,43782300.0,0.06041146907648576,0.06041162440217778,805261,724733036.617729,GlobeLand30 2020,30
450102,兴宁区,90,Bareland,裸地,0,0.0,0.0,0.0,805261,724733036.617729,GlobeLand30 2020,30
450102,兴宁区,100,Permanent Snow and Ice,冰川和永久积雪,0,0.0,0.0,0.0,805261,724733036.617729,GlobeLand30 2020,30
450103,青秀区,10,Cultivated Land,耕地,351233,316109700.0,0.36666443960522555,0.3666786519814673,957914,862089184.3356532,GlobeLand30 2020,30
450103,青秀区,20,Forest,林地,463231,416907900.0,0.4835830773952568,0.4836018216853971,957914,862089184.3356532,GlobeLand30 2020,30
450103,青秀区,30,Grass Land,草地,0,0.0,0.0,0.0,957914,862089184.3356532,GlobeLand30 2020,30
450103,青秀区,40,Shrubland,灌木地,0,0.0,0.0,0.0,957914,862089184.3356532,GlobeLand30 2020,30
450103,青秀区,50,Wetland,湿地,0,0.0,0.0,0.0,957914,862089184.3356532,GlobeLand30 2020,30
450103,青秀区,60,Water Body,水体,27059,24353100.0,0.028247838532477865,0.028248933454335226,957914,862089184.3356532,GlobeLand30 2020,30
450103,青秀区,70,Tundra,苔原,0,0.0,0.0,0.0,957914,862089184.3356532,GlobeLand30 2020,30
450103,青秀区,80,Artificial Surfaces,人造地表,116391,104751900.0,0.12150464446703983,0.12150935414034263,957914,862089184.3356532,GlobeLand30 2020,30
450103,青秀区,90,Bareland,裸地,0,0.0,0.0,0.0,957914,862089184.3356532,GlobeLand30 2020,30
450103,青秀区,100,Permanent Snow and Ice,冰川和永久积雪,0,0.0,0.0,0.0,957914,862089184.3356532,GlobeLand30 2020,30
450105,江南区,10,Cultivated Land,耕地,691844,622659600.0,0.5251462884963235,0.5251452338573774,1317431,1185690281.1939187,GlobeLand30 2020,30
450105,江南区,20,Forest,林地,432184,388965600.0,0.3280505772218811,0.3280499184056186,1317431,1185690281.1939187,GlobeLand30 2020,30
450105,江南区,30,Grass Land,草地,14676,13208400.0,0.01113986235332249,0.0111398399813988,1317431,1185690281.1939187,GlobeLand30 2020,30
450105,江南区,40,Shrubland,灌木地,33,29700.0,2.504875018122391e-05,2.5048699876407765e-05,1317431,1185690281.1939187,GlobeLand30 2020,30
450105,江南区,50,Wetland,湿地,0,0.0,0.0,0.0,1317431,1185690281.1939187,GlobeLand30 2020,30
450105,江南区,60,Water Body,水体,41414,37272600.0,0.031435422424400214,0.03143535929338034,1317431,1185690281.1939187,GlobeLand30 2020,30
450105,江南区,70,Tundra,苔原,0,0.0,0.0,0.0,1317431,1185690281.1939187,GlobeLand30 2020,30
450105,江南区,80,Artificial Surfaces,人造地表,137280,123552000.0,0.10420280075389148,0.10420259148585631,1317431,1185690281.1939187,GlobeLand30 2020,30
450105,江南区,90,Bareland,裸地,0,0.0,0.0,0.0,1317431,1185690281.1939187,GlobeLand30 2020,30
450105,江南区,100,Permanent Snow and Ice,冰川和永久积雪,0,0.0,0.0,0.0,1317431,1185690281.1939187,GlobeLand30 2020,30
450107,西乡塘区,10,Cultivated Land,耕地,732942,659647800.0,0.6134494152937592,0.613458360255492,1194788,1075293520.6967773,GlobeLand30 2020,30
450107,西乡塘区,20,Forest,林地,289841,260856900.0,0.24258780637234387,0.24259134364630772,1194788,1075293520.6967773,GlobeLand30 2020,30
450107,西乡塘区,30,Grass Land,草地,3916,3524400.0,0.0032775689076221053,0.0032776166992210935,1194788,1075293520.6967773,GlobeLand30 2020,30
450107,西乡塘区,40,Shrubland,灌木地,58,52200.0,4.854417687489329e-05,4.854488471777922e-05,1194788,1075293520.6967773,GlobeLand30 2020,30
450107,西乡塘区,50,Wetland,湿地,215,193500.0,0.00017994824186382856,0.0001799508657641816,1194788,1075293520.6967773,GlobeLand30 2020,30
450107,西乡塘区,60,Water Body,水体,49721,44748900.0,0.04161491411028567,0.041615520914701734,1194788,1075293520.6967773,GlobeLand30 2020,30
450107,西乡塘区,70,Tundra,苔原,0,0.0,0.0,0.0,1194788,1075293520.6967773,GlobeLand30 2020,30
450107,西乡塘区,80,Artificial Surfaces,人造地表,117272,105544800.0,0.09815297776676699,0.0981544089762656,1194788,1075293520.6967773,GlobeLand30 2020,30
450107,西乡塘区,90,Bareland,裸地,823,740700.0,0.0006888251304833996,0.0006888351745298672,1194788,1075293520.6967773,GlobeLand30 2020,30
450107,西乡塘区,100,Permanent Snow and Ice,冰川和永久积雪,0,0.0,0.0,0.0,1194788,1075293520.6967773,GlobeLand30 2020,30
450108,良庆区,10,Cultivated Land,耕地,700385,630346500.0,0.4608150758972895,0.46080528891404654,1519883,1367923752.5365682,GlobeLand30 2020,30
450108,良庆区,20,Forest,林地,674341,606906900.0,0.4436795463861363,0.4436701233344333,1519883,1367923752.5365682,GlobeLand30 2020,30
450108,良庆区,30,Grass Land,草地,413,371700.0,0.0002717314424860335,0.00027172567134005045,1519883,1367923752.5365682,GlobeLand30 2020,30
450108,良庆区,40,Shrubland,灌木地,0,0.0,0.0,0.0,1519883,1367923752.5365682,GlobeLand30 2020,30
450108,良庆区,50,Wetland,湿地,0,0.0,0.0,0.0,1519883,1367923752.5365682,GlobeLand30 2020,30
450108,良庆区,60,Water Body,水体,50565,45508500.0,0.03326900820655274,0.0332683016254471,1519883,1367923752.5365682,GlobeLand30 2020,30
450108,良庆区,70,Tundra,苔原,0,0.0,0.0,0.0,1519883,1367923752.5365682,GlobeLand30 2020,30
450108,良庆区,80,Artificial Surfaces,人造地表,94179,84761100.0,0.06196463806753546,0.06196332203664554,1519883,1367923752.5365682,GlobeLand30 2020,30
450108,良庆区,90,Bareland,裸地,0,0.0,0.0,0.0,1519883,1367923752.5365682,GlobeLand30 2020,30
450108,良庆区,100,Permanent Snow and Ice,冰川和永久积雪,0,0.0,0.0,0.0,1519883,1367923752.5365682,GlobeLand30 2020,30
450109,邕宁区,10,Cultivated Land,耕地,738872,664984800.0,0.5396054282463364,0.5396041845287459,1369282,1232356640.4155169,GlobeLand30 2020,30
450109,邕宁区,20,Forest,林地,561787,505608300.0,0.41027852553381994,0.41027757989726316,1369282,1232356640.4155169,GlobeLand30 2020,30
450109,邕宁区,30,Grass Land,草地,18,16200.0,1.3145575564419893e-05,1.3145545265644695e-05,1369282,1232356640.4155169,GlobeLand30 2020,30
450109,邕宁区,40,Shrubland,灌木地,0,0.0,0.0,0.0,1369282,1232356640.4155169,GlobeLand30 2020,30
450109,邕宁区,50,Wetland,湿地,0,0.0,0.0,0.0,1369282,1232356640.4155169,GlobeLand30 2020,30
450109,邕宁区,60,Water Body,水体,14273,12845700.0,0.010423711112831396,0.01042368708758593,1369282,1232356640.4155169,GlobeLand30 2020,30
450109,邕宁区,70,Tundra,苔原,0,0.0,0.0,0.0,1369282,1232356640.4155169,GlobeLand30 2020,30
450109,邕宁区,80,Artificial Surfaces,人造地表,54332,48898800.0,0.03967918953144787,0.0396790980762782,1369282,1232356640.4155169,GlobeLand30 2020,30
450109,邕宁区,90,Bareland,裸地,0,0.0,0.0,0.0,1369282,1232356640.4155169,GlobeLand30 2020,30
450109,邕宁区,100,Permanent Snow and Ice,冰川和永久积雪,0,0.0,0.0,0.0,1369282,1232356640.4155169,GlobeLand30 2020,30
450110,武鸣区,10,Cultivated Land,耕地,1920470,1728423000.0,0.5099483299163651,0.5099491166508394,3766009,3389402870.9210334,GlobeLand30 2020,30
450110,武鸣区,20,Forest,林地,1575725,1418152500.0,0.4184071254211023,0.41840777092828524,3766009,3389402870.9210334,GlobeLand30 2020,30
450110,武鸣区,30,Grass Land,草地,58282,52453800.0,0.015475799447107004,0.015475823322751317,3766009,3389402870.9210334,GlobeLand30 2020,30
450110,武鸣区,40,Shrubland,灌木地,0,0.0,0.0,0.0,3766009,3389402870.9210334,GlobeLand30 2020,30
450110,武鸣区,50,Wetland,湿地,1226,1103400.0,0.0003255435661465493,0.0003255440683863477,3766009,3389402870.9210334,GlobeLand30 2020,30
450110,武鸣区,60,Water Body,水体,60265,54238500.0,0.016002351561029197,0.016002376249023852,3766009,3389402870.9210334,GlobeLand30 2020,30
450110,武鸣区,70,Tundra,苔原,0,0.0,0.0,0.0,3766009,3389402870.9210334,GlobeLand30 2020,30
450110,武鸣区,80,Artificial Surfaces,人造地表,149387,134448300.0,0.03966719144856,0.03966725264602881,3766009,3389402870.9210334,GlobeLand30 2020,30
450110,武鸣区,90,Bareland,裸地,654,588600.0,0.00017365863968992108,0.00017365890760576784,3766009,3389402870.9210334,GlobeLand30 2020,30
450110,武鸣区,100,Permanent Snow and Ice,冰川和永久积雪,0,0.0,0.0,0.0,3766009,3389402870.9210334,GlobeLand30 2020,30
450123,隆安县,10,Cultivated Land,耕地,1030077,927069300.0,0.40270417139059383,0.4026982478111081,2557900,2302143863.3993173,GlobeLand30 2020,30
450123,隆安县,20,Forest,林地,1148893,1034003700.0,0.4491547754016967,0.44914816855676554,2557900,2302143863.3993173,GlobeLand30 2020,30
450123,隆安县,30,Grass Land,草地,296030,266427000.0,0.11573165487313812,0.11572995251764899,2557900,2302143863.3993173,GlobeLand30 2020,30
450123,隆安县,40,Shrubland,灌木地,658,592200.0,0.00025724226904882914,0.0002572384851420905,2557900,2302143863.3993173,GlobeLand30 2020,30
450123,隆安县,50,Wetland,湿地,0,0.0,0.0,0.0,2557900,2302143863.3993173,GlobeLand30 2020,30
450123,隆安县,60,Water Body,水体,44698,40228200.0,0.01747449079322882,0.017474233752099028,2557900,2302143863.3993173,GlobeLand30 2020,30
450123,隆安县,70,Tundra,苔原,0,0.0,0.0,0.0,2557900,2302143863.3993173,GlobeLand30 2020,30
450123,隆安县,80,Artificial Surfaces,人造地表,37544,33789600.0,0.014677665272293678,0.014677449371086086,2557900,2302143863.3993173,GlobeLand30 2020,30
450123,隆安县,90,Bareland,裸地,0,0.0,0.0,0.0,2557900,2302143863.3993173,GlobeLand30 2020,30
450123,隆安县,100,Permanent Snow and Ice,冰川和永久积雪,0,0.0,0.0,0.0,2557900,2302143863.3993173,GlobeLand30 2020,30
450124,马山县,10,Cultivated Land,耕地,739510,665559000.0,0.28454533771361773,0.284545898005511,2598918,2339021594.2846227,GlobeLand30 2020,30
450124,马山县,20,Forest,林地,1692157,1522941300.0,0.6511005733924656,0.6511018554601175,2598918,2339021594.2846227,GlobeLand30 2020,30
450124,马山县,30,Grass Land,草地,89609,80648100.0,0.034479348713580035,0.03447941660609841,2598918,2339021594.2846227,GlobeLand30 2020,30
450124,马山县,40,Shrubland,灌木地,0,0.0,0.0,0.0,2598918,2339021594.2846227,GlobeLand30 2020,30
450124,马山县,50,Wetland,湿地,0,0.0,0.0,0.0,2598918,2339021594.2846227,GlobeLand30 2020,30
450124,马山县,60,Water Body,水体,17956,16160400.0,0.006909029065172506,0.006909042669587911,2598918,2339021594.2846227,GlobeLand30 2020,30
450124,马山县,70,Tundra,苔原,0,0.0,0.0,0.0,2598918,2339021594.2846227,GlobeLand30 2020,30
450124,马山县,80,Artificial Surfaces,人造地表,59686,53717400.0,0.02296571111516408,0.022965756336434842,2598918,2339021594.2846227,GlobeLand30 2020,30
450124,马山县,90,Bareland,裸地,0,0.0,0.0,0.0,2598918,2339021594.2846227,GlobeLand30 2020,30
450124,马山县,100,Permanent Snow and Ice,冰川和永久积雪,0,0.0,0.0,0.0,2598918,2339021594.2846227,GlobeLand30 2020,30
450125,上林县,10,Cultivated Land,耕地,914631,823167900.0,0.44124811187812585,0.44124041750883886,2072827,1865576831.4413545,GlobeLand30 2020,30
450125,上林县,20,Forest,林地,1042354,938118600.0,0.502865892812087,0.5028571239680355,2072827,1865576831.4413545,GlobeLand30 2020,30
450125,上林县,30,Grass Land,草地,788,709200.0,0.0003801571477021478,0.0003801505186211325,2072827,1865576831.4413545,GlobeLand30 2020,30
450125,上林县,40,Shrubland,灌木地,0,0.0,0.0,0.0,2072827,1865576831.4413545,GlobeLand30 2020,30
450125,上林县,50,Wetland,湿地,328,295200.0,0.00015823800056637626,0.00015823524125346632,2072827,1865576831.4413545,GlobeLand30 2020,30
450125,上林县,60,Water Body,水体,32560,29304000.0,0.015708016153784178,0.01570774224150263,2072827,1865576831.4413545,GlobeLand30 2020,30
450125,上林县,70,Tundra,苔原,0,0.0,0.0,0.0,2072827,1865576831.4413545,GlobeLand30 2020,30
450125,上林县,80,Artificial Surfaces,人造地表,82166,73949400.0,0.03963958400773437,0.03963889278302535,2072827,1865576831.4413545,GlobeLand30 2020,30
450125,上林县,90,Bareland,裸地,0,0.0,0.0,0.0,2072827,1865576831.4413545,GlobeLand30 2020,30
450125,上林县,100,Permanent Snow and Ice,冰川和永久积雪,0,0.0,0.0,0.0,2072827,1865576831.4413545,GlobeLand30 2020,30
450126,宾阳县,10,Cultivated Land,耕地,1319558,1187602200.0,0.5151647771614986,0.5151611907234775,2561429,2305302148.8908467,GlobeLand30 2020,30
450126,宾阳县,20,Forest,林地,1004635,904171500.0,0.3922166103374327,0.3922138798313381,2561429,2305302148.8908467,GlobeLand30 2020,30
450126,宾阳县,30,Grass Land,草地,12043,10838700.0,0.004701672386780972,0.004701639655007843,2561429,2305302148.8908467,GlobeLand30 2020,30
450126,宾阳县,40,Shrubland,灌木地,0,0.0,0.0,0.0,2561429,2305302148.8908467,GlobeLand30 2020,30
450126,宾阳县,50,Wetland,湿地,790,711000.0,0.0003084215881057019,0.00030841944095791714,2561429,2305302148.8908467,GlobeLand30 2020,30
450126,宾阳县,60,Water Body,水体,51046,45941400.0,0.019928719476510964,0.01992858073814916,2561429,2305302148.8908467,GlobeLand30 2020,30
450126,宾阳县,70,Tundra,苔原,0,0.0,0.0,0.0,2561429,2305302148.8908467,GlobeLand30 2020,30
450126,宾阳县,80,Artificial Surfaces,人造地表,173357,156021300.0,0.0676797990496711,0.06767932788119195,2561429,2305302148.8908467,GlobeLand30 2020,30
450126,宾阳县,90,Bareland,裸地,0,0.0,0.0,0.0,2561429,2305302148.8908467,GlobeLand30 2020,30
450126,宾阳县,100,Permanent Snow and Ice,冰川和永久积雪,0,0.0,0.0,0.0,2561429,2305302148.8908467,GlobeLand30 2020,30
450181,横州市,10,Cultivated Land,耕地,1718820,1546938000.0,0.4489045347240123,0.448901941821994,3828921,3446048804.6037846,GlobeLand30 2020,30
450181,横州市,20,Forest,林地,1690414,1521372600.0,0.44148573449282447,0.4414831844422826,3828921,3446048804.6037846,GlobeLand30 2020,30
450181,横州市,30,Grass Land,草地,22652,20386800.0,0.005916026995594842,0.0059159928242351195,3828921,3446048804.6037846,GlobeLand30 2020,30
450181,横州市,40,Shrubland,灌木地,0,0.0,0.0,0.0,3828921,3446048804.6037846,GlobeLand30 2020,30
450181,横州市,50,Wetland,湿地,321,288900.0,8.38356288886608e-05,8.38351446485729e-05,3828921,3446048804.6037846,GlobeLand30 2020,30
450181,横州市,60,Water Body,水体,207244,186519600.0,0.05412595349969352,0.054125640864638135,3828921,3446048804.6037846,GlobeLand30 2020,30
450181,横州市,70,Tundra,苔原,0,0.0,0.0,0.0,3828921,3446048804.6037846,GlobeLand30 2020,30
450181,横州市,80,Artificial Surfaces,人造地表,189470,170523000.0,0.049483914658986175,0.049483628836651423,3828921,3446048804.6037846,GlobeLand30 2020,30
450181,横州市,90,Bareland,裸地,0,0.0,0.0,0.0,3828921,3446048804.6037846,GlobeLand30 2020,30
450181,横州市,100,Permanent Snow and Ice,冰川和永久积雪,0,0.0,0.0,0.0,3828921,3446048804.6037846,GlobeLand30 2020,30
