dataset_name,record_id,district_code,relation_type,join_status
hospitals,hospitals:gis_osm_pois_free:2035970984:hospital,450502,within,matched_single
hospitals,hospitals:gis_osm_pois_free:2035971000:hospital,450502,within,matched_single
hospitals,hospitals:gis_osm_pois_free:2036005502:hospital,450503,within,matched_single
hospitals,hospitals:gis_osm_pois_free:2699872477:hospital,450304,within,matched_single
hospitals,hospitals:gis_osm_pois_free:2712403419:hospital,450303,within,matched_single
hospitals,hospitals:gis_osm_pois_free:2870565616:hospital,450321,within,matched_single
hospitals,hospitals:gis_osm_pois_free:3676346813:hospital,450328,within,matched_single
hospitals,hospitals:gis_osm_pois_free:4467967089:hospital,450102,within,matched_single
hospitals,hospitals:gis_osm_pois_free:4772061321:hospital,451322,within,matched_single
hospitals,hospitals:gis_osm_pois_free:5023341505:hospital,451202,within,matched_single
hospitals,hospitals:gis_osm_pois_free:5024728372:hospital,451225,within,matched_single
hospitals,hospitals:gis_osm_pois_free:5839856662:clinic,450503,within,matched_single
hospitals,hospitals:gis_osm_pois_free:5942647044:hospital,450502,within,matched_single
hospitals,hospitals:gis_osm_pois_free:6142406603:clinic,450305,within,matched_single
hospitals,hospitals:gis_osm_pois_free:6343005767:clinic,450103,within,matched_single
hospitals,hospitals:gis_osm_pois_free:6343012100:clinic,450102,within,matched_single
hospitals,hospitals:gis_osm_pois_free:6343012130:hospital,450102,within,matched_single
hospitals,hospitals:gis_osm_pois_free:6343012152:clinic,450102,within,matched_single
hospitals,hospitals:gis_osm_pois_free:6343012179:hospital,450103,within,matched_single
hospitals,hospitals:gis_osm_pois_free:6343012183:hospital,450103,within,matched_single
hospitals,hospitals:gis_osm_pois_free:6343013923:clinic,450102,within,matched_single
hospitals,hospitals:gis_osm_pois_free:6343023798:clinic,450103,within,matched_single
hospitals,hospitals:gis_osm_pois_free:6343026432:clinic,450107,within,matched_single
hospitals,hospitals:gis_osm_pois_free:6343047092:doctors,450102,within,matched_single
hospitals,hospitals:gis_osm_pois_free:6370078028:hospital,451002,within,matched_single
hospitals,hospitals:gis_osm_pois_free:6514755686:hospital,450321,within,matched_single
hospitals,hospitals:gis_osm_pois_free:6656306055:clinic,450323,within,matched_single
hospitals,hospitals:gis_osm_pois_free:6712309252:hospital,450521,within,matched_single
hospitals,hospitals:gis_osm_pois_free:6712309253:hospital,450521,within,matched_single
hospitals,hospitals:gis_osm_pois_free:8074021417:hospital,451029,within,matched_single
hospitals,hospitals:gis_osm_pois_free:8403183905:clinic,450702,within,matched_single
hospitals,hospitals:gis_osm_pois_free:8582540779:hospital,450703,within,matched_single
hospitals,hospitals:gis_osm_pois_free:8818045136:hospital,450203,within,matched_single
hospitals,hospitals:gis_osm_pois_free:9258759628:hospital,450602,within,matched_single
hospitals,hospitals:gis_osm_pois_free:9266288514:hospital,450109,within,matched_single
hospitals,hospitals:gis_osm_pois_free:9269206548:hospital,450109,within,matched_single
hospitals,hospitals:gis_osm_pois_free:9289777258:hospital,450108,within,matched_single
hospitals,hospitals:gis_osm_pois_free:9322711107:hospital,450109,within,matched_single
hospitals,hospitals:gis_osm_pois_free:9333389181:hospital,450107,within,matched_single
hospitals,hospitals:gis_osm_pois_free:9363978729:hospital,450108,within,matched_single
hospitals,hospitals:gis_osm_pois_free:9433494284:hospital,450105,within,matched_single
hospitals,hospitals:gis_osm_pois_free:9495208695:hospital,450603,within,matched_single
hospitals,hospitals:gis_osm_pois_free:9502196549:clinic,450603,within,matched_single
hospitals,hospitals:gis_osm_pois_free:9632501240:clinic,450603,within,matched_single
hospitals,hospitals:gis_osm_pois_free:9668231803:hospital,450602,within,matched_single
hospitals,hospitals:gis_osm_pois_free:9687527538:hospital,450102,within,matched_single
hospitals,hospitals:gis_osm_pois_free:9754152525:clinic,450312,within,matched_single
hospitals,hospitals:gis_osm_pois_free:9882816179:hospital,450921,within,matched_single
hospitals,hospitals:gis_osm_pois_free:10584020531:clinic,451081,within,matched_single
hospitals,hospitals:gis_osm_pois_free:10694815583:clinic,451081,within,matched_single
hospitals,hospitals:gis_osm_pois_free:10706993620:clinic,451081,within,matched_single
hospitals,hospitals:gis_osm_pois_free:10711392089:clinic,451081,within,matched_single
hospitals,hospitals:gis_osm_pois_free:10738897288:clinic,451081,within,matched_single
hospitals,hospitals:gis_osm_pois_free:10740506268:clinic,451081,within,matched_single
hospitals,hospitals:gis_osm_pois_free:10760925758:hospital,451029,within,matched_single
hospitals,hospitals:gis_osm_pois_free:10763735489:clinic,451081,within,matched_single
hospitals,hospitals:gis_osm_pois_free:10773452348:clinic,451081,within,matched_single
hospitals,hospitals:gis_osm_pois_free:10779664563:clinic,451081,within,matched_single
hospitals,hospitals:gis_osm_pois_free:10794657410:clinic,451081,within,matched_single
hospitals,hospitals:gis_osm_pois_free:10811334309:clinic,451081,within,matched_single
hospitals,hospitals:gis_osm_pois_free:10816397753:clinic,451081,within,matched_single
hospitals,hospitals:gis_osm_pois_free:10822029602:clinic,451081,within,matched_single
hospitals,hospitals:gis_osm_pois_free:10822824876:hospital,450902,within,matched_single
hospitals,hospitals:gis_osm_pois_free:10823628130:clinic,451081,within,matched_single
hospitals,hospitals:gis_osm_pois_free:10848228953:clinic,451081,within,matched_single
hospitals,hospitals:gis_osm_pois_free:10880215188:clinic,451081,within,matched_single
hospitals,hospitals:gis_osm_pois_free:10906821399:clinic,451081,within,matched_single
hospitals,hospitals:gis_osm_pois_free:10914362322:clinic,451081,within,matched_single
hospitals,hospitals:gis_osm_pois_free:10926392036:clinic,451081,within,matched_single
hospitals,hospitals:gis_osm_pois_free:10951464746:clinic,451081,within,matched_single
hospitals,hospitals:gis_osm_pois_free:10989760012:clinic,451081,within,matched_single
hospitals,hospitals:gis_osm_pois_free:11027993626:doctors,450103,within,matched_single
hospitals,hospitals:gis_osm_pois_free:11263792002:clinic,451081,within,matched_single
hospitals,hospitals:gis_osm_pois_free:11389257405:clinic,451081,within,matched_single
hospitals,hospitals:gis_osm_pois_free:11694261644:clinic,451081,within,matched_single
hospitals,hospitals:gis_osm_pois_free:11700975200:clinic,451081,within,matched_single
hospitals,hospitals:gis_osm_pois_free:11774729724:clinic,451081,within,matched_single
hospitals,hospitals:gis_osm_pois_free:11861167665:hospital,451324,within,matched_single
hospitals,hospitals:gis_osm_pois_free:12065920728:clinic,451324,within,matched_single
hospitals,hospitals:gis_osm_pois_free:12094455296:clinic,451026,within,matched_single
hospitals,hospitals:gis_osm_pois_free:12347916172:clinic,450602,within,matched_single
hospitals,hospitals:gis_osm_pois_free:12523108065:clinic,450405,within,matched_single
hospitals,hospitals:gis_osm_pois_free:12538530767:clinic,450203,within,matched_single
hospitals,hospitals:gis_osm_pois_free:12543663710:clinic,450602,within,matched_single
hospitals,hospitals:gis_osm_pois_free:12587683836:clinic,450204,within,matched_single
hospitals,hospitals:gis_osm_pois_free:12587683854:clinic,450203,within,matched_single
hospitals,hospitals:gis_osm_pois_free:12587683866:clinic,450203,within,matched_single
hospitals,hospitals:gis_osm_pois_free:12635551448:clinic,451081,within,matched_single
hospitals,hospitals:gis_osm_pois_free:12655492682:hospital,450422,within,matched_single
hospitals,hospitals:gis_osm_pois_free:12728263151:doctors,450105,within,matched_single
hospitals,hospitals:gis_osm_pois_free:12797193399:hospital,451324,within,matched_single
hospitals,hospitals:gis_osm_pois_free:12961192420:clinic,451081,within,matched_single
hospitals,hospitals:gis_osm_pois_free:13022342405:doctors,450105,within,matched_single
hospitals,hospitals:gis_osm_pois_free:13195604500:clinic,450421,within,matched_single
hospitals,hospitals:gis_osm_pois_free:13240619216:hospital,450103,within,matched_single
hospitals,hospitals:gis_osm_pois_free:13243286146:hospital,450103,within,matched_single
hospitals,hospitals:gis_osm_pois_free:13275562396:hospital,450102,within,matched_single
hospitals,hospitals:gis_osm_pois_free:13275647829:hospital,450102,within,matched_single
hospitals,hospitals:gis_osm_pois_free:13433981740:clinic,450902,within,matched_single
hospitals,hospitals:gis_osm_pois_free:13598172742:hospital,450721,within,matched_single
hospitals,hospitals:gis_osm_pois_free:13607236661:doctors,451103,within,matched_single
hospitals,hospitals:gis_osm_pois_free:13607268543:clinic,451103,within,matched_single
hospitals,hospitals:gis_osm_pois_free:13622298401:doctors,450102,within,matched_single
hospitals,hospitals:gis_osm_pois_free:13622342101:hospital,450103,within,matched_single
hospitals,hospitals:gis_osm_pois_free:13680972877:clinic,450109,within,matched_single
hospitals,hospitals:gis_osm_pois_free:14045057477:hospital,451203,within,matched_single
hospitals,hospitals:gis_osm_pois_free:14046794772:hospital,451082,within,matched_single
hospitals,hospitals:gis_osm_pois_free:14046796249:hospital,451082,within,matched_single
hospitals,hospitals:gis_osm_pois_a_free:168134022:hospital,450204,intersects,matched_single
hospitals,hospitals:gis_osm_pois_a_free:205658308:hospital,450202,intersects,matched_single
hospitals,hospitals:gis_osm_pois_a_free:205658309:hospital,450202,intersects,matched_single
hospitals,hospitals:gis_osm_pois_a_free:205661089:hospital,450202,intersects,matched_single
hospitals,hospitals:gis_osm_pois_a_free:273401665:hospital,450321,intersects,matched_single
hospitals,hospitals:gis_osm_pois_a_free:310312815:hospital,450502,intersects,matched_single
hospitals,hospitals:gis_osm_pois_a_free:310461779:hospital,450502,intersects,matched_single
hospitals,hospitals:gis_osm_pois_a_free:377236076:hospital,450902,intersects,matched_single
hospitals,hospitals:gis_osm_pois_a_free:456490455:hospital,450202,intersects,matched_single
hospitals,hospitals:gis_osm_pois_a_free:470504383:hospital,451022,intersects,matched_single
hospitals,hospitals:gis_osm_pois_a_free:470504384:hospital,451022,intersects,matched_single
hospitals,hospitals:gis_osm_pois_a_free:472328415:hospital,451022,intersects,matched_single
hospitals,hospitals:gis_osm_pois_a_free:472339893:hospital,451022,intersects,matched_single
hospitals,hospitals:gis_osm_pois_a_free:477305833:hospital,450107,intersects,matched_single
hospitals,hospitals:gis_osm_pois_a_free:487001576:hospital,451102,intersects,matched_single
hospitals,hospitals:gis_osm_pois_a_free:520613835:hospital,451123,intersects,matched_single
hospitals,hospitals:gis_osm_pois_a_free:549745214:hospital,451002,intersects,matched_single
hospitals,hospitals:gis_osm_pois_a_free:550204077:hospital,450206,intersects,matched_single
hospitals,hospitals:gis_osm_pois_a_free:550352583:hospital,451002,intersects,matched_single
hospitals,hospitals:gis_osm_pois_a_free:550400864:hospital,450202,intersects,matched_single
hospitals,hospitals:gis_osm_pois_a_free:553196019:hospital,450107,intersects,matched_single
hospitals,hospitals:gis_osm_pois_a_free:566283530:hospital,451022,intersects,matched_single
hospitals,hospitals:gis_osm_pois_a_free:566283531:hospital,451022,intersects,matched_single
hospitals,hospitals:gis_osm_pois_a_free:566283532:hospital,451022,intersects,matched_single
hospitals,hospitals:gis_osm_pois_a_free:569493331:hospital,451022,intersects,matched_single
hospitals,hospitals:gis_osm_pois_a_free:569513091:hospital,451022,intersects,matched_single
hospitals,hospitals:gis_osm_pois_a_free:570478123:hospital,451022,intersects,matched_single
hospitals,hospitals:gis_osm_pois_a_free:575447454:hospital,450803,intersects,matched_single
hospitals,hospitals:gis_osm_pois_a_free:575501286:hospital,450802,intersects,matched_single
hospitals,hospitals:gis_osm_pois_a_free:587688758:hospital,450206,intersects,matched_single
hospitals,hospitals:gis_osm_pois_a_free:598514017:hospital,450203,intersects,matched_single
hospitals,hospitals:gis_osm_pois_a_free:598802734:hospital,450203,intersects,matched_single
hospitals,hospitals:gis_osm_pois_a_free:611821755:clinic,450603,intersects,matched_single
hospitals,hospitals:gis_osm_pois_a_free:628650868:hospital,450602,intersects,matched_single
hospitals,hospitals:gis_osm_pois_a_free:646911636:hospital,450305,intersects,matched_single
hospitals,hospitals:gis_osm_pois_a_free:652173870:doctors,450103,intersects,matched_single
hospitals,hospitals:gis_osm_pois_a_free:669121411:hospital,450305,intersects,matched_single
hospitals,hospitals:gis_osm_pois_a_free:673512209:hospital,451022,intersects,matched_single
hospitals,hospitals:gis_osm_pois_a_free:9366624:hospital,450305,intersects,matched_single
hospitals,hospitals:gis_osm_pois_a_free:677411918:hospital,450303,intersects,matched_single
hospitals,hospitals:gis_osm_pois_a_free:680306172:hospital,451002,intersects,matched_single
hospitals,hospitals:gis_osm_pois_a_free:680311500:hospital,451002,intersects,matched_single
hospitals,hospitals:gis_osm_pois_a_free:680390041:hospital,451002,intersects,matched_single
hospitals,hospitals:gis_osm_pois_a_free:682666715:hospital,450304,intersects,matched_single
hospitals,hospitals:gis_osm_pois_a_free:682678656:hospital,450304,intersects,matched_single
hospitals,hospitals:gis_osm_pois_a_free:682678657:hospital,450304,intersects,matched_single
hospitals,hospitals:gis_osm_pois_a_free:682678659:hospital,450302,intersects,matched_multiple
hospitals,hospitals:gis_osm_pois_a_free:682678659:hospital,450303,intersects,matched_multiple
hospitals,hospitals:gis_osm_pois_a_free:682678660:hospital,450302,intersects,matched_single
hospitals,hospitals:gis_osm_pois_a_free:682678661:hospital,450304,intersects,matched_single
hospitals,hospitals:gis_osm_pois_a_free:684128783:hospital,450302,intersects,matched_single
hospitals,hospitals:gis_osm_pois_a_free:690889137:hospital,450202,intersects,matched_single
hospitals,hospitals:gis_osm_pois_a_free:712661893:hospital,450203,intersects,matched_single
hospitals,hospitals:gis_osm_pois_a_free:724360572:clinic,450305,intersects,matched_single
hospitals,hospitals:gis_osm_pois_a_free:734011142:hospital,450403,intersects,matched_single
hospitals,hospitals:gis_osm_pois_a_free:734011163:hospital,450403,intersects,matched_single
hospitals,hospitals:gis_osm_pois_a_free:734011167:hospital,450403,intersects,matched_single
hospitals,hospitals:gis_osm_pois_a_free:734135147:hospital,450403,intersects,matched_single
hospitals,hospitals:gis_osm_pois_a_free:734135151:hospital,450403,intersects,matched_single
hospitals,hospitals:gis_osm_pois_a_free:734499589:hospital,450405,intersects,matched_single
hospitals,hospitals:gis_osm_pois_a_free:734529180:hospital,450405,intersects,matched_single
hospitals,hospitals:gis_osm_pois_a_free:735236302:hospital,450406,intersects,matched_single
hospitals,hospitals:gis_osm_pois_a_free:759170267:clinic,450107,intersects,matched_single
hospitals,hospitals:gis_osm_pois_a_free:759340886:clinic,450107,intersects,matched_single
hospitals,hospitals:gis_osm_pois_a_free:770986391:hospital,450403,intersects,matched_single
hospitals,hospitals:gis_osm_pois_a_free:775904713:hospital,450202,intersects,matched_single
hospitals,hospitals:gis_osm_pois_a_free:792003601:hospital,451002,intersects,matched_single
hospitals,hospitals:gis_osm_pois_a_free:792024776:hospital,451002,intersects,matched_single
hospitals,hospitals:gis_osm_pois_a_free:792184800:hospital,451002,intersects,matched_single
hospitals,hospitals:gis_osm_pois_a_free:792853857:hospital,451002,intersects,matched_single
hospitals,hospitals:gis_osm_pois_a_free:822526261:hospital,450603,intersects,matched_single
hospitals,hospitals:gis_osm_pois_a_free:822539059:hospital,450603,intersects,matched_single
hospitals,hospitals:gis_osm_pois_a_free:822563908:hospital,450603,intersects,matched_single
hospitals,hospitals:gis_osm_pois_a_free:824173859:hospital,451029,intersects,matched_single
hospitals,hospitals:gis_osm_pois_a_free:826171236:hospital,450603,intersects,matched_single
hospitals,hospitals:gis_osm_pois_a_free:836086506:hospital,450205,intersects,matched_single
hospitals,hospitals:gis_osm_pois_a_free:837903779:hospital,450108,intersects,matched_single
hospitals,hospitals:gis_osm_pois_a_free:837946513:hospital,450108,intersects,matched_single
hospitals,hospitals:gis_osm_pois_a_free:838558094:hospital,450103,intersects,matched_single
hospitals,hospitals:gis_osm_pois_a_free:839607678:hospital,450107,intersects,matched_single
hospitals,hospitals:gis_osm_pois_a_free:839633851:hospital,450204,intersects,matched_single
hospitals,hospitals:gis_osm_pois_a_free:839655961:hospital,450102,intersects,matched_single
hospitals,hospitals:gis_osm_pois_a_free:866221921:hospital,451029,intersects,matched_single
hospitals,hospitals:gis_osm_pois_a_free:866221942:hospital,451029,intersects,matched_single
hospitals,hospitals:gis_osm_pois_a_free:883840455:hospital,451481,intersects,matched_single
hospitals,hospitals:gis_osm_pois_a_free:891244297:hospital,450205,intersects,matched_single
hospitals,hospitals:gis_osm_pois_a_free:899210215:hospital,450204,intersects,matched_single
hospitals,hospitals:gis_osm_pois_a_free:904773392:hospital,450702,intersects,matched_single
hospitals,hospitals:gis_osm_pois_a_free:915070929:hospital,450103,intersects,matched_single
hospitals,hospitals:gis_osm_pois_a_free:915070930:hospital,450103,intersects,matched_single
hospitals,hospitals:gis_osm_pois_a_free:915110708:hospital,450103,intersects,matched_single
hospitals,hospitals:gis_osm_pois_a_free:915315500:hospital,450103,intersects,matched_single
hospitals,hospitals:gis_osm_pois_a_free:915315536:hospital,450103,intersects,matched_single
hospitals,hospitals:gis_osm_pois_a_free:921993751:hospital,450603,intersects,matched_single
hospitals,hospitals:gis_osm_pois_a_free:922786893:hospital,450103,intersects,matched_single
hospitals,hospitals:gis_osm_pois_a_free:922789147:hospital,450108,intersects,matched_single
hospitals,hospitals:gis_osm_pois_a_free:923433149:hospital,450602,intersects,matched_single
hospitals,hospitals:gis_osm_pois_a_free:923434621:hospital,450602,intersects,matched_single
hospitals,hospitals:gis_osm_pois_a_free:923437416:hospital,450602,intersects,matched_single
hospitals,hospitals:gis_osm_pois_a_free:923440968:hospital,450602,intersects,matched_single
hospitals,hospitals:gis_osm_pois_a_free:923488289:hospital,450603,intersects,matched_single
hospitals,hospitals:gis_osm_pois_a_free:924329164:hospital,450602,intersects,matched_single
hospitals,hospitals:gis_osm_pois_a_free:925228689:hospital,451425,intersects,matched_single
hospitals,hospitals:gis_osm_pois_a_free:927474995:clinic,451002,intersects,matched_single
hospitals,hospitals:gis_osm_pois_a_free:927516485:hospital,451002,intersects,matched_single
hospitals,hospitals:gis_osm_pois_a_free:930358545:hospital,450603,intersects,matched_single
hospitals,hospitals:gis_osm_pois_a_free:945755550:hospital,450603,intersects,matched_single
hospitals,hospitals:gis_osm_pois_a_free:947179985:hospital,450603,intersects,matched_single
hospitals,hospitals:gis_osm_pois_a_free:952705303:hospital,450203,intersects,matched_single
hospitals,hospitals:gis_osm_pois_a_free:956330021:hospital,450107,intersects,matched_single
hospitals,hospitals:gis_osm_pois_a_free:958817948:hospital,450403,intersects,matched_single
hospitals,hospitals:gis_osm_pois_a_free:961603754:hospital,451026,intersects,matched_single
hospitals,hospitals:gis_osm_pois_a_free:962081953:hospital,451024,intersects,matched_single
hospitals,hospitals:gis_osm_pois_a_free:964463344:hospital,451226,intersects,matched_single
hospitals,hospitals:gis_osm_pois_a_free:964464123:hospital,451226,intersects,matched_single
hospitals,hospitals:gis_osm_pois_a_free:964464179:hospital,451226,intersects,matched_single
hospitals,hospitals:gis_osm_pois_a_free:967338459:hospital,450702,intersects,matched_single
hospitals,hospitals:gis_osm_pois_a_free:968557172:hospital,450703,intersects,matched_single
hospitals,hospitals:gis_osm_pois_a_free:969612374:hospital,450702,intersects,matched_single
hospitals,hospitals:gis_osm_pois_a_free:969639007:hospital,450702,intersects,matched_single
hospitals,hospitals:gis_osm_pois_a_free:969888740:hospital,450702,intersects,matched_single
hospitals,hospitals:gis_osm_pois_a_free:977504139:hospital,450603,intersects,matched_single
hospitals,hospitals:gis_osm_pois_a_free:977909146:hospital,450503,intersects,matched_single
hospitals,hospitals:gis_osm_pois_a_free:980131342:hospital,450109,intersects,matched_single
hospitals,hospitals:gis_osm_pois_a_free:980131345:hospital,450109,intersects,matched_single
hospitals,hospitals:gis_osm_pois_a_free:980131346:hospital,450109,intersects,matched_single
hospitals,hospitals:gis_osm_pois_a_free:980131347:hospital,450103,intersects,matched_single
hospitals,hospitals:gis_osm_pois_a_free:980131348:hospital,450103,intersects,matched_single
hospitals,hospitals:gis_osm_pois_a_free:985407622:hospital,450203,intersects,matched_single
hospitals,hospitals:gis_osm_pois_a_free:987102914:hospital,450206,intersects,matched_single
hospitals,hospitals:gis_osm_pois_a_free:989626120:hospital,450302,intersects,matched_single
hospitals,hospitals:gis_osm_pois_a_free:990697672:hospital,450109,intersects,matched_single
hospitals,hospitals:gis_osm_pois_a_free:991462905:hospital,450502,intersects,matched_single
hospitals,hospitals:gis_osm_pois_a_free:991504394:hospital,450312,intersects,matched_single
hospitals,hospitals:gis_osm_pois_a_free:996589840:hospital,450602,intersects,matched_single
hospitals,hospitals:gis_osm_pois_a_free:997399354:hospital,450103,intersects,matched_single
hospitals,hospitals:gis_osm_pois_a_free:999488516:hospital,450108,intersects,matched_single
hospitals,hospitals:gis_osm_pois_a_free:1001804417:hospital,450302,intersects,matched_single
hospitals,hospitals:gis_osm_pois_a_free:1001927229:hospital,450109,intersects,matched_single
hospitals,hospitals:gis_osm_pois_a_free:1001927230:hospital,450109,intersects,matched_single
hospitals,hospitals:gis_osm_pois_a_free:1001927231:hospital,450109,intersects,matched_single
hospitals,hospitals:gis_osm_pois_a_free:1001944757:hospital,450203,intersects,matched_single
hospitals,hospitals:gis_osm_pois_a_free:1005456694:hospital,450303,intersects,matched_single
hospitals,hospitals:gis_osm_pois_a_free:1005519824:hospital,450323,intersects,matched_single
hospitals,hospitals:gis_osm_pois_a_free:1007350158:hospital,450103,intersects,matched_single
hospitals,hospitals:gis_osm_pois_a_free:1007574995:hospital,450107,intersects,matched_single
hospitals,hospitals:gis_osm_pois_a_free:1011959795:hospital,450107,intersects,matched_single
hospitals,hospitals:gis_osm_pois_a_free:1012349763:hospital,450103,intersects,matched_single
hospitals,hospitals:gis_osm_pois_a_free:1014354032:hospital,450108,intersects,matched_single
hospitals,hospitals:gis_osm_pois_a_free:1014598154:hospital,450103,intersects,matched_single
hospitals,hospitals:gis_osm_pois_a_free:1015073787:hospital,450108,intersects,matched_single
hospitals,hospitals:gis_osm_pois_a_free:1015162904:hospital,450603,intersects,matched_single
hospitals,hospitals:gis_osm_pois_a_free:1022859153:hospital,450105,intersects,matched_single
hospitals,hospitals:gis_osm_pois_a_free:1024155607:hospital,450204,intersects,matched_single
hospitals,hospitals:gis_osm_pois_a_free:1024585048:hospital,450312,intersects,matched_single
hospitals,hospitals:gis_osm_pois_a_free:1025514057:hospital,450312,intersects,matched_single
hospitals,hospitals:gis_osm_pois_a_free:1027013381:hospital,450681,intersects,matched_single
hospitals,hospitals:gis_osm_pois_a_free:1027239570:hospital,450602,intersects,matched_single
hospitals,hospitals:gis_osm_pois_a_free:1027240346:hospital,450602,intersects,matched_single
hospitals,hospitals:gis_osm_pois_a_free:1027242607:hospital,450603,intersects,matched_single
hospitals,hospitals:gis_osm_pois_a_free:1036187480:hospital,450103,intersects,matched_single
hospitals,hospitals:gis_osm_pois_a_free:1036616954:hospital,450110,intersects,matched_single
hospitals,hospitals:gis_osm_pois_a_free:1036617050:hospital,450110,intersects,matched_single
hospitals,hospitals:gis_osm_pois_a_free:1040471199:hospital,450102,intersects,matched_single
hospitals,hospitals:gis_osm_pois_a_free:1043466143:clinic,450422,intersects,matched_single
hospitals,hospitals:gis_osm_pois_a_free:1055592032:hospital,450325,intersects,matched_single
hospitals,hospitals:gis_osm_pois_a_free:1059583612:hospital,450105,intersects,matched_single
hospitals,hospitals:gis_osm_pois_a_free:1060042063:hospital,450602,intersects,matched_single
hospitals,hospitals:gis_osm_pois_a_free:1065047756:hospital,450102,intersects,matched_single
hospitals,hospitals:gis_osm_pois_a_free:1075266036:hospital,450205,intersects,matched_single
hospitals,hospitals:gis_osm_pois_a_free:1076267881:hospital,450304,intersects,matched_single
hospitals,hospitals:gis_osm_pois_a_free:1077876225:hospital,450503,intersects,matched_single
hospitals,hospitals:gis_osm_pois_a_free:1079663074:hospital,450107,intersects,matched_single
hospitals,hospitals:gis_osm_pois_a_free:1080700794:hospital,450311,intersects,matched_single
hospitals,hospitals:gis_osm_pois_a_free:1100629578:hospital,450922,intersects,matched_single
hospitals,hospitals:gis_osm_pois_a_free:1131947164:hospital,450602,intersects,matched_single
hospitals,hospitals:gis_osm_pois_a_free:1134779242:hospital,451081,intersects,matched_single
hospitals,hospitals:gis_osm_pois_a_free:1135173692:hospital,451081,intersects,matched_single
hospitals,hospitals:gis_osm_pois_a_free:1138317691:hospital,451081,intersects,matched_single
hospitals,hospitals:gis_osm_pois_a_free:1150313868:hospital,451081,intersects,matched_single
hospitals,hospitals:gis_osm_pois_a_free:1154717290:hospital,451081,intersects,matched_single
hospitals,hospitals:gis_osm_pois_a_free:1163721016:hospital,450902,intersects,matched_single
hospitals,hospitals:gis_osm_pois_a_free:1167309365:hospital,451081,intersects,matched_single
hospitals,hospitals:gis_osm_pois_a_free:1169652228:hospital,451081,intersects,matched_single
hospitals,hospitals:gis_osm_pois_a_free:1169948854:hospital,451081,intersects,matched_single
hospitals,hospitals:gis_osm_pois_a_free:1170009685:hospital,450902,intersects,matched_single
hospitals,hospitals:gis_osm_pois_a_free:1170009694:hospital,450902,intersects,matched_single
hospitals,hospitals:gis_osm_pois_a_free:1170009705:hospital,450902,intersects,matched_single
hospitals,hospitals:gis_osm_pois_a_free:1170016598:hospital,450902,intersects,matched_single
hospitals,hospitals:gis_osm_pois_a_free:1170016599:hospital,450902,intersects,matched_single
hospitals,hospitals:gis_osm_pois_a_free:1170016600:hospital,450902,intersects,matched_single
hospitals,hospitals:gis_osm_pois_a_free:1171027594:clinic,451081,intersects,matched_single
hospitals,hospitals:gis_osm_pois_a_free:1173771635:hospital,450902,intersects,matched_single
hospitals,hospitals:gis_osm_pois_a_free:1173988921:hospital,451081,intersects,matched_single
hospitals,hospitals:gis_osm_pois_a_free:1191968535:hospital,450103,intersects,matched_single
hospitals,hospitals:gis_osm_pois_a_free:1192675770:hospital,451082,intersects,matched_single
hospitals,hospitals:gis_osm_pois_a_free:1194977969:hospital,450602,intersects,matched_single
hospitals,hospitals:gis_osm_pois_a_free:1211765117:hospital,451081,intersects,matched_single
hospitals,hospitals:gis_osm_pois_a_free:1212111376:hospital,450981,intersects,matched_single
hospitals,hospitals:gis_osm_pois_a_free:1213844247:hospital,450108,intersects,matched_single
hospitals,hospitals:gis_osm_pois_a_free:1217253744:hospital,451081,intersects,matched_single
hospitals,hospitals:gis_osm_pois_a_free:1224010558:hospital,450481,intersects,matched_single
hospitals,hospitals:gis_osm_pois_a_free:1236163506:hospital,450802,intersects,matched_single
hospitals,hospitals:gis_osm_pois_a_free:1259393576:hospital,450204,intersects,matched_single
hospitals,hospitals:gis_osm_pois_a_free:1259732234:hospital,450881,intersects,matched_single
hospitals,hospitals:gis_osm_pois_a_free:1267819227:hospital,451081,intersects,matched_single
hospitals,hospitals:gis_osm_pois_a_free:1272721426:hospital,451402,intersects,matched_single
hospitals,hospitals:gis_osm_pois_a_free:1272721429:hospital,451402,intersects,matched_single
hospitals,hospitals:gis_osm_pois_a_free:1277815769:hospital,451081,intersects,matched_single
hospitals,hospitals:gis_osm_pois_a_free:1278159270:hospital,451024,intersects,matched_single
hospitals,hospitals:gis_osm_pois_a_free:1279593075:hospital,450126,intersects,matched_single
hospitals,hospitals:gis_osm_pois_a_free:1279593098:hospital,450126,intersects,matched_single
hospitals,hospitals:gis_osm_pois_a_free:1281708673:hospital,450502,intersects,matched_single
hospitals,hospitals:gis_osm_pois_a_free:1288867982:hospital,450205,intersects,matched_single
hospitals,hospitals:gis_osm_pois_a_free:1290653584:hospital,451302,intersects,matched_single
hospitals,hospitals:gis_osm_pois_a_free:1292064118:hospital,451003,intersects,matched_single
hospitals,hospitals:gis_osm_pois_a_free:1297488533:hospital,451324,intersects,matched_single
hospitals,hospitals:gis_osm_pois_a_free:1302475752:hospital,450406,intersects,matched_single
hospitals,hospitals:gis_osm_pois_a_free:1306482367:hospital,450203,intersects,matched_single
hospitals,hospitals:gis_osm_pois_a_free:1307418820:hospital,450902,intersects,matched_single
hospitals,hospitals:gis_osm_pois_a_free:1308326545:hospital,450403,intersects,matched_single
hospitals,hospitals:gis_osm_pois_a_free:1308577518:hospital,450405,intersects,matched_single
hospitals,hospitals:gis_osm_pois_a_free:1313936011:hospital,451024,intersects,matched_single
hospitals,hospitals:gis_osm_pois_a_free:1314100790:hospital,451324,intersects,matched_single
hospitals,hospitals:gis_osm_pois_a_free:1314391992:hospital,451324,intersects,matched_single
hospitals,hospitals:gis_osm_pois_a_free:1315634425:hospital,450405,intersects,matched_single
hospitals,hospitals:gis_osm_pois_a_free:1315643348:hospital,451425,intersects,matched_single
hospitals,hospitals:gis_osm_pois_a_free:1322639353:hospital,450702,intersects,matched_single
hospitals,hospitals:gis_osm_pois_a_free:1322639354:hospital,450702,intersects,matched_single
hospitals,hospitals:gis_osm_pois_a_free:1332053213:hospital,450103,intersects,matched_single
hospitals,hospitals:gis_osm_pois_a_free:1334508464:hospital,450203,intersects,matched_single
hospitals,hospitals:gis_osm_pois_a_free:1338986068:hospital,451324,intersects,matched_single
hospitals,hospitals:gis_osm_pois_a_free:1348664661:hospital,450204,intersects,matched_single
hospitals,hospitals:gis_osm_pois_a_free:1349370054:hospital,450902,intersects,matched_single
hospitals,hospitals:gis_osm_pois_a_free:1349392041:hospital,450902,intersects,matched_single
hospitals,hospitals:gis_osm_pois_a_free:1349785658:hospital,450125,intersects,matched_single
hospitals,hospitals:gis_osm_pois_a_free:1351248937:hospital,450203,intersects,matched_single
hospitals,hospitals:gis_osm_pois_a_free:1355300234:hospital,450203,intersects,matched_single
hospitals,hospitals:gis_osm_pois_a_free:1356341226:hospital,450323,intersects,matched_single
hospitals,hospitals:gis_osm_pois_a_free:1358678334:hospital,450226,intersects,matched_single
hospitals,hospitals:gis_osm_pois_a_free:1364000164:hospital,451302,intersects,matched_single
hospitals,hospitals:gis_osm_pois_a_free:1383693028:hospital,450109,intersects,matched_single
hospitals,hospitals:gis_osm_pois_a_free:1385380309:hospital,451202,intersects,matched_single
hospitals,hospitals:gis_osm_pois_a_free:1385558797:hospital,451202,intersects,matched_single
hospitals,hospitals:gis_osm_pois_a_free:1385804237:hospital,451202,intersects,matched_single
hospitals,hospitals:gis_osm_pois_a_free:1395880441:hospital,450107,intersects,matched_single
hospitals,hospitals:gis_osm_pois_a_free:1408539488:hospital,451402,intersects,matched_single
hospitals,hospitals:gis_osm_pois_a_free:1412403189:hospital,450102,intersects,matched_single
hospitals,hospitals:gis_osm_pois_a_free:1412403198:hospital,450102,intersects,matched_single
hospitals,hospitals:gis_osm_pois_a_free:1415180936:hospital,450105,intersects,matched_single
hospitals,hospitals:gis_osm_pois_a_free:1415311073:hospital,450305,intersects,matched_multiple
hospitals,hospitals:gis_osm_pois_a_free:1415311073:hospital,450303,intersects,matched_multiple
hospitals,hospitals:gis_osm_pois_a_free:1415449943:hospital,451202,intersects,matched_single
hospitals,hospitals:gis_osm_pois_a_free:1420130742:hospital,450205,intersects,matched_single
hospitals,hospitals:gis_osm_pois_a_free:1422425327:hospital,450821,intersects,matched_single
hospitals,hospitals:gis_osm_pois_a_free:1424443929:hospital,450802,intersects,matched_single
hospitals,hospitals:gis_osm_pois_a_free:1446827547:clinic,450902,intersects,matched_single
hospitals,hospitals:gis_osm_pois_a_free:1447604266:hospital,450222,intersects,matched_single
hospitals,hospitals:gis_osm_pois_a_free:1450021789:hospital,450324,intersects,matched_single
hospitals,hospitals:gis_osm_pois_a_free:1460543404:hospital,451122,intersects,matched_single
hospitals,hospitals:gis_osm_pois_a_free:1463858013:hospital,451122,intersects,matched_single
hospitals,hospitals:gis_osm_pois_a_free:1464036708:hospital,450312,intersects,matched_single
hospitals,hospitals:gis_osm_pois_a_free:1464060775:hospital,450311,intersects,matched_single
hospitals,hospitals:gis_osm_pois_a_free:1464097988:hospital,450312,intersects,matched_single
hospitals,hospitals:gis_osm_pois_a_free:1470199571:hospital,450902,intersects,matched_single
hospitals,hospitals:gis_osm_pois_a_free:1470237864:hospital,450902,intersects,matched_single
hospitals,hospitals:gis_osm_pois_a_free:1472885756:hospital,451082,intersects,matched_single
hospitals,hospitals:gis_osm_pois_a_free:1472949294:hospital,451082,intersects,matched_single
hospitals,hospitals:gis_osm_pois_a_free:1474942496:hospital,450326,intersects,matched_single
hospitals,hospitals:gis_osm_pois_a_free:1481705521:hospital,450902,intersects,matched_single
hospitals,hospitals:gis_osm_pois_a_free:1482102437:hospital,451202,intersects,matched_single
hospitals,hospitals:gis_osm_pois_a_free:1486736324:hospital,451424,intersects,matched_single
hospitals,hospitals:gis_osm_pois_a_free:1488521083:hospital,450328,intersects,matched_single
hospitals,hospitals:gis_osm_pois_a_free:1490013852:hospital,450312,intersects,matched_single
hospitals,hospitals:gis_osm_pois_a_free:1492040731:hospital,450312,intersects,matched_single
hospitals,hospitals:gis_osm_pois_a_free:1501005976:hospital,450224,intersects,matched_single
hospitals,hospitals:gis_osm_pois_a_free:1515091249:hospital,451122,intersects,matched_single
hospitals,hospitals:gis_osm_pois_a_free:1531721002:hospital,451082,intersects,matched_single
hospitals,hospitals:gis_osm_pois_a_free:1531723071:hospital,450110,intersects,matched_single
hospitals,hospitals:gis_osm_pois_a_free:21102499:hospital,450312,intersects,matched_single
hospitals,hospitals:gis_osm_pois_a_free:1540715412:hospital,450722,intersects,matched_single
hospitals,hospitals:gis_osm_pois_a_free:1540721296:hospital,450721,intersects,matched_single
