source_year,source_file,pdf_page,nanning_hit_count,matched_keywords,candidate_excerpt,review_status
2016,Task_19/data/raw/bulletins/2016年广西水旱灾害公报.pdf,5,2,受灾,兴 市为 2983.8 毫米（图 1-1）。与常年相比，贺州、梧州两市，桂林、贵港、玉林、钦州、 防城港等 5 市大部，南宁市部分地区偏多 1 ～ 4 成，其余地区正常到偏少 4 成（图 1-2）。 汛期（4 ～ 9 月），平均降水量 1234.4 毫米，占全年降水量的 75%，接近常年同期，各 地降水量 664.2 ～ 2504.7 毫米。与常年同期相比，,candidate_not_event
2016,Task_19/data/raw/bulletins/2016年广西水旱灾害公报.pdf,9,1,洪涝|损失,一、综述 图 1-7 广西洪涝灾害直接经济损失分布图 2016 年广西为轻旱年，干旱灾害呈阶段性、局部性的特点。全区共有南宁、桂林、 贵港、玉林、贺州、河池、来宾、崇左、百色、柳州等 10 个市、40 个县（市、区）出 现旱情，累计有 6.85 万人、2.16 万头大牲畜因旱临时饮水困难 ；作物受旱面积 158.53 千公顷，其中成灾 33.13 千公顷，绝,candidate_not_event
2016,Task_19/data/raw/bulletins/2016年广西水旱灾害公报.pdf,10,1,洪涝|内涝|受灾|死亡|转移|损失,万人 口/人 口/人 损失 / 亿元 全区合计 325.48 12 3 43.07 贵港市 7.56 0 0 0.25 南宁市 18.80 4 0 0.79 玉林市 43.72 2 0 4.04 柳州市 15.10 2 3 4.15 百色市 2.72 0 0 0.32 桂林市 72.01 0 0 13.21 贺州市 12.65 3 0 1.79 梧州市 19,candidate_not_event
2016,Task_19/data/raw/bulletins/2016年广西水旱灾害公报.pdf,11,1,洪涝|受灾|死亡|损失,公斤 （万元） 损失（亿元） 全区合计 223.27 92.80 12.36 34.03 49218.32 15.27 南宁市 14.29 3.68 0.44 1.13 1939.83 0.50 柳州市 9.80 5.98 1.35 0.65 4115 0.73 桂林市 48.20 27.18 2.08 5.32 15021.7 5.57 梧州市 8.06 ,candidate_not_event
2016,Task_19/data/raw/bulletins/2016年广西水旱灾害公报.pdf,12,1,洪涝|受灾,断 地区 （个） （条次） （条次） （个次） （条次） （条次） 全区合计 69 0 1240 10 469 384 南宁市 0 0 6 0 0 0 柳州市 0 0 118 0 12 14 桂林市 20 0 216 0 97 15 梧州市 19 0 124 0 14 1 北海市 0 0 0 10 40 0 防城港市 14 0 72 0 120 50 钦州市,candidate_not_event
2016,Task_19/data/raw/bulletins/2016年广西水旱灾害公报.pdf,13,1,洪涝|受灾|死亡|损失,型 / 座 小型 / 座 处数 / 处 长度 / 公里 全区合计 0 21 1341 167.61 202 12.80 南宁市 0 0 0 0 0 0.05 柳州市 0 0 0 0 0 0.44 桂林市 0 0 625 76.16 47 2.80 梧州市 0 0 92 4.37 12 1.37 北海市 0 0 76 7.16 0 0.38 防城港市 0 0 ,candidate_not_event
2016,Task_19/data/raw/bulletins/2016年广西水旱灾害公报.pdf,17,1,洪涝|暴雨|受灾|台风|死亡|转移|损失, 7 个设区市出现 6-8 级大 风，北部湾海面出现 12 级大风。4 次台风袭击带来的强风暴雨导致沿海三市以及玉林、 南宁等地遭受洪涝灾害，台风造成的受灾人口 86.29 万人，转移 14.84 万人，农作物受 13 ▲,candidate_not_event
2016,Task_19/data/raw/bulletins/2016年广西水旱灾害公报.pdf,18,3,洪涝|洪水|暴雨|台风|强降雨|超警|损失,陆， 防城港、钦州、崇 1 1603 银河 强热带风暴 风力 10 级（28 米 / 秒），27 日早晨 7 时进 左、南宁、百色、 入北部湾海面，风力 8 级（18 米 / 秒） 梧州、来宾 8 月 2 日 03:35 在广东省深圳市大鹏半岛登 玉林、梧州、贺州、 陆， 风 力 14 级（42 米 / 秒），2 日 17 时 从 2 1604 妮妲 强台风,candidate_not_event
2016,Task_19/data/raw/bulletins/2016年广西水旱灾害公报.pdf,19,1,洪涝|洪水|暴雨|山洪|内涝|受灾|死亡|转移|损失|淹没, 小时，停电 16 小时，直接经济损失 2.77 亿元 ；象州县中部及上游流域金秀县暴雨致多条河流山洪 暴发，引发内涝。南宁市、柳州、桂林、梧州、贺州、河池、来宾等 7 个市、33 个县 ( 市、区 )、 187 个乡 ( 镇、街道 ) 不同程度受灾，受灾人口 62.32 万人，因灾死亡 3 人，转移人口 1.65 万人 ；倒塌房屋 951 间 ；农作物受灾,candidate_not_event
2016,Task_19/data/raw/bulletins/2016年广西水旱灾害公报.pdf,20,1,洪涝|洪水|暴雨|受灾|超警|死亡|损失,9 年以来最大洪水，西江达到国家防总《全 国主要江河洪水编号规定》的洪水编号标准，编为西江 2016 年第 1 号洪水。南宁、柳 州、桂林、梧州、百色、贺州、河池、来宾等 8 个市、56 个县 ( 市、区 )、346 个乡 ( 镇、 街道 ) 受灾。受灾人口 54.53 万人，死亡人口 2 人，失踪人口 1 人 ；倒塌房屋 1477 间 ； 受淹城镇 7 座,candidate_not_event
2016,Task_19/data/raw/bulletins/2016年广西水旱灾害公报.pdf,22,1,洪涝|洪水|暴雨|受灾|台风|超警|转移|损失, 毫米），暴雨区大部江河 涨幅 2 ～ 5m，浦北县武思江河段出现超警 0.15m 的常遇洪水，大部江河来水大幅增加。 南宁、北海、防城港、钦州、贵港、玉林、崇左等 7 个市、31 个县 ( 市、区 )、187 个乡 ( 镇、 街道 ) 受灾，受灾人口 52.88 万人，转移人口 6.08 万人 ；倒塌房屋 180 间 ；农作物受灾 面积 62.43 千公顷,candidate_not_event
2016,Task_19/data/raw/bulletins/2016年广西水旱灾害公报.pdf,23,2,受灾|损失,三、干旱灾害 三、干旱灾害 （一）基本情况 2016 年，广西共有南宁、桂林、贵港、玉林、贺州、河池、来宾、崇左、百色、柳 州等 10 个市、40 个县（市、区）出现旱灾，累计有 6.85 万人、2.16 万头大牲畜因旱 临时饮水困难；作物受旱面积 158.53 千公顷，其中成灾 33.13 千公顷，绝收 5.28 千公顷。 因旱粮食损失 5.66 万吨，经,candidate_not_event
2016,Task_19/data/raw/bulletins/2016年广西水旱灾害公报.pdf,24,2,受灾|损失,口 / 因旱饮水困难牲畜 / 地区 地区 万人 万头 万人 万头 广西 6.85 2.16 贵港市 0.97 0.22 南宁市 0.69 0.14 玉林市 0.04 0 柳州市 0 0 百色市 4.69 1.20 桂林市 0.37 0.40 贺州市 0 0 梧州市 0 0 河池市 0 0 北海市 0 0 来宾市 0.05 0.05 防城港市 0 0 崇左市 ,candidate_not_event
2016,Task_19/data/raw/bulletins/2016年广西水旱灾害公报.pdf,28,2,台风|强降雨,广西水旱灾害公报 2016 局部地区农作物受旱，因旱饮水困难人口以百色市居多。旱情最严重时，南宁、 贵港、玉林、贺州、河池、来宾、崇左、百色等 8 个市、31 个县（市、区）同时出现 旱情，有 3.26 万人、0.99 万头大牲畜因旱临时饮水困难，农作物受旱面积 120.63 千公顷， 其中干枯 4.18 千公顷、重旱 25.19 千公顷、轻旱 91.26 ,candidate_not_event
2016,Task_19/data/raw/bulletins/2016年广西水旱灾害公报.pdf,32,3,洪涝|洪水|暴雨|山洪|内涝|台风|强降雨|转移,广西水旱灾害公报 2016 实例 ：南宁市大王滩水库防洪抢险应急演练 8 月 25 日，南宁市大王滩水库管理处开展防洪抢险应急演练。演练内 容为水库险情报告、现场指挥部会商、转移安置、险情处置。演练模拟主 坝外坡坝体左端结合部出现异常渗水现象，大坝巡查人员发现后立即报告 水库防洪抢险指挥部副指挥长，水库防洪抢险指挥部立即进行勘查与会商， 提出险情处理措施，命,candidate_not_event
2017,Task_19/data/raw/bulletins/2017年广西水旱灾害公报.pdf,12,1,洪涝|内涝|受灾|死亡|损失, 口/人 口/人 损失 / 亿元 全区合计 429.67 32 0 130.75 贵港市 29.75 0 0 5.85 南宁市 46.87 4 0 1.74 玉林市 16.09 3 0 3.47 柳州市 22.83 8 0 9.03 百色市 18.15 0 0 1.51 桂林市 175.71 8 0 87.60 贺州市 10.42 0 0 7.85 梧州市 ,candidate_not_event
2017,Task_19/data/raw/bulletins/2017年广西水旱灾害公报.pdf,13,1,洪涝|受灾|死亡|损失,顷 万吨 （亿元） 损失（亿元） 全区合计 241.48 118.16 30.88 66.66 17.54 41.43 南宁市 19.59 14.13 1.35 2.23 0.32 0.94 柳州市 12.38 7.71 1.21 0.97 1.02 1.88 桂林市 106.26 55.98 17.37 53.99 13.20 30.33 梧州市 12.6,candidate_not_event
2017,Task_19/data/raw/bulletins/2017年广西水旱灾害公报.pdf,14,1,洪涝|受灾, 地区 （个） （条次） （条次） （个次） （条次） （条次） 全区合计 207 37 2292 0 730 329 南宁市 0 0 83 0 5 0 柳州市 11 0 481 0 16 8 桂林市 113 37 1179 0 380 201 梧州市 53 0 124 0 75 25 北海市 0 0 8 0 41 28 防城港市 0 0 20 0 8 0 ,candidate_not_event
2017,Task_19/data/raw/bulletins/2017年广西水旱灾害公报.pdf,15,1,洪涝|受灾|死亡|损失,中型 / 座 小型 / 座 处数 / 处 长度 / 公里 全区合计 1 4 2898 343.73 156 29.08 南宁市 0 1 0 0.00 0 0.48 柳州市 0 1 0 0.00 0 1.10 桂林市 0 0 1888 221.33 8 13.93 梧州市 0 1 48 5.56 3 2.92 北海市 0 0 117 7.95 38 0.92 ,candidate_not_event
2017,Task_19/data/raw/bulletins/2017年广西水旱灾害公报.pdf,19,4,洪涝|内涝|受灾|台风|死亡|转移|损失, 23 时前后在广东省深圳市大鹏 半岛沿海登陆，风力 8 级（18 米 / 秒），13 1 1702 苗柏 热带风暴级 南宁、桂林、来宾 日上午 11 时在广东省河源市和平县境内减 弱为热带低压。 8 月 23 日 12:50 在广东珠海南部沿海登陆， 南宁、梧州、钦州、 登陆时中心附近最大风力 14 级（33-40 米 / 2 1713 天鸽 强台风级 贵,candidate_not_event
2017,Task_19/data/raw/bulletins/2017年广西水旱灾害公报.pdf,22,1,洪涝|洪水|暴雨|内涝|受灾|超警|死亡|转移|损失,上游、 柳江干流等 28 条河流 39 站次出现超警洪水，桂江桂林城区河段出现 10 年一遇洪水， 为历史同期最大洪水。南宁市、柳州市、桂林市、百色市、河池市、来宾市等 6 个市、 38 个县 ( 市、区 )、202 个乡 ( 镇、街道 ) 受灾。受灾人口 47.18 万人，因灾死亡 9 人， 转移 1.66 万人 ；倒塌房屋 579 间 ；农作物受灾面积 ,candidate_not_event
2017,Task_19/data/raw/bulletins/2017年广西水旱灾害公报.pdf,23,2,洪涝|洪水|暴雨|受灾|台风|超警|损失,日 20 时到 24 日 20 时，42 个国家级气象观测站录 得暴雨到大暴雨，8 月 22 日—25 日降雨量最大的为南宁市良庆区南晓镇 317 毫米、钦 州市钦南区大番坡 309 毫米。受台风影响，北流河上游、南流江上游等 11 条河流 14 个站出现超警洪水，最大超警 2.36 米。 据 8 月 22 日至 26 日统计，南宁市、梧州市、钦州市、贵港市,candidate_not_event
2017,Task_19/data/raw/bulletins/2017年广西水旱灾害公报.pdf,24,1,受灾|损失,收面积 受旱面积 成灾面积 绝收面积 广西 101.63 45.83 0.37 贵港市 13.25 8.96 0.09 南宁市 0.00 0.00 0.00 玉林市 0.00 0.00 0.00 柳州市 0.00 0.00 0.00 百色市 23.20 9.67 0.20 桂林市 7.86 2.92 0.07 贺州市 4.78 4.03 0.01 梧州市 6,candidate_not_event
2017,Task_19/data/raw/bulletins/2017年广西水旱灾害公报.pdf,25,1,受灾|损失,口 / 因旱饮水困难牲畜 / 地区 地区 万人 万头 万人 万头 广西 4.44 5.71 贵港市 0.00 0.20 南宁市 0.00 0.00 玉林市 0.00 0.02 柳州市 0.00 0.00 百色市 2.43 5.36 桂林市 0.00 0.03 贺州市 0.00 0.00 梧州市 0.00 0.04 河池市 2.01 0.00 北海市 0.00,candidate_not_event
2017,Task_19/data/raw/bulletins/2017年广西水旱灾害公报.pdf,37,1,洪水|暴雨|山洪|受灾|台风|强降雨|转移|淹没,前指挥、措施扎实， 特别是在台风来临前转移群众，实现了人员零伤亡。 实例 ：良庆区南晓镇山洪灾害防御 8 月 25 日，南宁市良庆区南晓镇遭受强降雨袭击，镇内 4 个雨量测站 6 小时实测雨量值均超过 100mm，暴雨迅速汇集，南晓镇遭受建镇以来最 大的洪水，导致那蒙江及其 3 条支流水位迅速暴涨，3 时 30 分左右洪水开 始淹没街道和村庄，6 时左右淹没,candidate_not_event
2017,Task_19/data/raw/bulletins/2017年广西水旱灾害公报.pdf,38,1,洪涝|暴雨|山洪|受灾|损失,四、防汛抗旱行动与防灾减灾成效 图 4-6 南宁市良庆区南晓镇山洪 实例 ：桂林市 6.30 洪灾抢险救援 6 月 30 日到 7 月初，桂林市频繁出现暴雨到特大暴雨天气过程，此次 洪涝灾害特别严重，部分县区降雨强度达到历史极值，主要江河及其支流 遭遇百年一遇洪峰水位，受灾范围几近涉及全市所有县区。大灾当前，桂 林市部分县区通讯中断、供电中断，且救援力量面临,candidate_not_event
2018,Task_19/data/raw/bulletins/2018年广西水旱灾害公报.pdf,9,1,洪涝|受灾|死亡|转移|损失,/ 万人 口/人 口/人 损失 / 亿元 合计 166.67 8 0 19.99 贵港市 22.15 0 0 0.70 南宁市 41.67 0 0 1.26 玉林市 20.29 2 0 2.41 柳州市 0.17 0 0 0.13 百色市 16.71 6 0 2.55 桂林市 5.37 0 0 2.82 贺州市 2.84 0 0 0.54 梧州市 16.58,candidate_not_event
2018,Task_19/data/raw/bulletins/2018年广西水旱灾害公报.pdf,10,1,洪涝|受灾|死亡|损失,千公顷 万吨 损失 / 亿元 损失 / 亿元 合计 197.74 55.19 8.02 12.10 5.15 8.20 南宁市 20.95 8.63 0.97 0.70 0.61 0.85 柳州市 0.11 0.08 0.00 0.00 0.01 0.02 桂林市 33.46 4.14 1.02 0.46 0.34 0.77 梧州市 6.26 3.59 0.,candidate_not_event
2018,Task_19/data/raw/bulletins/2018年广西水旱灾害公报.pdf,11,1,洪涝|受灾,地区 企业 / 个 条次 条次 时关停 / 个次 中断 / 条次 条次 合计 205 0 1169 0 897 579 南宁市 0 0 29 0 1 0 柳州市 0 0 42 0 0 2 桂林市 0 0 140 0 67 22 梧州市 163 0 154 0 125 272 北海市 0 0 0 0 22 0 防城港市 0 0 51 0 10 4 钦州市 0 ,candidate_not_event
2018,Task_19/data/raw/bulletins/2018年广西水旱灾害公报.pdf,12,1,洪涝|损失,元 大中型 / 座 小型 / 座 处数 / 处 长度 / 公里 合计 0 17 921 118.52 181 6.49 南宁市 0 0 1 0.10 0 0.03 柳州市 0 0 0 0 0 0.02 桂林市 0 0 477 55.92 0 1.45 梧州市 0 0 16 2.40 16 1.05 北海市 0 0 53 1.62 12 0.29 防城港市 0,candidate_not_event
2018,Task_19/data/raw/bulletins/2018年广西水旱灾害公报.pdf,17,3,洪涝|暴雨|台风|超警, 月 17—19 日，北部湾海面、 广西西南部及沿海地区出现较明显风雨天 气。其中北部湾海面出现旋转风 7~8 级、阵 南宁、防城港、 2 201809 山神 热带风暴 风 9 级的大风，沿海地区出现 5~6 级、阵风 钦州、百色、 7~9 级的大风，最大为钦州市钦南区 9 级（22.5 贺州、崇左 米 / 秒）。西南部和沿海地区出现中到大雨， 局部暴雨。1,candidate_not_event
2018,Task_19/data/raw/bulletins/2018年广西水旱灾害公报.pdf,18,2,洪涝|洪水|暴雨|受灾|强降雨|死亡|转移|损失,中九洲江、南流 江、北流河、马江、亚山河等 6 条河流 9 个站次出现超过警戒水位 0.02 ～ 0.87 米的洪水。 南宁、桂林、梧州、钦州、玉林 5 个市的 18 个县（市、区）101 个乡（镇、街道）受灾， 受灾人口 12.31 万人，转移人口 0.14 万人，因灾死亡 2 人，农作物受灾面积 7.83 千公顷， 倒塌房屋 139 间，直接经济损失 1,candidate_not_event
2018,Task_19/data/raw/bulletins/2018年广西水旱灾害公报.pdf,19,4,洪涝|洪水|暴雨|受灾|台风|强降雨|转移|损失,二、洪涝灾害 3．8 月下旬南宁等地暴雨洪涝灾害 8 月 28 日至 9 月 3 日，广西大部地区出现大雨到暴雨，局部出现大暴雨到特大暴 雨。降雨量超过 300 毫米的有 9 个县（区），降雨量 200 ～ 300 毫米的有 32 个县（区）、 100~200 毫米的有个 99 县（区），最大 24 小时降雨量梧州藤县大黎镇站 372 毫米。受 强降雨影响，,candidate_not_event
2018,Task_19/data/raw/bulletins/2018年广西水旱灾害公报.pdf,20,1,受灾|损失,面积 地区 受旱面积 成灾面积 绝收面积 合计 95.11 42.37 1.95 贵港市 3.97 0.00 0.00 南宁市 0.00 0.00 0.00 玉林市 9.14 0.17 0.00 柳州市 9.65 6.68 0.06 百色市 4.14 0.81 0.26 桂林市 18.21 8.52 0.27 贺州市 3.93 0.00 0.00 梧州市 0,candidate_not_event
2018,Task_19/data/raw/bulletins/2018年广西水旱灾害公报.pdf,21,1,受灾|损失,口 / 因旱饮水困难牲畜 / 地区 地区 万人 万头 万人 万头 合计 1.82 0.55 贵港市 0.00 0.00 南宁市 0.00 0.00 玉林市 0.00 0.00 柳州市 0.05 0.04 百色市 1.13 0.28 桂林市 0.00 0.00 贺州市 0.00 0.00 梧州市 0.00 0.00 河池市 0.00 0.00 北海市 0.00,candidate_not_event
2018,Task_19/data/raw/bulletins/2018年广西水旱灾害公报.pdf,30,1,洪涝|洪水|暴雨|台风|强降雨|超警,1 19 时 08-17 18 时 防御台风Ⅳ级 防御 201816 号台风“贝碧嘉” 北海、钦州、防城港、玉林、贵港、南宁、 崇左、梧州、贺州等市及百色南部的部分地 区有大雨到暴雨，局部大暴雨或短时雷雨大 6 08-29 19 时 09-03 9 时 洪涝灾害Ⅳ级 风等强对流天气。自治区大部江河将有明显 涨水过程，南部部分中小河流将出现超警戒 水位洪水 7,candidate_not_event
2019,Task_19/data/raw/bulletins/2019年广西水旱灾害公报.pdf,10,1,洪涝|受灾|转移|损失,/ 倒塌房屋/ 直接经济损失/ 地区 万人 万人 万间 亿元 合计 187.21 14.61 0.0913 49.81 南宁市 3.20 0.01 0 0.07 柳州市 16.30 0.27 0 4.26 桂林市 29.23 4.23 0.0559 17.66 梧州市 5.15 0.79 0.0018 3.17 北海市 11.35 4.11 0.0019 0,candidate_not_event
2019,Task_19/data/raw/bulletins/2019年广西水旱灾害公报.pdf,11,1,洪涝|受灾|死亡|损失,吨 损失/亿元 损失/万吨 损失/亿元 合计 47.10 22.40 3.85 1.76 0.76 1.48 3.39 南宁市 0 0 0 0 0 0 0 柳州市 0.68 0.01 0.002 0.0001 0.03 0 0 桂林市 6.37 2.72 0.67 0.14 0.04 0.43 1.95 梧州市 3.04 0.79 0.04 0.82 0.0,candidate_not_event
2019,Task_19/data/raw/bulletins/2019年广西水旱灾害公报.pdf,12,1,洪涝|受灾,/ 通信中断/ 地区 停产工矿企业/个 条次 条次 时关停/个次 条次 条次 合计 7 1 497 1 169 117 南宁市 0 0 0 0 0 0 柳州市 0 0 0 0 0 0 桂林市 0 0 5 0 26 4 梧州市 0 1 321 0 31 18 北海市 0 0 0 1 33 63 防城港市 6 0 17 0 49 14 钦州市 0 0 0 0 0,candidate_not_event
2019,Task_19/data/raw/bulletins/2019年广西水旱灾害公报.pdf,13,1,洪涝|损失, / 座 小型 / 座 处数 / 处 长度 / 千米 合计 0 13 686 124.93 883 104 11.75 南宁市 0 0 2 0.45 1 0 0.07 柳州市 0 5 0 0 230 1 0.35 桂林市 0 0 260 42.49 159 7 3.86 梧州市 0 0 25 3.11 126 25 0.93 北海市 0 0 56 1.195,candidate_not_event
2019,Task_19/data/raw/bulletins/2019年广西水旱灾害公报.pdf,16,1,洪涝|暴雨|受灾|台风|损失, 号台风“杨柳”，影响个数接近常年，影响时间集中在 7 月至 8 月，造成的损失偏轻。2019 年台风带来的强风暴雨造成南宁、梧州、北海、防城港、 钦州、贵港、玉林、河池、来宾、崇左等 10 市受灾，受灾人口 3.26 万人，农作物受灾 面积 30.29 千公顷，倒塌房屋 506 间，直接经济损失 3.50 亿元。2019 年影响广西的台 风基本情况见表 2,candidate_not_event
2019,Task_19/data/raw/bulletins/2019年广西水旱灾害公报.pdf,17,2,洪涝|暴雨|台风|强降雨,帕 9级 桂南部分地区和北部湾海面出现 7 ～ 9 级，阵 玉林市 风 10 ～ 12 级的大风。桂南大部地区出现暴雨 南宁市 到大暴雨，局部特大暴雨，累计降雨量超过 崇左市 300 毫米共有 3 个市的 9 个县（区）的 35 个乡 镇，最大为北海斜阳岛 446 毫米。 8 月 24 日 13 时在台湾省屏东县满州乡沿海登 陆，25 日 07 时 25 分,candidate_not_event
2019,Task_19/data/raw/bulletins/2019年广西水旱灾害公报.pdf,21,1,受灾|损失,表 3-1 作物受旱受灾统计表 单位 ：千公顷 地区 受旱面积 成灾面积 绝收面积 地区 受旱面积 成灾面积 绝收面积 南宁市 6.32 0 0 贵港市 4.81 1.56 0.29 柳州市 22.08 2.95 0.08 玉林市 4.63 0 0 桂林市 29.98 7.28 0.94 百色市 27.54 0.69 0.42 梧州市 14.1 2.28 0,candidate_not_event
2019,Task_19/data/raw/bulletins/2019年广西水旱灾害公报.pdf,22,1,受灾|损失,饮水困难 因旱饮水困难 因旱饮水困难 因旱饮水困难牲畜 地区 地区 人口（万人） 牲畜（万头） 人口（万人） （万头） 南宁市 1.93 0.11 贵港市 8.6 0.1 柳州市 6.7 1.29 玉林市 0 0.02 桂林市 2.95 3.05 百色市 5.26 1.36 梧州市 0 0 贺州市 1.02 0.05 北海市 0 0 河池市 0 0 防城港市,candidate_not_event
2019,Task_19/data/raw/bulletins/2019年广西水旱灾害公报.pdf,29,2,洪涝|洪水|暴雨|强降雨|超警, 05-26 15 时 05-30 10 时 洪涝灾害Ⅳ级 贺江上游、清水河等江河可能出现超警洪水；桂林、 柳州、河池、南宁、百色、沿海三市等地部分中 小河流可能出现 5 年一遇左右洪水。 我区北部河池、桂林、柳州三市的多乡镇出现了 大暴雨到特大暴雨，预计，12 日前强降雨持续影 响我区。受其影响，预计柳江上游、桂江、湘江、 2 06-08 15 时 06-,candidate_not_event
2019,Task_19/data/raw/bulletins/2019年广西水旱灾害公报.pdf,30,1,洪涝|洪水|暴雨|台风|强降雨|超警,洪水，自治区水文局已升级发 布洪水黄色预警。 预计受今年第 7 号台风“韦帕”影响，未来 5 天， 北海、钦州、防城港、南宁、崇左、百色、玉林、 贵港等大部江河将出现明显涨水过程，其中，未来 24 小时，南流江、九洲江等江河将出现明显涨水 9 07-31 21 时 08-07 9 时 洪涝灾害Ⅳ级 过程，部分支流可能出现超警洪水；未来 2 至 5 天， 桂南,candidate_not_event
2019,Task_19/data/raw/bulletins/2019年广西水旱灾害公报.pdf,34,1,洪涝|洪水|山洪|受灾|转移|损失,四、水旱灾害防御行动与防灾减灾成效 调度工作。 广西 14 个市水利局均设有水旱灾害防御机构。南宁、柳州、桂林、梧州、北海、 防城港、贵港、玉林、百色、贺州、河池、来宾、崇左 13 个市防汛抗旱指挥部及其办 公室职能均在今年上半年已转隶相应市应急管理局，其中北海、贵港、玉林市 2019 年 指挥部暂设在水利局。县一级水旱灾害防御职能，由水利部门承担的 90 ,candidate_not_event
2020,Task_19/data/raw/bulletins/2020年广西水旱灾害公报.pdf,9,1,洪涝|受灾|转移|损失,接经济损失 / 亿元 千公顷 合计 207.92 10.23 49.03 45.18 自治区本级 0 0 0 0.03 南宁市 2.73 0.3 0.64 0.22 柳州市 11.12 1.6 9.11 2.43 桂林市 82.84 5.9 25.15 30.77 梧州市 3.41 0.12 0.38 1.28 北海市 0 0 0 0.09 防城港市 0 0,candidate_not_event
2020,Task_19/data/raw/bulletins/2020年广西水旱灾害公报.pdf,10,1,洪涝|损失,28 1003 37 73 50 23 9 20.83 自治区本级 0 0 0 0 0 0 40 0 0 0 0.03 南宁市 0 0 15 3.58 1 7 0 0 3 0 0.11 柳州市 1 6 4 3.6 12 0 8 0 0 4 0.67 桂林市 0 4 588 74.54 597 10 2 30 12 4 16.33 梧州市 0 0 8 0.35,candidate_not_event
2020,Task_19/data/raw/bulletins/2020年广西水旱灾害公报.pdf,12,1,洪涝|受灾|损失,州、百色、柳州、河 池市，因洪涝灾害直接经济损失分别达 3.76 亿元、3.11 亿元、2.43 亿元、2.37 亿元，南宁、 梧州、北海、贵港、玉林、来宾市因洪涝灾害直接经济损失均小于 2 亿元，防城港、钦州、 崇左市未受灾。2020 年全区因洪涝直接经济损失分布见图 2-4。 图 2-4 2020 年全区因洪涝直接经济损失分布 8 ▲,candidate_not_event
2020,Task_19/data/raw/bulletins/2020年广西水旱灾害公报.pdf,14,5,洪涝|暴雨|受灾|台风|强降雨,（204.2 毫米）降水超过 百色市 200 毫米，100-200 毫米有防城港市的 4 个县（区）的 20 个乡镇， 南宁市 50-100 毫米有 8 个市的 25 个县 ( 区 ) 的 56 个乡镇。北部湾和沿 崇左市 海有 8 ～ 10 级的大风。 台风“海高斯”于 8 月 19 日 6 时许以近巅峰强度在广东省珠海 市金湾区沿海登陆，登陆时中心附近最,candidate_not_event
2020,Task_19/data/raw/bulletins/2020年广西水旱灾害公报.pdf,19,1,洪涝|洪水|暴雨|受灾|强降雨|转移|损失,反复受灾。据水利 部门统计，截至 6 月 10 日，强降雨洪水造成我区桂林、河池、贺州、柳州、玉林、梧 州、北海、百色、南宁、贵港等 10 市 53 个县（市、区）263 个乡（镇、街道）严重受灾。 灾害造成 175.48 万人受灾，紧急转移 7.89 万人，农作物受灾面积 43.28 千公顷，直接 经济总损失 35.90 亿元。 持续的强暴雨洪水造成大批堤,candidate_not_event
2020,Task_19/data/raw/bulletins/2020年广西水旱灾害公报.pdf,20,1,受灾|损失, 单位 ：千公顷 地区 受旱面积 受灾面积 成灾面积 绝收面积 合计 249.46 185.50 81.31 2.67 南宁市 0 0 0 0 柳州市 7.86 4.06 1.63 0.03 桂林市 0 0 0 0 梧州市 16.05 16.05 16.05 0 北海市 22.88 22.88 2.97 0 防城港市 0.34 0.24 0.09 0 钦州市,candidate_not_event
2020,Task_19/data/raw/bulletins/2020年广西水旱灾害公报.pdf,21,1,受灾,饮水困难 因旱饮水困难 因旱饮水困难 因旱饮水困难 地区 地区 人口（万人） 牲畜（万头） 人口（万人） 牲畜（万头） 南宁市 0 0 贵港市 0.13 0.0026 柳州市 0.04 0.16 玉林市 0 0.05 桂林市 0 0 百色市 2.62 0.36 梧州市 18.47 0.03 贺州市 0 0 北海市 1.25 0.80 河池市 0 0 防城港市,candidate_not_event
2020,Task_19/data/raw/bulletins/2020年广西水旱灾害公报.pdf,28,2,洪涝|洪水|暴雨|山洪|强降雨|超警, 30 分 11 时 部分河流已出现超警洪水。预计，未来两天强降雨将持续影 响桂南等地，影响区河流水位将继续上涨，崇左、南宁、防 城港、钦州、北海、贵港、玉林、梧州、百色等市发生山洪 灾害可能性较大。 受低层切变线和弱冷空气共同影响，20 日晚至 21 日上午， 我区已出现强降雨天气，桂林、柳州等市出现强降雨，强降 05-21 05-22 雨区河流出现涨水过,candidate_not_event
2021,Task_19/data/raw/bulletins/2021年广西水旱灾害公报.pdf,8,1,洪涝|损失, 1-5 2021 年广西洪涝灾害水利设施损失分布图 2021 年广西为轻旱年，干旱灾害呈阶段性、局部性的特点。全区共有南宁、柳州、 桂林、北海、贵港、玉林、百色、贺州、河池、来宾、崇左等 11 个市 63 个县（市、区） 出现旱情，受旱面积、因旱饮水困难人口、直接经济损失占当年 GDP 分别比 2000-2020 年平均值少 44.3%、91.1%、87.,candidate_not_event
2021,Task_19/data/raw/bulletins/2021年广西水旱灾害公报.pdf,9,1,洪涝|受灾|转移|损失, 千公顷 直接经济损失 / 亿元 合计 49.44 1.93 6.00 13.56 自治区本级 0 0 0 0.022 南宁市 6.62 0.0221 3.22 0.30 柳州市 2.92 1.28 0.49 1.76 桂林市 9.33 0.34 9.60 5.39 梧州市 2.17 0.0005 0.74 0.31 北海市 1.81 0 1.38 0.97,candidate_not_event
2021,Task_19/data/raw/bulletins/2021年广西水旱灾害公报.pdf,10,1,洪涝|损失,.85 482 254 51 4 19 4 7.72 自治区本级 0 0 0 0 0 0 20 0 0 0 0.022 南宁市 0 0 3 0.030 3 5 0 0 3 0 0.069 柳州市 0 0 2 0.452 25 1 0 0 0 0 1.05 桂林市 0 0 694 22.22 249 3 2 0 0 2 3.03 梧州市 0 0 0 0.00 ,candidate_not_event
2021,Task_19/data/raw/bulletins/2021年广西水旱灾害公报.pdf,13,3,洪涝|暴雨|受灾|台风|损失, 号 影响广西情况 受灾区域 台风“查帕卡”于 7 月 21 日 17 时前后从玉林市陆川县进入广 西后穿过浦北、横州、南宁城区、上思、防城区，历经 39 小时后， 南宁市、 于 23 日 08 时南落进入北部湾海面。23 日上午起对我区陆地的 梧州市、 影响趋于结束。7 月 21 日至 23 日，防城港、北海、钦州、南宁、 北海市、 崇左、玉林、贵港、梧州,candidate_not_event
2021,Task_19/data/raw/bulletins/2021年广西水旱灾害公报.pdf,14,2,洪涝|暴雨|受灾|台风|强降雨,称 风力 号 影响广西情况 受灾区域 台风“狮子山”于 10 月 8 日 22 时 50 分在海南省琼海市登陆，9 日 南宁市、 下午进入北部湾，10 日 16 时 20 分在越南北部沿海再次登陆，强度 桂林市、 逐渐减弱，中央气象台 10 日 20 时对其停止编号。受台风“狮子山” 梧州市、 影响，广西桂南桂西地区大到暴雨，局部大暴雨到特大暴雨的天气， 北,candidate_not_event
2021,Task_19/data/raw/bulletins/2021年广西水旱灾害公报.pdf,16,1,洪涝|洪水|受灾|强降雨|超警|转移|损失,分地区严重洪涝损失，桂北大部分市县受灾严重。据水利 部门统计，截至 7 月 5 日，强降雨洪水造成我区桂林、柳州、河池、南宁、钦州、百色、 贺州等 7 市 36 个县（市、区）193 个乡（镇、街道）受灾。灾害造成 17.51 万人受灾， 紧急转移 1.74 万人，农作物受灾面积 6.32 千公顷，直接经济总损失 6.47 亿元，其中因 洪涝造成的水利设施直,candidate_not_event
2021,Task_19/data/raw/bulletins/2021年广西水旱灾害公报.pdf,17,2,受灾|损失,三、干旱灾害 三、干旱灾害 （一）基本情况 2021 年，全区共有南宁、柳州、桂林、北海、贵港、玉林、百色、贺州、河池、 来宾、崇左等 11 个市 63 个县（市、区）出现旱情。累计 9.53 万人、0.14 万头大牲畜 因旱临时饮水困难 ；作物受旱面积 344.84 千公顷，受灾面积 175.14 千公顷，成灾面积 36.55 千公顷，绝收面积 3.37 ,candidate_not_event
2021,Task_19/data/raw/bulletins/2021年广西水旱灾害公报.pdf,18,1,损失,饮水困难人口 因旱饮水困难牲畜 因旱饮水困难人口 因旱饮水困难牲 地区 地区 （万人） （万头） （万人） 畜（万头） 南宁市 1.88 0 贵港市 0.1 0 柳州市 1.16 0.08 玉林市 0 0 桂林市 0.05 0 百色市 0.22 0.04 梧州市 0 0 贺州市 0.39 0 北海市 0 0 河池市 3.1 0 防城港市 0 0 来宾市 2.,candidate_not_event
2021,Task_19/data/raw/bulletins/2021年广西水旱灾害公报.pdf,24,7,洪涝|洪水|暴雨|强降雨|超警,计表 序号 启动时间 结束时间 启动级别 事件说明 气象部门预报未来 24 小时，桂林、柳州、贺州、来宾、河池、百色、 南宁、崇左及贵港、梧州两市北部的部分地区有大雨到暴雨，广西 气象台已发布暴雨蓝色预警。水文部门预计，未来一周：柳江上游 1 05-16 20 时 05-21 12 时 洪涝灾害Ⅳ级 及支流龙江、古宜河、洛清江、桂江及红水河部分支流可能出现超,candidate_not_event
2021,Task_19/data/raw/bulletins/2021年广西水旱灾害公报.pdf,25,2,洪涝|洪水|暴雨|台风,压，21 日 傍晚到夜间进入玉林市南部，明天傍晚前后向南移入北部湾海面。 受其影响，未来 24 小时，玉林、贵港、来宾、南宁、钦州、北海、 防城港、崇左等市的部分地区有大雨到暴雨，局部大暴雨并伴有短 6 07-21 17 时 07-23 18 时 洪涝灾害Ⅳ级 时雷暴大风等强对流天气，广西气象台已发布暴雨蓝色预警。水文 部门预计南流江、北流河、九洲江、左江支,candidate_not_event
2022,Task_19/data/raw/bulletins/2022年广西水旱灾害公报.pdf,6,1,洪水|台风|超警|损失,同程度的旱情；8~12 月， 受高温少雨天气影响，广西遭受了夏秋冬三季连旱，桂中、桂东部分地区水库蓄水严重 不足，影响到南宁、桂林、柳州、贺州、河池、来宾 6 个市 30 个县（区）。 2022 年，桂江、柳江、湘江、洛清江、贺江及西江中下游等 145 条河流 225 个站 474 站次出现超警 0.01～5.88 米的洪水，最大超警为桂江苍梧县京南镇河段。,candidate_not_event
2022,Task_19/data/raw/bulletins/2022年广西水旱灾害公报.pdf,8,1,洪涝|损失,2 年广西洪涝灾害水利设施损失分布图 2022 年，广西为造成的损失较轻旱年，干旱灾害呈阶段性、局部性的特点。全区共 有南宁、桂林、柳州、贺州、河池、来宾、贵港等 7 个市 31 个县（区）出现旱情，受 旱面积、因旱饮水困难人口、直接经济损失占当年 GDP 分别比 2000-2021 年平均值少 75.7%、99.1%、92.7%。2022 年干旱灾害直接经,candidate_not_event
2022,Task_19/data/raw/bulletins/2022年广西水旱灾害公报.pdf,10,1,洪涝|受灾|转移|损失, 万人 万人 千公顷 亿元 合计 260.95 16.87 251.52 84.23 自治区本级 0 0 0 0.15 南宁市 0.10 0 1.14 0.26 柳州市 10.79 1.14 6.59 10.71 桂林市 98.39 11.78 68.50 45.70 梧州市 0.96 0.0086 0.45 0.67 北海市 0 0 0.01 0.86 防,candidate_not_event
2022,Task_19/data/raw/bulletins/2022年广西水旱灾害公报.pdf,11,1,洪涝|受灾|损失,755 763 334 50 117 4 27.44 自治区本级 0 0 0 0 0 0 250 0 0 0 0.15 南宁市 0 0 5 0.40 0 4 0 0 1 0 0.22 柳州市 0 5 16 0.80 132 2 26 35 27 1 5.19 桂林市 0 0 1078 136.41 2024 77 1 0 22 0 12.76 梧州市 0 0,candidate_not_event
2022,Task_19/data/raw/bulletins/2022年广西水旱灾害公报.pdf,13,1,洪涝|损失,损失达 67.08 亿元，占全区的 79.6%，贵港市、 玉林市、贺州市、河池市因洪涝灾害直接经济损失为 2~4 亿元，南宁市、梧州市、北海 市、防城港市、钦州市、百色市、崇左市小于 1 亿元。2022 年全区因洪涝直接经济损失 分布见图 2-4。 10,candidate_not_event
2022,Task_19/data/raw/bulletins/2022年广西水旱灾害公报.pdf,15,2,暴雨|受灾|台风,木兰”在越南广宁省境内减弱为热带低压，11 日 8 时中央 台对“木兰”停止编号。受其影响，桂南部分地区有大雨到暴雨、 南宁、梧州、 2 202207 木兰 8级 局地大暴雨，我区其它地区多云有分散阵雨或雷雨，局地中 防城港 到大雨。8 月 9 日 20 时-12 日 08 时，累计雨量超过 250 毫米 为玉林市博白县宁潭镇 270 毫米， 100-250,candidate_not_event
2022,Task_19/data/raw/bulletins/2022年广西水旱灾害公报.pdf,19,2,受灾|损失,三、干旱灾害 （一）基本情况 2022 年，全区共有南宁、桂林、柳州、贺州、河池、来宾、贵港等 7 个市 31 个县 （区）出现旱情。累计 0.91 万人、0.10 万头大牲畜因旱临时饮水困难；作物受旱面积 142.37 千公顷，受灾面积 57.71 千公顷，成灾面积 38.29 千公顷，绝收面积 3.08 千公顷； 因旱直接经济损失 5.22 亿元，占当年,candidate_not_event
2022,Task_19/data/raw/bulletins/2022年广西水旱灾害公报.pdf,20,1,损失,饮水困难人口 因旱饮水困难牲畜 因旱饮水困难人口 因旱饮水困难牲畜 地区 地区 （万人） （万头） （万人） （万头） 南宁市 0 0 贵港市 0.008 0 柳州市 0.62 0.002 玉林市 0 0 桂林市 0 0 百色市 0 0 梧州市 0 0 贺州市 0.23 0 北海市 0 0 河池市 0.02 0.09 防城港市 0 0 来宾市 0.04 0.,candidate_not_event
2022,Task_19/data/raw/bulletins/2022年广西水旱灾害公报.pdf,25,2,洪涝|洪水|暴雨|台风|强降雨|超警,戒水位洪水。 据气象部门预测，27 日白天到晚上，桂北、桂中仍有较强降雨，其 中百色、河池、柳州、桂林、来宾、贺州等市及南宁、崇左两市北 部的部分地区有中到大雨，局部暴雨到大暴雨并伴有短时雷暴大风 2 05-27 14 时 06-04 13 时 洪涝灾害Ⅳ级 等强对流天气。水文部门预计，贺州、桂林、柳州、河池、来宾等 市部分江河可能出现明显涨水过程，部分中小,candidate_not_event
2022,Task_19/data/raw/bulletins/2022年广西水旱灾害公报.pdf,27,3,洪涝|洪水|暴雨|台风|强降雨|超警,中小河流可能出现超 20 年一遇洪 水 据气象部门预测，未来 24 小时，北海、钦州、防城港、玉林、梧州、 贵港、来宾、南宁等市的部分地区有暴雨、局部大暴雨到特大暴雨。 12 07-02 12 时 07-04 20 时 洪涝灾害Ⅲ级 广西气象台于 7 月 2 日 9 时发布暴雨橙色预警。将洪水防御 IV 级应 急响应提升为Ⅲ级应急响应。 据气象水文部门预测分,candidate_not_event
2022,Task_19/data/raw/bulletins/2022年广西水旱灾害公报.pdf,30,1,洪涝|洪水|山洪,重防汛典型案例的宣传报道，在发布水情预警信息的同 时，通过广西水利厅官方网站生动通俗的发布洪水防御提醒及防洪避灾知识。在南宁市 武鸣区举办了“我为群众办实事”山洪灾害防御知识宣传活动，与当地政府部门就落实 防汛抗旱、山洪灾害防御的措施进行交流，并对抗旱水源及水库度汛等进行了现场指导。 7．专项工作 实施年度水毁修复项目建设、山洪灾害防治项目建设及非工程措施设,candidate_not_event
2023,Task_19/data/raw/bulletins/2023年广西水旱灾害公报.pdf,8,2,损失,一、综述 2023 年，干旱灾害为一般年。总体较轻、局地较重，全区共有百色、钦州、来 宾、南宁、梧州、贵港、贺州、崇左、玉林、柳州、河池等 11 个市 53 个县（区）出 现不同程度旱情，旱情最重时全区共有崇左、百色、河池、南宁、柳州等地发生较大 范围临时因旱饮水困难。全年作物受旱面积、因旱饮水困难人口、直接经济损失占当 年 GDP 分别比 2000—202,candidate_not_event
2023,Task_19/data/raw/bulletins/2023年广西水旱灾害公报.pdf,9,1,洪涝|受灾|转移|损失, 千公顷 直接经济损失 / 亿元 合计 78.94 3.96 44.95 20.25 自治区本级 0 0 0 0.07 南宁市 0.0004 0.0004 0.02 0.15 柳州市 1.86 0 0.01 0.17 桂林市 11.88 0.17 4.97 4.48 梧州市 4.48 0.068 0.61 2.03 北海市 31.41 2.59 23.30 ,candidate_not_event
2023,Task_19/data/raw/bulletins/2023年广西水旱灾害公报.pdf,10,1,洪涝|损失, 1601 229 135 4 6 23 14.91 自治区本级 0 0 0 0 0 0 126 0 0 0 0.07 南宁市 0 2 16 1.46 0 1 0 1 0 0 0.15 柳州市 0 0 0 0 11 0 0 0 0 0 0.12 桂林市 0 0 179 66.48 438 4 0 0 0 0 2.63 梧州市 0 21 3 0.07 554 ,candidate_not_event
2023,Task_19/data/raw/bulletins/2023年广西水旱灾害公报.pdf,21,2,受灾|损失,广西水旱灾害公报 2023 三、干旱灾害 （一）基本情况 2023 年，广西共有百色、钦州、来宾、南宁、梧州、贵港、贺州、崇左、玉林、柳州、 河池等 11 个市 53 个县（区）出现不同程度旱情。累计 14.90 万人、2.67 万头大牲畜因 旱临时饮水困难 ；作物受旱面积 26.52 千公顷，受灾面积 12.78 千公顷，成灾面积 8.13 千公顷，绝收面,candidate_not_event
2023,Task_19/data/raw/bulletins/2023年广西水旱灾害公报.pdf,22,1,损失,饮水困难人口 因旱饮水困难牲畜 因旱饮水困难人口 因旱饮水困难牲畜 地区 地区 （万人） （万头） （万人） （万头） 南宁市 1.67 0 贵港市 0 0 柳州市 0.40 0 玉林市 0 0 桂林市 0 0 百色市 9.25 2.63 梧州市 0 0 贺州市 0 0 北海市 0 0 河池市 1.12 0 防城港市 0 0 来宾市 0 0 钦州市 0 0 ,candidate_not_event
2023,Task_19/data/raw/bulletins/2023年广西水旱灾害公报.pdf,23,1,损失,293.8 毫米，接近常年同期，桂北部分地区仍偏少 3 成以上。旱情最重时，6 月 15 日全 区共有崇左、百色、河池、南宁、柳州 5 市 28 个县（市、区）出现旱情。 2023 年广西各地因旱成灾面积分布见图 3-4、图 3-5。 18 ▲,candidate_not_event
2023,Task_19/data/raw/bulletins/2023年广西水旱灾害公报.pdf,25,3,强降雨,生春旱，主要原因是受 2022 年秋冬以来旱情影响，桂中、桂东部分 地区水库蓄水严重不足。旱情最重时，1 月 6 日统计南宁、柳州、百色、河池、来宾共 有受旱灾影响人口 11356 人，其中因旱造成柳州市临时人饮困难 617 人。2 月 9 日以后， 受降雨影响，因旱饮水困难人数清零。 2． 4 ～ 6 月桂西北、桂中地区夏旱 4 月上旬，广西平均降雨量 2,candidate_not_event
2023,Task_19/data/raw/bulletins/2023年广西水旱灾害公报.pdf,27,1,洪涝|洪水|山洪|强降雨,14 时 05-14 10 时 洪涝灾害Ⅳ级 降雨将影响防城港、钦州、北海、玉林、梧州、贵港、来宾、 崇左、柳州、百色、南宁等市。据水文部门预测，南流江、北 流河、九洲江、钦江等江河可能出现 1 ～ 3 米的涨水过程，桂东、 桂南部分中小河流可能出现警戒水位左右的洪水。 受持续高温少雨天气影响，我区各地出现了不同程度的干旱， 2 06-05 21 时 06-,candidate_not_event
2023,Task_19/data/raw/bulletins/2023年广西水旱灾害公报.pdf,29,2,洪涝|洪水|暴雨|山洪|台风|强降雨|超警,河、防城河、茅岭江、大风江、 北流河上游及左江支流明江等江河可能出现警戒水位左右洪水， 防城港、钦州、北海、玉林、崇左、南宁及百色等市暴雨区部 分中小河流可能出现超警洪水。 据气象水文部门监测预报，受今年第 9 号台风“苏拉”影响，9 月 2 日以来，桂东、桂东南等地区已出现大雨到暴雨、局地大暴 雨到特大暴雨天气过程。北流河上游及支流杨梅河、义昌河、黄 11,candidate_not_event
