name,city,county,address,entity_type,node_type,physical_site_confirmed,storage_confirmed,address_precision,evidence_level,address_confidence,geocode_ready,geocode_query,source_url,source_note
南宁市储备粮管理有限责任公司五象粮库,南宁市,良庆区,南宁市良庆区沙河路8号,physical_site,grain_depot,true,true,door_number,A,high,true,南宁市良庆区沙河路8号 南宁市储备粮管理有限责任公司五象粮库,https://www.cqn.com.cn/pp/content/2022-09/07/content_8859152.htm,南宁市市场监督管理局飞行检查信息明确给出五象粮库生产地址为沙河路8号。
南宁市储备粮管理有限责任公司沙井粮库,南宁市,江南区,南宁市江南区旱塘路9号,physical_site,grain_depot,true,true,door_number,A,high,true,南宁市江南区旱塘路9号 南宁市储备粮管理有限责任公司沙井粮库,https://finance.sina.cn/2024-12-19/detail-inczysvv6884104.d.html,2024年食品安全监督抽检信息中生产者为沙井粮库，地址为旱塘路9号；2026年威宁集团采购公告亦指向该粮库。
南宁市邕宁区粮食储备库,南宁市,邕宁区,南宁市邕宁区蒲庙镇蒲津路100号,physical_site,grain_depot,true,true,door_number,B,medium,true,南宁市邕宁区蒲庙镇蒲津路100号 南宁市邕宁区粮食储备库,https://s.zhaobiao.cn/search_q_06010009_qs_b_s_0404_pro_450000_f_02_d_02_p_1.html,企业信息聚合页列明储备库地址及粮食收购、仓储经营范围；建议地理编码后保留人工复核标记。
南宁市江丰粮食收储管理中心,南宁市,江南区,南宁市江南区苏圩镇团结路2号,physical_site,grain_reserve,true,true,door_number,A,high,true,南宁市江南区苏圩镇团结路2号 南宁市江丰粮食收储管理中心,https://www.nnjn.gov.cn/xxgk/xxgkml/zdjsxmpzhsslygk/xmztbxx_/t5929156.html,江南区政府中心粮食储备库项目公告明确给出招标人及地址。
横州市六景粮食储备中心库（良圻库区）,南宁市,横州市,横州市六景镇良圻农场（良圻库区）,physical_site,grain_depot,true,true,site_area,A,medium,true,横州市六景镇良圻农场 六景粮食储备中心库 良圻库区,https://www.gxhx.gov.cn/yw/tzgg/qtgg/t6217618.html,横州市政府2024年报告确认六景粮食储备中心库及良圻库区当前承担粮食储备/产后服务；公开项目资料将项目位置指向六景镇良圻农场。
马山县储备粮管理公司周鹿镇粮油网点19号仓库,南宁市,马山县,马山县周鹿镇周鹿粮所（周鹿镇粮油网点19号仓库）,physical_site,grain_depot,true,true,site_town,A,medium,true,马山县周鹿镇周鹿粮所 周鹿镇粮油网点 19号仓库,https://www.gxjjw.gov.cn/mobile/article.php?articleid=167906,广西纪检监察公开报道明确出现周鹿镇粮油网点19号仓库及储备粮；未找到可靠门牌号，因此不虚构。
隆安县粮食收储有限责任公司古潭仓储点,南宁市,隆安县,隆安县古潭乡水果街28-1号,physical_site,grain_reserve,true,true,door_number,A,high,true,隆安县古潭乡水果街28-1号 隆安县粮食收储有限责任公司,https://lax.gov.cn/zlzt_gd/gtj_gtxxgkzlgd/gttzgg/t1618466.html,隆安县不动产首次登记公告明确给出地址，土地用途为仓储用地。
上林县安恒储备粮管理有限公司澄泰分公司1号仓库,南宁市,上林县,上林县澄泰乡澄泰社区澄泰街312号,physical_site,grain_depot,true,true,door_number,A,high,true,上林县澄泰乡澄泰社区澄泰街312号 安恒储备粮 澄泰分公司1号仓库,https://www.shanglin.gov.cn/yw/tzgg/t6521222.html,上林县政府建设项目公告明确为绿色低温仓储设施建设项目澄泰分公司1号仓库工程，并给出地址。
上林县安恒储备粮管理有限公司三里分公司,南宁市,上林县,上林县三里镇三里街（三里分公司库区）,physical_site,grain_reserve,true,true,street,A,medium,true,上林县三里镇三里街 上林县安恒储备粮管理有限公司三里分公司,https://jxpub.nntv.cn/a/202411/15/AP673724575e0e05680f05cb08.html | https://m.qiyeku.cn/hy900640,2024年南宁市融媒体报道确认三里分公司现有库房、收购和入库活动；原三里粮所公开企业资料给出地址为三里街。门牌号未找到，因此按街道级地址输出。
上林县安恒储备粮管理有限公司塘红分公司仓库,南宁市,上林县,上林县塘红乡塘红街6号,physical_site,grain_depot,true,true,door_number,A,high,true,上林县塘红乡塘红街6号 安恒储备粮 塘红分公司仓库,https://www.dscq.com/packageDetails/181c7bf2ea4247d4ad9467691df35e20.shtml,广西联合产权交易相关项目披露塘红分公司1、3仓及2仓；前期核验到坐落位置为塘红街6号。
上林县安恒储备粮管理有限公司乔贤分公司（原乔贤粮所）,南宁市,上林县,上林县乔贤镇乔贤街木山路口（原乔贤粮所）,physical_site,grain_reserve,true,true,street_landmark,B,medium,true,上林县乔贤镇乔贤街木山路口 原乔贤粮所 安恒储备粮乔贤分公司,https://www.qixin.com/name/e69e97e4b88ae4b994,企业信息源给出原乔贤粮所位置为乔贤街木山路口；政府不动产资料证明安恒公司持有原乔贤粮所土地资产。
上林县安恒储备粮管理有限公司镇圩分公司（原镇圩粮所）,南宁市,上林县,上林县镇圩瑶族乡镇圩街（原镇圩粮所）,physical_site,grain_reserve,true,true,street,B,medium,true,上林县镇圩瑶族乡镇圩街 原镇圩粮所 安恒储备粮镇圩分公司,https://nanning.11467.com/shanglin/,历史企业目录给出镇圩粮所地址为镇圩街；2024官方不动产资料证明安恒公司持有原镇圩粮所土地资产。未找到可靠门牌号。
广西壮族自治区南宁粮食储备库有限公司,南宁市,江南区,南宁市江南区壮锦大道10号,physical_site,grain_depot,true,true,door_number,A,high,true,南宁市江南区壮锦大道10号 广西壮族自治区南宁粮食储备库有限公司,https://ggzy.jgswj.gxzf.gov.cn/jyxx/001001/001001001/001001001001/20251010/82365d96-5fda-452c-a986-3d733f79eb07.html,广西公共资源交易平台2025年粮库仓房升级改造项目明确建设地点为壮锦大道10号，并涉及10间仓房。
