dataset,file,type,satellite,sensor,acquire_time,cloud_cover,resolution,width,height,bands,dtype,crs,res_x,res_y,size_mb,top_left_lat,top_left_lon,top_right_lat,top_right_lon,bottom_left_lat,bottom_left_lon,bottom_right_lat,bottom_right_lon,error
0511_LT1B,LT1B_MONO_KSC_STRIP1_022825_E109.0_N23.1_20260511_GEC_HH_L2_0001191892.meta.xml,xml_meta,,SAR,,,,,,,,,,,,,,,,,,,,
0511_LT1B,LT1B_MONO_KSC_STRIP1_022825_E109.0_N23.1_20260511_GEC_HH_L2_0001191892.tiff,image,,,,,,21563,22976,1,uint16,"PROJCS[""Projection Name = UTMUnits = Meter"",GEOGCS[""WGS 84"",DATUM[""WGS_1984"",SPHEROID[""unnamed"",6378137,298.257164354493],AUTHORITY[""EPSG"",""6326""]],PRIMEM[""Greenwich"",0],UNIT[""degree"",0.0174532925199433,AUTHORITY[""EPSG"",""9122""]],AUTHORITY[""EPSG"",""4326""]],PROJECTION[""Transverse_Mercator""],PARAMETER[""latitude_of_origin"",23.149746753889],PARAMETER[""central_meridian"",108.979797581523],PARAMETER[""scale_factor"",0.9996],PARAMETER[""false_easting"",400000],PARAMETER[""false_northing"",100000],UNIT[""metre"",1,AUTHORITY[""EPSG"",""9001""]],AXIS[""Easting"",EAST],AXIS[""Northing"",NORTH]]",3.0,3.0,991.0,,,,,,,,,
0511_LT1B,LT1B_MONO_KSC_STRIP1_022825_E109.1_N22.7_20260511_GEC_HH_L2_0001191891.meta.xml,xml_meta,,SAR,,,,,,,,,,,,,,,,,,,,
0511_LT1B,LT1B_MONO_KSC_STRIP1_022825_E109.1_N22.7_20260511_GEC_HH_L2_0001191891.tiff,image,,,,,,21560,22978,1,uint16,"PROJCS[""Projection Name = UTMUnits = Meter"",GEOGCS[""WGS 84"",DATUM[""WGS_1984"",SPHEROID[""unnamed"",6378137,298.257164354493],AUTHORITY[""EPSG"",""6326""]],PRIMEM[""Greenwich"",0],UNIT[""degree"",0.0174532925199433,AUTHORITY[""EPSG"",""9122""]],AUTHORITY[""EPSG"",""4326""]],PROJECTION[""Transverse_Mercator""],PARAMETER[""latitude_of_origin"",22.6689214896534],PARAMETER[""central_meridian"",109.080616209576],PARAMETER[""scale_factor"",0.9996],PARAMETER[""false_easting"",400000],PARAMETER[""false_northing"",100000],UNIT[""metre"",1,AUTHORITY[""EPSG"",""9001""]],AXIS[""Easting"",EAST],AXIS[""Northing"",NORTH]]",3.0,3.0,991.0,,,,,,,,,
0603_GF3B,GF3B_MH1_FSII_023833_E108.8_N23.4_20260603_L2_HHHV_L20001475311.meta.xml,xml_meta,GF3B,,NULL,,,,,,,,,,,,,,,,,,,
0603_GF3B,GF3B_MH1_FSII_023833_E108.8_N23.4_20260603_L2_HH_L20001475311.tiff,image,,,,,,26796,29214,1,uint16,"PROJCS[""Projection Name = UTMUnits = Meter"",GEOGCS[""WGS 84"",DATUM[""WGS_1984"",SPHEROID[""unnamed"",6378231.69753265,298.261592640928],AUTHORITY[""EPSG"",""6326""]],PRIMEM[""Greenwich"",0],UNIT[""degree"",0.0174532925199433,AUTHORITY[""EPSG"",""9122""]],AUTHORITY[""EPSG"",""4326""]],PROJECTION[""Transverse_Mercator""],PARAMETER[""latitude_of_origin"",23.4204952924627],PARAMETER[""central_meridian"",108.795340573932],PARAMETER[""scale_factor"",0.9996],PARAMETER[""false_easting"",400000],PARAMETER[""false_northing"",100000],UNIT[""metre"",1,AUTHORITY[""EPSG"",""9001""]],AXIS[""Easting"",EAST],AXIS[""Northing"",NORTH]]",5.0,5.0,1565.9,,,,,,,,,
0603_GF3B,GF3B_MH1_FSII_023833_E108.8_N23.4_20260603_L2_HV_L20001475311.tiff,image,,,,,,26796,29214,1,uint16,"PROJCS[""Projection Name = UTMUnits = Meter"",GEOGCS[""WGS 84"",DATUM[""WGS_1984"",SPHEROID[""unnamed"",6378231.69753265,298.261592640928],AUTHORITY[""EPSG"",""6326""]],PRIMEM[""Greenwich"",0],UNIT[""degree"",0.0174532925199433,AUTHORITY[""EPSG"",""9122""]],AUTHORITY[""EPSG"",""4326""]],PROJECTION[""Transverse_Mercator""],PARAMETER[""latitude_of_origin"",23.4204952924627],PARAMETER[""central_meridian"",108.795340573932],PARAMETER[""scale_factor"",0.9996],PARAMETER[""false_easting"",400000],PARAMETER[""false_northing"",100000],UNIT[""metre"",1,AUTHORITY[""EPSG"",""9001""]],AXIS[""Easting"",EAST],AXIS[""Northing"",NORTH]]",5.0,5.0,1565.9,,,,,,,,,
0706_LT1B,LT1B_MONO_KSC_STRIP1_023658_E109.0_N23.1_20260706_GEC_HH_L2_0001192210.meta.xml,xml_meta,,SAR,,,,,,,,,,,,,,,,,,,,
0706_LT1B,LT1B_MONO_KSC_STRIP1_023658_E109.0_N23.1_20260706_GEC_HH_L2_0001192210.tiff,image,,,,,,21602,22997,1,uint16,"PROJCS[""Projection Name = UTMUnits = Meter"",GEOGCS[""WGS 84"",DATUM[""WGS_1984"",SPHEROID[""unnamed"",6378137,298.257164354493],AUTHORITY[""EPSG"",""6326""]],PRIMEM[""Greenwich"",0],UNIT[""degree"",0.0174532925199433,AUTHORITY[""EPSG"",""9122""]],AUTHORITY[""EPSG"",""4326""]],PROJECTION[""Transverse_Mercator""],PARAMETER[""latitude_of_origin"",23.1499676093611],PARAMETER[""central_meridian"",108.977833701278],PARAMETER[""scale_factor"",0.9996],PARAMETER[""false_easting"",400000],PARAMETER[""false_northing"",100000],UNIT[""metre"",1,AUTHORITY[""EPSG"",""9001""]],AXIS[""Easting"",EAST],AXIS[""Northing"",NORTH]]",3.0,3.0,993.7,,,,,,,,,
0706_LT1B,LT1B_MONO_KSC_STRIP1_023658_E109.1_N22.7_20260706_GEC_HH_L2_0001192211.meta.xml,xml_meta,,SAR,,,,,,,,,,,,,,,,,,,,
0706_LT1B,LT1B_MONO_KSC_STRIP1_023658_E109.1_N22.7_20260706_GEC_HH_L2_0001192211.tiff,image,,,,,,21600,23003,1,uint16,"PROJCS[""Projection Name = UTMUnits = Meter"",GEOGCS[""WGS 84"",DATUM[""WGS_1984"",SPHEROID[""unnamed"",6378137,298.257164354493],AUTHORITY[""EPSG"",""6326""]],PRIMEM[""Greenwich"",0],UNIT[""degree"",0.0174532925199433,AUTHORITY[""EPSG"",""9122""]],AUTHORITY[""EPSG"",""4326""]],PROJECTION[""Transverse_Mercator""],PARAMETER[""latitude_of_origin"",22.669126590262],PARAMETER[""central_meridian"",109.07863863472],PARAMETER[""scale_factor"",0.9996],PARAMETER[""false_easting"",400000],PARAMETER[""false_northing"",100000],UNIT[""metre"",1,AUTHORITY[""EPSG"",""9001""]],AXIS[""Easting"",EAST],AXIS[""Northing"",NORTH]]",3.0,3.0,993.9,,,,,,,,,
0707_GF3B,GF3B_MH1_FSII_024323_E109.6_N23.2_20260707_L2_HHHV_L20001476793.meta.xml,xml_meta,GF3B,,NULL,,,,,,,,,,,,,,,,,,,
0707_GF3B,GF3B_MH1_FSII_024323_E109.6_N23.2_20260707_L2_HH_L20001476793.tiff,image,,,,,,26790,29148,1,uint16,"PROJCS[""Projection Name = UTMUnits = Meter"",GEOGCS[""WGS 84"",DATUM[""WGS_1984"",SPHEROID[""unnamed"",6378252.30232239,298.262556170899],AUTHORITY[""EPSG"",""6326""]],PRIMEM[""Greenwich"",0],UNIT[""degree"",0.0174532925199433,AUTHORITY[""EPSG"",""9122""]],AUTHORITY[""EPSG"",""4326""]],PROJECTION[""Transverse_Mercator""],PARAMETER[""latitude_of_origin"",23.2485631988805],PARAMETER[""central_meridian"",109.636082498532],PARAMETER[""scale_factor"",0.9996],PARAMETER[""false_easting"",400000],PARAMETER[""false_northing"",100000],UNIT[""metre"",1,AUTHORITY[""EPSG"",""9001""]],AXIS[""Easting"",EAST],AXIS[""Northing"",NORTH]]",5.0,5.0,1562.0,,,,,,,,,
0707_GF3B,GF3B_MH1_FSII_024323_E109.6_N23.2_20260707_L2_HV_L20001476793.tiff,image,,,,,,26790,29148,1,uint16,"PROJCS[""Projection Name = UTMUnits = Meter"",GEOGCS[""WGS 84"",DATUM[""WGS_1984"",SPHEROID[""unnamed"",6378252.30232239,298.262556170899],AUTHORITY[""EPSG"",""6326""]],PRIMEM[""Greenwich"",0],UNIT[""degree"",0.0174532925199433,AUTHORITY[""EPSG"",""9122""]],AUTHORITY[""EPSG"",""4326""]],PROJECTION[""Transverse_Mercator""],PARAMETER[""latitude_of_origin"",23.2485631988805],PARAMETER[""central_meridian"",109.636082498532],PARAMETER[""scale_factor"",0.9996],PARAMETER[""false_easting"",400000],PARAMETER[""false_northing"",100000],UNIT[""metre"",1,AUTHORITY[""EPSG"",""9001""]],AXIS[""Easting"",EAST],AXIS[""Northing"",NORTH]]",5.0,5.0,1562.0,,,,,,,,,
0708_GF1B,GF1B_PMS_E109.2_N23.0_20260709_L1A1228957177-MUX.tiff,image,,,,,,8539,8343,4,uint16,None,1.0,1.0,570.7,,,,,,,,,
0708_GF1B,GF1B_PMS_E109.2_N23.0_20260709_L1A1228957177-MUX.xml,xml_meta,GF1B,PMS,2026-07-09 10:29:54,86,8.0,,,,,,,,,23.229339,108.830978,23.101760,109.570686,22.590421,108.694502,22.462822,109.430689,
0708_GF1B,GF1B_PMS_E109.2_N23.0_20260709_L1A1228957177-PAN.tiff,image,,,,,,34160,33372,1,uint16,None,1.0,1.0,2280.8,,,,,,,,,
0708_GF1B,GF1B_PMS_E109.2_N23.0_20260709_L1A1228957177-PAN.xml,xml_meta,GF1B,PMS,2026-07-09 10:29:54,86,2.0,,,,,,,,,23.206915,108.826180,23.079325,109.565824,22.583118,108.692942,22.455509,109.429152,
0708_GF1B,GF1B_PMS_E109.2_N23.0_20260709_L1A1228957177.xml,xml_meta,GF1B,PMS,2026-07-09 10:29:54,86,8.0,,,,,,,,,23.229339,108.830978,23.101760,109.570686,22.590421,108.694502,22.462822,109.430689,
0708_GF1B,GF1B_PMS_E109.2_N23.0_20260709_L1A1228957177_cld.tif,image,,,,,,840,721,1,uint8,EPSG:4326,0.001,0.001,0.6,,,,,,,,,
0708_GF1B,GF1B_PMS_E109.3_N23.5_20260709_L1A1228957176-MUX.tiff,image,,,,,,8539,8339,4,uint16,None,1.0,1.0,570.5,,,,,,,,,
0708_GF1B,GF1B_PMS_E109.3_N23.5_20260709_L1A1228957176-MUX.xml,xml_meta,GF1B,PMS,2026-07-09 10:29:45,88,8.0,,,,,,,,,23.788395,108.950770,23.660818,109.693663,23.149630,108.813958,23.022050,109.553212,
0708_GF1B,GF1B_PMS_E109.3_N23.5_20260709_L1A1228957176-PAN.tiff,image,,,,,,34160,33356,1,uint16,None,1.0,1.0,2279.7,,,,,,,,,
0708_GF1B,GF1B_PMS_E109.3_N23.5_20260709_L1A1228957176-PAN.xml,xml_meta,GF1B,PMS,2026-07-09 10:29:45,88,2.0,,,,,,,,,23.765991,108.945965,23.638403,109.688790,23.142345,108.812404,23.014755,109.551679,
0708_GF1B,GF1B_PMS_E109.3_N23.5_20260709_L1A1228957176.xml,xml_meta,GF1B,PMS,2026-07-09 10:29:45,88,8.0,,,,,,,,,23.788395,108.950770,23.660818,109.693663,23.149630,108.813958,23.022050,109.553212,
0708_GF1B,GF1B_PMS_E109.3_N23.5_20260709_L1A1228957176_cld.tif,image,,,,,,839,718,1,uint8,EPSG:4326,0.001,0.001,0.6,,,,,,,,,
0708_GF1B,order.xml,xml_meta,GF1B,PMS,,,,,,,,,,,,,,,,,,,,
0709_GF3B_south,GF3B_LJ1_FSII_024359_E109.3_N22.6_20260709_L2_HHHV_L20001480484.meta.xml,xml_meta,GF3B,,NULL,,,,,,,,,,,,,,,,,,,
0709_GF3B_south,GF3B_LJ1_FSII_024359_E109.3_N22.6_20260709_L2_HH_L20001480484.tiff,image,,,,,,28507,31048,1,uint16,"PROJCS[""Projection Name = UTMUnits = Meter"",GEOGCS[""WGS 84"",DATUM[""WGS_1984"",SPHEROID[""unnamed"",6378242.55504608,298.262100364605],AUTHORITY[""EPSG"",""6326""]],PRIMEM[""Greenwich"",0],UNIT[""degree"",0.0174532925199433,AUTHORITY[""EPSG"",""9122""]],AUTHORITY[""EPSG"",""4326""]],PROJECTION[""Transverse_Mercator""],PARAMETER[""latitude_of_origin"",22.5793567077661],PARAMETER[""central_meridian"",109.326110247601],PARAMETER[""scale_factor"",0.9996],PARAMETER[""false_easting"",400000],PARAMETER[""false_northing"",100000],UNIT[""metre"",1,AUTHORITY[""EPSG"",""9001""]],AXIS[""Easting"",EAST],AXIS[""Northing"",NORTH]]",5.0,5.0,1770.4,,,,,,,,,
0709_GF3B_south,GF3B_LJ1_FSII_024359_E109.3_N22.6_20260709_L2_HV_L20001480484.tiff,image,,,,,,28507,31048,1,uint16,"PROJCS[""Projection Name = UTMUnits = Meter"",GEOGCS[""WGS 84"",DATUM[""WGS_1984"",SPHEROID[""unnamed"",6378242.55504608,298.262100364605],AUTHORITY[""EPSG"",""6326""]],PRIMEM[""Greenwich"",0],UNIT[""degree"",0.0174532925199433,AUTHORITY[""EPSG"",""9122""]],AUTHORITY[""EPSG"",""4326""]],PROJECTION[""Transverse_Mercator""],PARAMETER[""latitude_of_origin"",22.5793567077661],PARAMETER[""central_meridian"",109.326110247601],PARAMETER[""scale_factor"",0.9996],PARAMETER[""false_easting"",400000],PARAMETER[""false_northing"",100000],UNIT[""metre"",1,AUTHORITY[""EPSG"",""9001""]],AXIS[""Easting"",EAST],AXIS[""Northing"",NORTH]]",5.0,5.0,1770.4,,,,,,,,,
